Lambda,seed,window_start,Psi_meanI_state,Psi_meanI_state_z,Psi_persistence_I,Psi_persistence_I_z,relative_drift,rho_cv,rho_range_over_mean,mean_rho,Steady_State_Candidate,Lifted_Activation_Candidate,mean_active_state_variance,persistence_std,extinction_degenerate,saturation_degenerate
0.1,42,0,-0.0014,-0.9786,-0.0049,-0.4363,0.0079,0.0558,0.2866,0.1005,False,True,0.0904,0.0304,False,False
0.1,42,25,-0.0005,-0.076,0.0003,0.0693,0.0007,0.0588,0.2871,0.1003,False,True,0.0902,0.0299,False,False
0.1,42,50,0.0004,0.6913,-0.0142,-1.3231,0.0042,0.058,0.3,0.1,False,True,0.09,0.0296,False,False
0.1,42,75,0.0001,0.4036,-0.0061,-0.5907,0.0094,0.0569,0.2983,0.1006,False,True,0.0904,0.0301,False,False
0.1,42,100,-0.0008,-0.4514,-0.0102,-0.9558,0.004,0.064,0.3724,0.0999,False,True,0.0899,0.0296,False,False
0.1,137,0,-0.0004,0.1414,-0.0054,-0.4139,0.0011,0.0636,0.3254,0.1008,False,True,0.0906,0.0311,False,False
0.1,137,25,-0.0003,0.1097,-0.0045,-0.4,0.0509,0.0603,0.3222,0.1005,False,True,0.0904,0.0308,False,False
0.1,137,50,-0.0008,-0.3365,-0.0075,-0.6831,0.0161,0.0589,0.3241,0.1,False,True,0.0899,0.0306,False,False
0.1,137,75,-0.0006,-0.2474,-0.0102,-1.1074,0.0228,0.0519,0.2575,0.0994,False,True,0.0895,0.0303,False,False
0.1,137,100,-0.0008,-0.2521,0.0027,0.2973,0.0492,0.0537,0.2598,0.1001,False,True,0.09,0.0298,False,False
0.1,256,0,0.0001,0.5479,0.0188,1.8982,0.0131,0.0585,0.2759,0.1001,False,True,0.09,0.0301,False,False
0.1,256,25,0.0002,0.7759,0.0063,0.6397,0.017,0.0554,0.2751,0.1003,False,True,0.0902,0.0294,False,False
0.1,256,50,-0.0005,-0.0113,-0.0162,-1.8148,0.0215,0.0531,0.2761,0.0999,False,True,0.0899,0.0295,False,False
0.1,256,75,-0.001,-0.5821,-0.0119,-1.1765,0.0069,0.0526,0.267,0.1004,False,True,0.0903,0.0294,False,False
0.1,256,100,-0.0006,-0.2706,-0.0073,-0.5765,0.0232,0.0558,0.2809,0.0997,False,True,0.0897,0.0294,False,False
0.1,1024,0,-0.0003,0.0671,-0.0036,-0.32,0.0451,0.0567,0.2801,0.1,False,True,0.0899,0.03,False,False
0.1,1024,25,-0.0007,-0.35,0.0006,0.0853,0.0193,0.0578,0.2801,0.1,False,True,0.0899,0.0297,False,False
0.1,1024,50,-0.0004,-0.0355,-0.0182,-1.8537,0.0179,0.0575,0.2746,0.1005,False,True,0.0904,0.0301,False,False
0.1,1024,75,-0.0009,-0.5061,-0.0112,-1.0936,0.0183,0.062,0.2988,0.1004,False,True,0.0903,0.0304,False,False
0.1,1024,100,-0.0006,-0.1883,-0.0082,-0.7952,0.0187,0.0624,0.2998,0.1001,False,True,0.09,0.0296,False,False
0.1,31415,0,-0.0003,0.1447,0.0081,0.9875,0.0194,0.056,0.2688,0.0997,False,True,0.0897,0.0299,False,False
0.1,31415,25,-0.0003,0.2645,0.0032,0.2957,0.0027,0.0566,0.3052,0.0996,False,True,0.0897,0.0302,False,False
0.1,31415,50,-0.0011,-0.5608,-0.0102,-0.9068,0.0147,0.0616,0.3611,0.0997,False,True,0.0897,0.0297,False,False
0.1,31415,75,-0.0004,-0.1188,-0.0103,-0.9874,0.0019,0.0597,0.329,0.0997,False,True,0.0897,0.0297,False,False
0.1,31415,100,-0.0005,-0.1535,0.0008,0.1313,0.0184,0.0627,0.3415,0.0996,False,True,0.0896,0.0297,False,False
0.2,42,0,-0.0011,-0.7648,-0.004,-0.3318,0.0044,0.0344,0.1962,0.1998,True,True,0.1598,0.0398,False,False
0.2,42,25,-0.0006,-0.1062,-0.0056,-0.5701,0.0117,0.0379,0.2044,0.1996,True,True,0.1597,0.0404,False,False
0.2,42,50,-0.0004,-0.0808,-0.0176,-1.7659,0.0073,0.0364,0.179,0.1989,True,True,0.1593,0.0399,False,False
0.2,42,75,-0.0005,-0.0736,0.0032,0.2519,0.0009,0.0356,0.1784,0.1996,True,True,0.1597,0.0405,False,False
0.2,42,100,-0.0008,-0.4213,-0.0008,-0.0065,0.003,0.0406,0.2693,0.199,False,True,0.1593,0.0402,False,False
0.2,137,0,-0.002,-1.5571,-0.0042,-0.3573,0.0085,0.0385,0.2108,0.2012,True,True,0.1606,0.0405,False,False
0.2,137,25,-0.0013,-0.8996,-0.0033,-0.2925,0.0158,0.0378,0.2053,0.2007,True,True,0.1603,0.0405,False,False
0.2,137,50,-0.0013,-0.7805,0.006,0.7151,0.0163,0.039,0.2057,0.2003,True,True,0.1601,0.0411,False,False
0.2,137,75,-0.0016,-1.1338,0.0043,0.4554,0.0197,0.0375,0.1603,0.1996,True,True,0.1597,0.0412,False,False
0.2,137,100,-0.0013,-0.8369,0.0057,0.5838,0.025,0.0363,0.1722,0.1998,True,True,0.1598,0.0403,False,False
0.2,256,0,0.0012,1.7029,0.0043,0.4304,0.0083,0.0386,0.2453,0.2006,True,True,0.1603,0.0402,False,False
0.2,256,25,0.001,1.3824,0.0119,1.1753,0.006,0.0388,0.2447,0.201,True,True,0.1606,0.0388,False,False
0.2,256,50,0.0001,0.4414,0.0056,0.7008,0.0285,0.0378,0.204,0.2,True,True,0.1599,0.0384,False,False
0.2,256,75,-0.0004,-0.0127,-0.0001,0.0268,0.0261,0.0401,0.2039,0.2001,True,True,0.16,0.0392,False,False
0.2,256,100,0.0004,0.8767,-0.0042,-0.3408,0.005,0.0444,0.1964,0.1996,True,True,0.1597,0.0394,False,False
0.2,1024,0,-0.0005,0.0263,-0.003,-0.2688,0.0204,0.042,0.2085,0.1995,True,True,0.1596,0.0403,False,False
0.2,1024,25,-0.0006,-0.3126,-0.0013,-0.0937,0.0115,0.0425,0.2089,0.1991,True,True,0.1594,0.0397,False,False
0.2,1024,50,-0.0013,-0.7054,-0.0086,-0.7346,0.0195,0.0396,0.1816,0.2004,True,True,0.1602,0.0411,False,False
0.2,1024,75,-0.0003,0.1417,0.0047,0.4894,0.0147,0.0392,0.1821,0.1998,True,True,0.1598,0.0407,False,False
0.2,1024,100,-0.0007,-0.2178,-0.0036,-0.3089,0.0137,0.0377,0.1742,0.1997,True,True,0.1598,0.0403,False,False
0.2,31415,0,0.0001,0.7248,0.0149,1.6725,0.0171,0.0396,0.1965,0.1995,True,True,0.1596,0.0403,False,False
0.2,31415,25,0.0003,0.5536,0.0008,0.1158,0.0043,0.0394,0.1965,0.1995,True,True,0.1597,0.0401,False,False
0.2,31415,50,0.0001,0.4104,0.0019,0.2796,0.0023,0.0407,0.196,0.2,True,True,0.1599,0.0402,False,False
0.2,31415,75,0.0006,0.9198,0.0056,0.5168,0.0037,0.0395,0.1943,0.1997,True,True,0.1598,0.0402,False,False
0.2,31415,100,0.0,0.3057,0.0054,0.7062,0.0011,0.0401,0.1948,0.1992,True,True,0.1594,0.0396,False,False
0.3,42,0,-0.0,0.2689,0.012,1.4985,0.0066,0.0279,0.1244,0.2991,True,True,0.2096,0.0458,False,False
0.3,42,25,-0.0002,0.1585,-0.0018,-0.1966,0.0026,0.0287,0.1284,0.2992,True,True,0.2096,0.0464,False,False
0.3,42,50,-0.0005,-0.1328,-0.002,-0.223,0.0202,0.0308,0.1364,0.2991,True,True,0.2096,0.0458,False,False
0.3,42,75,-0.0008,-0.3834,0.0119,1.2262,0.0015,0.031,0.1399,0.3003,True,True,0.21,0.0463,False,False
0.3,42,100,-0.0011,-0.5853,0.0112,1.0921,0.0059,0.0321,0.1815,0.2998,True,True,0.2098,0.0455,False,False
0.3,137,0,-0.002,-1.6306,-0.0009,0.0319,0.0003,0.0282,0.1506,0.3002,True,True,0.21,0.0462,False,False
0.3,137,25,-0.0009,-0.4677,-0.0016,-0.0783,0.0017,0.0287,0.1508,0.2996,True,True,0.2098,0.0462,False,False
0.3,137,50,-0.0008,-0.3265,-0.0081,-0.7083,0.0001,0.0299,0.1507,0.2999,True,True,0.2099,0.0465,False,False
0.3,137,75,-0.0009,-0.5434,-0.0063,-0.7653,0.0061,0.0288,0.1386,0.3001,True,True,0.21,0.0463,False,False
0.3,137,100,-0.0007,-0.2811,-0.0048,-0.3102,0.0168,0.0277,0.1291,0.3004,True,True,0.2101,0.0458,False,False
0.3,256,0,0.0,0.5023,0.0151,1.5822,0.0002,0.0324,0.1658,0.3015,True,True,0.2105,0.0456,False,False
0.3,256,25,-0.0003,0.0079,0.019,1.8778,0.0111,0.033,0.166,0.3012,True,True,0.2104,0.0447,False,False
0.3,256,50,0.0001,0.4391,0.0106,1.0876,0.0284,0.0311,0.1428,0.2996,True,True,0.2098,0.0445,False,False
0.3,256,75,-0.0012,-0.9164,-0.0015,-0.0555,0.019,0.0315,0.1817,0.2995,True,True,0.2097,0.046,False,False
0.3,256,100,-0.0011,-0.5674,-0.0136,-1.3518,0.0029,0.0316,0.1605,0.299,True,True,0.2095,0.0467,False,False
0.3,1024,0,-0.0016,-1.1974,-0.0038,-0.3938,0.006,0.0278,0.1309,0.2994,True,True,0.2097,0.0453,False,False
0.3,1024,25,-0.0011,-0.7058,-0.0079,-0.7877,0.0212,0.0273,0.1311,0.2991,True,True,0.2096,0.0458,False,False
0.3,1024,50,-0.0011,-0.5919,-0.007,-0.7513,0.0099,0.0285,0.1347,0.2998,True,True,0.2099,0.0474,False,False
0.3,1024,75,-0.0008,-0.4046,-0.0038,-0.4621,0.0169,0.0296,0.1416,0.2994,True,True,0.2097,0.0474,False,False
0.3,1024,100,-0.0004,-0.0013,-0.0037,-0.2601,0.018,0.0286,0.1266,0.3002,True,True,0.21,0.0462,False,False
0.3,31415,0,-0.0004,0.0233,0.0155,1.6413,0.0145,0.0288,0.1445,0.299,True,True,0.2095,0.0457,False,False
0.3,31415,25,-0.0003,-0.0129,0.0034,0.4722,0.0036,0.028,0.1414,0.2999,True,True,0.2099,0.0461,False,False
0.3,31415,50,0.0,0.31,-0.005,-0.4128,0.0036,0.0273,0.1415,0.2997,True,True,0.2098,0.0461,False,False
0.3,31415,75,-0.0003,0.0913,-0.0061,-0.5556,0.0025,0.0286,0.1512,0.299,True,True,0.2095,0.0463,False,False
0.3,31415,100,-0.0014,-1.1414,-0.0024,-0.254,0.0037,0.0274,0.151,0.2992,True,True,0.2096,0.0454,False,False
0.4,42,0,0.0002,0.4619,0.0048,0.6205,0.0003,0.0236,0.1272,0.3995,True,True,0.2398,0.0495,False,False
0.4,42,25,0.0004,0.8096,-0.0058,-0.6995,0.0052,0.0235,0.1182,0.3992,True,True,0.2397,0.0495,False,False
0.4,42,50,0.0003,0.7221,0.0053,0.6406,0.0113,0.025,0.1181,0.3995,True,True,0.2398,0.049,False,False
0.4,42,75,0.0008,1.2449,0.0148,1.3163,0.0069,0.0253,0.1179,0.4002,True,True,0.2399,0.0492,False,False
0.4,42,100,0.0004,0.868,0.0078,0.8153,0.0064,0.0244,0.1161,0.3997,True,True,0.2398,0.0492,False,False
0.4,137,0,-0.0005,-0.2056,0.0012,0.2155,0.0036,0.0243,0.111,0.4,True,True,0.2399,0.0497,False,False
0.4,137,25,-0.0008,-0.3733,-0.0054,-0.4568,0.0016,0.0241,0.105,0.3998,True,True,0.2399,0.0501,False,False
0.4,137,50,-0.0007,-0.3059,0.0118,1.2808,0.0006,0.0233,0.114,0.3998,True,True,0.2399,0.0495,False,False
0.4,137,75,-0.0016,-1.2516,0.0016,0.0877,0.0062,0.0223,0.11,0.4002,True,True,0.24,0.0488,False,False
0.4,137,100,-0.0016,-1.1436,0.0032,0.3907,0.0151,0.0203,0.1109,0.4005,True,True,0.24,0.0486,False,False
0.4,256,0,-0.0007,-0.2169,0.002,0.235,0.0055,0.0246,0.1394,0.4016,True,True,0.2402,0.0472,False,False
0.4,256,25,-0.0008,-0.5775,0.0057,0.5558,0.0075,0.0236,0.1396,0.4013,True,True,0.2402,0.0468,False,False
0.4,256,50,0.0003,0.6599,0.0198,1.9588,0.0241,0.0221,0.131,0.4001,True,True,0.2399,0.0471,False,False
0.4,256,75,-0.0004,-0.0262,0.0019,0.2565,0.0186,0.0225,0.1372,0.3994,True,True,0.2398,0.0484,False,False
0.4,256,100,-0.0005,-0.1041,-0.0013,-0.1662,0.0067,0.0237,0.1363,0.399,True,True,0.2397,0.0497,False,False
0.4,1024,0,-0.0006,-0.2223,0.0096,0.9545,0.0046,0.0213,0.0951,0.3996,True,True,0.2399,0.0483,False,False
0.4,1024,25,-0.0001,0.2925,0.0023,0.1764,0.0128,0.0226,0.1071,0.3995,True,True,0.2398,0.0498,False,False
0.4,1024,50,-0.0013,-0.616,-0.0064,-0.7775,0.0055,0.0229,0.1071,0.3998,True,True,0.2399,0.0504,False,False
0.4,1024,75,-0.0011,-0.7704,-0.0009,-0.078,0.0168,0.0246,0.1211,0.3998,True,True,0.2399,0.0502,False,False
0.4,1024,100,-0.0012,-0.7622,0.0046,0.5415,0.011,0.0246,0.1197,0.4011,True,True,0.2401,0.0494,False,False
0.4,31415,0,-0.0006,-0.2647,0.0078,0.8398,0.0119,0.0228,0.1246,0.3981,True,True,0.2395,0.0487,False,False
0.4,31415,25,0.0,0.3236,-0.0009,0.0639,0.0034,0.0221,0.1032,0.3991,True,True,0.2397,0.0493,False,False
0.4,31415,50,0.0004,0.7759,-0.0129,-1.0584,0.0055,0.0212,0.1013,0.399,True,True,0.2397,0.0492,False,False
0.4,31415,75,0.0002,0.5565,-0.0118,-1.046,0.001,0.0209,0.1013,0.3987,True,True,0.2397,0.0491,False,False
0.4,31415,100,-0.0002,0.156,-0.0115,-1.1487,0.0033,0.0216,0.1043,0.3988,True,True,0.2397,0.0484,False,False
0.5,42,0,0.0012,1.7602,0.0043,0.3922,0.0008,0.0185,0.089,0.4991,True,True,0.2499,0.0498,False,False
0.5,42,25,0.0016,2.0631,0.0059,0.5634,0.0037,0.0178,0.089,0.4988,True,True,0.2499,0.0496,False,False
0.5,42,50,0.0013,1.7169,0.0083,0.9989,0.0087,0.0186,0.0873,0.4994,True,True,0.2499,0.0498,False,False
0.5,42,75,0.0009,1.2398,0.0159,1.4715,0.0048,0.0191,0.0872,0.5001,True,True,0.2499,0.0498,False,False
0.5,42,100,-0.0005,0.0452,0.0001,0.037,0.0098,0.0191,0.0874,0.4991,True,True,0.2499,0.0498,False,False
0.5,137,0,-0.0001,0.1087,0.0082,0.8684,0.0004,0.0204,0.1025,0.4994,True,True,0.2499,0.0502,False,False
0.5,137,25,0.0002,0.7948,0.0042,0.5453,0.0046,0.0207,0.1025,0.4996,True,True,0.2499,0.0504,False,False
0.5,137,50,-0.0,0.2365,0.0109,1.1837,0.0024,0.0198,0.1025,0.4994,True,True,0.2499,0.0501,False,False
0.5,137,75,-0.0016,-1.2049,0.0124,1.2038,0.002,0.0192,0.1104,0.4998,True,True,0.2499,0.0495,False,False
0.5,137,100,-0.0014,-0.9549,0.0174,1.8298,0.0073,0.0173,0.1,0.5002,True,True,0.2499,0.049,False,False
0.5,256,0,-0.0008,-0.4863,-0.0061,-0.6717,0.0042,0.0198,0.0925,0.5015,True,True,0.2499,0.0483,False,False
0.5,256,25,-0.001,-0.7211,0.0032,0.3379,0.0076,0.0197,0.0974,0.5008,True,True,0.2499,0.049,False,False
0.5,256,50,-0.0001,0.2238,0.0134,1.3545,0.0139,0.0191,0.0904,0.5001,True,True,0.2499,0.0495,False,False
0.5,256,75,-0.0006,-0.1924,-0.0029,-0.3204,0.011,0.0204,0.1177,0.4994,True,True,0.2499,0.0495,False,False
0.5,256,100,-0.0006,-0.1506,-0.0104,-1.0847,0.0099,0.0222,0.1329,0.4995,True,True,0.2499,0.0503,False,False
0.5,1024,0,-0.0001,0.188,0.0168,1.62,0.0058,0.0172,0.0727,0.5003,True,True,0.2499,0.0494,False,False
0.5,1024,25,0.0,0.4384,0.0141,1.4713,0.0115,0.0175,0.08,0.5001,True,True,0.2499,0.0507,False,False
0.5,1024,50,-0.0008,-0.2655,0.0071,0.6665,0.0056,0.0174,0.0784,0.5002,True,True,0.2499,0.0519,False,False
0.5,1024,75,-0.0013,-0.9303,0.0175,1.7975,0.0071,0.0185,0.0881,0.4995,True,True,0.2499,0.0515,False,False
0.5,1024,100,-0.0013,-0.9006,0.0145,1.5635,0.0045,0.02,0.1046,0.5008,True,True,0.2499,0.0502,False,False
0.5,31415,0,-0.0022,-1.8242,-0.0036,-0.3443,0.0099,0.0204,0.106,0.498,True,True,0.2499,0.0496,False,False
0.5,31415,25,-0.0011,-0.7669,-0.0114,-1.1304,0.0103,0.0208,0.1034,0.4991,True,True,0.2499,0.0497,False,False
0.5,31415,50,-0.0011,-0.5919,-0.0134,-1.1759,0.0032,0.0203,0.1033,0.4997,True,True,0.2499,0.0501,False,False
0.5,31415,75,-0.0008,-0.3818,-0.0206,-1.9363,0.0031,0.0201,0.1032,0.4999,True,True,0.2499,0.0506,False,False
0.5,31415,100,-0.0005,-0.0915,-0.0111,-1.1269,0.0002,0.019,0.1032,0.5,True,True,0.2499,0.0505,False,False
