run_id,base_sign,kappa,target_d,alpha,seed,window_start,Psi_meanI_state,Psi_meanI_state_z,Psi_persistence_I,Psi_persistence_I_z,relative_drift,rho_cv,rho_range_over_mean,mean_rho,Steady_State_Candidate,Lifted_Activation_Candidate,mean_active_state_variance,persistence_std,extinction_degenerate,saturation_degenerate,LowLow_Nondegenerate_Candidate
R_E_kp0_7599_ap0_0000_s42,+,0.7599,0.0,0.0,42,0,0.0054,6.0887,0.0644,5.8102,0.0199,0.0379,0.3243,0.37,False,True,0.2329,0.0526,False,False,False
R_E_kp0_7599_ap0_0000_s42,+,0.7599,0.0,0.0,42,25,0.0052,5.4806,0.0562,5.8005,0.0001,0.0244,0.1324,0.3716,True,True,0.2334,0.0519,False,False,False
R_E_kp0_7599_ap0_0000_s42,+,0.7599,0.0,0.0,42,50,0.0059,6.6995,0.0546,5.3778,0.0158,0.0257,0.144,0.3723,True,True,0.2336,0.0513,False,False,False
R_E_kp0_7599_ap0_0000_s42,+,0.7599,0.0,0.0,42,75,0.0051,6.1175,0.0456,4.6658,0.0032,0.0256,0.131,0.3725,True,True,0.2336,0.0506,False,False,False
R_E_kp0_7599_ap0_0000_s42,+,0.7599,0.0,0.0,42,100,0.005,5.1982,0.0478,4.8314,0.0085,0.0286,0.1322,0.3722,True,True,0.2336,0.051,False,False,False
R_E_kp0_7599_ap0_0000_s42,+,0.7599,0.0,0.0,42,125,0.0038,4.0369,0.0587,5.607,0.0156,0.028,0.1323,0.3719,True,True,0.2335,0.0515,False,False,False
R_E_kp0_7599_ap0_0000_s42,+,0.7599,0.0,0.0,42,150,0.004,4.168,0.065,6.7159,0.0041,0.0289,0.1626,0.3714,True,True,0.2333,0.0508,False,False,False
R_E_kp0_7599_ap0_0000_s42,+,0.7599,0.0,0.0,42,175,0.0042,4.4388,0.0756,7.3438,0.0129,0.0285,0.1623,0.3722,True,True,0.2336,0.0515,False,False,False
R_E_kp0_7599_ap0_0000_s42,+,0.7599,0.0,0.0,42,200,0.0045,4.7448,0.0655,6.9326,0.001,0.0267,0.1463,0.3718,True,True,0.2335,0.0515,False,False,False
R_E_kp0_7599_ap0_0000_s42,+,0.7599,0.0,0.0,42,225,0.005,5.6794,0.0803,8.7307,0.0014,0.0264,0.1459,0.3729,True,True,0.2338,0.0513,False,False,False
R_E_kp0_7599_ap0_0000_s42,+,0.7599,0.0,0.0,42,250,0.0034,3.9525,0.0529,5.312,0.0009,0.026,0.1288,0.3728,True,True,0.2337,0.0516,False,False,False
R_E_kp0_7599_ap0_0000_s42,+,0.7599,0.0,0.0,42,275,0.0034,3.8077,0.0373,3.8187,0.0039,0.0261,0.1259,0.3718,True,True,0.2335,0.0501,False,False,False
R_E_kp0_7599_ap0_0000_s42,+,0.7599,0.0,0.0,42,300,0.0023,2.8382,0.0575,5.665,0.011,0.0265,0.1341,0.3728,True,True,0.2337,0.0498,False,False,False
R_E_kp0_7599_ap0_0000_s137,+,0.7599,0.0,0.0,137,0,0.0054,6.0346,0.0497,5.2078,0.0165,0.0361,0.3123,0.3714,False,True,0.2333,0.051,False,False,False
R_E_kp0_7599_ap0_0000_s137,+,0.7599,0.0,0.0,137,25,0.0052,4.9598,0.0619,6.1687,0.0014,0.0248,0.1172,0.372,True,True,0.2335,0.0508,False,False,False
R_E_kp0_7599_ap0_0000_s137,+,0.7599,0.0,0.0,137,50,0.0071,7.5181,0.0653,6.3041,0.0057,0.026,0.1184,0.3715,True,True,0.2334,0.0515,False,False,False
R_E_kp0_7599_ap0_0000_s137,+,0.7599,0.0,0.0,137,75,0.0073,7.1737,0.0672,6.5449,0.008,0.0267,0.1185,0.3714,True,True,0.2334,0.0504,False,False,False
R_E_kp0_7599_ap0_0000_s137,+,0.7599,0.0,0.0,137,100,0.0066,6.5829,0.0678,6.5831,0.0134,0.0257,0.1184,0.3716,True,True,0.2334,0.051,False,False,False
R_E_kp0_7599_ap0_0000_s137,+,0.7599,0.0,0.0,137,125,0.0062,7.1902,0.073,6.5624,0.0018,0.0242,0.1067,0.3711,True,True,0.2333,0.0505,False,False,False
R_E_kp0_7599_ap0_0000_s137,+,0.7599,0.0,0.0,137,150,0.0062,6.8146,0.0652,7.1052,0.0058,0.0219,0.1014,0.371,True,True,0.2333,0.0509,False,False,False
R_E_kp0_7599_ap0_0000_s137,+,0.7599,0.0,0.0,137,175,0.0052,4.9709,0.068,7.3571,0.0036,0.0205,0.0884,0.3712,True,True,0.2333,0.0514,False,False,False
R_E_kp0_7599_ap0_0000_s137,+,0.7599,0.0,0.0,137,200,0.0056,6.7167,0.0835,8.0046,0.012,0.0237,0.1209,0.3705,True,True,0.2331,0.0509,False,False,False
R_E_kp0_7599_ap0_0000_s137,+,0.7599,0.0,0.0,137,225,0.0057,6.6213,0.0875,9.4554,0.0099,0.0225,0.1207,0.3713,True,True,0.2334,0.0508,False,False,False
R_E_kp0_7599_ap0_0000_s137,+,0.7599,0.0,0.0,137,250,0.0052,5.4536,0.0469,4.8938,0.0011,0.0235,0.1206,0.3714,True,True,0.2334,0.0507,False,False,False
R_E_kp0_7599_ap0_0000_s137,+,0.7599,0.0,0.0,137,275,0.0062,6.538,0.0414,4.3348,0.0083,0.0236,0.1205,0.3718,True,True,0.2335,0.0515,False,False,False
R_E_kp0_7599_ap0_0000_s137,+,0.7599,0.0,0.0,137,300,0.0065,6.9812,0.0534,5.8586,0.0015,0.0209,0.1,0.3718,True,True,0.2335,0.0506,False,False,False
R_E_kp0_7599_ap0_0000_s256,+,0.7599,0.0,0.0,256,0,0.0056,5.6531,0.0726,7.1566,0.0277,0.0395,0.3242,0.3726,False,True,0.2336,0.0502,False,False,False
R_E_kp0_7599_ap0_0000_s256,+,0.7599,0.0,0.0,256,25,0.0053,5.5463,0.075,7.1692,0.0132,0.0286,0.1371,0.3735,True,True,0.2339,0.0492,False,False,False
R_E_kp0_7599_ap0_0000_s256,+,0.7599,0.0,0.0,256,50,0.0053,5.5106,0.081,8.443,0.0342,0.0271,0.128,0.3719,True,True,0.2335,0.0488,False,False,False
R_E_kp0_7599_ap0_0000_s256,+,0.7599,0.0,0.0,256,75,0.0044,4.9873,0.0543,5.5204,0.0182,0.0288,0.1315,0.3712,True,True,0.2333,0.0498,False,False,False
R_E_kp0_7599_ap0_0000_s256,+,0.7599,0.0,0.0,256,100,0.0041,4.2253,0.0518,5.2063,0.0077,0.0288,0.1337,0.371,True,True,0.2333,0.0511,False,False,False
R_E_kp0_7599_ap0_0000_s256,+,0.7599,0.0,0.0,256,125,0.0043,5.0602,0.0401,4.3888,0.0145,0.0281,0.1487,0.3713,True,True,0.2333,0.051,False,False,False
R_E_kp0_7599_ap0_0000_s256,+,0.7599,0.0,0.0,256,150,0.0044,4.7682,0.0734,7.6581,0.0042,0.0286,0.148,0.373,True,True,0.2338,0.0516,False,False,False
R_E_kp0_7599_ap0_0000_s256,+,0.7599,0.0,0.0,256,175,0.0057,6.0568,0.0715,7.3341,0.0137,0.0272,0.1353,0.3726,True,True,0.2337,0.0509,False,False,False
R_E_kp0_7599_ap0_0000_s256,+,0.7599,0.0,0.0,256,200,0.0053,5.7075,0.0616,6.3197,0.0101,0.0258,0.1356,0.3718,True,True,0.2335,0.0509,False,False,False
R_E_kp0_7599_ap0_0000_s256,+,0.7599,0.0,0.0,256,225,0.0042,4.5825,0.0621,6.3442,0.0084,0.0254,0.1205,0.3717,True,True,0.2335,0.0504,False,False,False
R_E_kp0_7599_ap0_0000_s256,+,0.7599,0.0,0.0,256,250,0.0058,6.1755,0.0532,5.1523,0.0104,0.0245,0.1254,0.37,True,True,0.233,0.0512,False,False,False
R_E_kp0_7599_ap0_0000_s256,+,0.7599,0.0,0.0,256,275,0.0048,5.283,0.0728,7.093,0.0012,0.0248,0.122,0.3704,True,True,0.2331,0.0514,False,False,False
R_E_kp0_7599_ap0_0000_s256,+,0.7599,0.0,0.0,256,300,0.005,5.487,0.0671,6.4765,0.0109,0.0243,0.1284,0.3708,True,True,0.2332,0.0509,False,False,False
R_E_kp0_7599_ap0_0000_s1024,+,0.7599,0.0,0.0,1024,0,0.0049,6.189,0.0745,7.2741,0.0102,0.0338,0.3084,0.3697,False,True,0.2329,0.0506,False,False,False
R_E_kp0_7599_ap0_0000_s1024,+,0.7599,0.0,0.0,1024,25,0.0055,5.8845,0.0585,5.9181,0.0017,0.0229,0.1252,0.3705,True,True,0.2331,0.0504,False,False,False
R_E_kp0_7599_ap0_0000_s1024,+,0.7599,0.0,0.0,1024,50,0.0054,5.8257,0.0568,5.9114,0.0185,0.0223,0.1251,0.3708,True,True,0.2332,0.051,False,False,False
R_E_kp0_7599_ap0_0000_s1024,+,0.7599,0.0,0.0,1024,75,0.005,5.5811,0.0581,5.6323,0.0207,0.0253,0.1373,0.3728,True,True,0.2337,0.0504,False,False,False
R_E_kp0_7599_ap0_0000_s1024,+,0.7599,0.0,0.0,1024,100,0.0051,6.1856,0.0489,4.3164,0.0046,0.0264,0.1449,0.3727,True,True,0.2337,0.0513,False,False,False
R_E_kp0_7599_ap0_0000_s1024,+,0.7599,0.0,0.0,1024,125,0.005,5.0936,0.0809,7.9426,0.0291,0.028,0.1494,0.3721,True,True,0.2335,0.0513,False,False,False
R_E_kp0_7599_ap0_0000_s1024,+,0.7599,0.0,0.0,1024,150,0.005,5.7503,0.0893,8.9233,0.0193,0.0285,0.1495,0.372,True,True,0.2335,0.0514,False,False,False
R_E_kp0_7599_ap0_0000_s1024,+,0.7599,0.0,0.0,1024,175,0.0054,5.8218,0.0768,7.8115,0.0005,0.0263,0.1252,0.3705,True,True,0.2331,0.0506,False,False,False
R_E_kp0_7599_ap0_0000_s1024,+,0.7599,0.0,0.0,1024,200,0.0052,5.388,0.0816,8.3021,0.001,0.025,0.1251,0.3708,True,True,0.2332,0.052,False,False,False
R_E_kp0_7599_ap0_0000_s1024,+,0.7599,0.0,0.0,1024,225,0.0047,4.825,0.0649,7.2072,0.0074,0.0234,0.1249,0.3716,True,True,0.2334,0.0514,False,False,False
R_E_kp0_7599_ap0_0000_s1024,+,0.7599,0.0,0.0,1024,250,0.0049,5.2353,0.0581,5.5425,0.0057,0.0239,0.1248,0.3717,True,True,0.2335,0.0517,False,False,False
R_E_kp0_7599_ap0_0000_s1024,+,0.7599,0.0,0.0,1024,275,0.0051,6.2109,0.0631,6.4901,0.0122,0.0247,0.119,0.3731,True,True,0.2338,0.0511,False,False,False
R_E_kp0_7599_ap0_0000_s1024,+,0.7599,0.0,0.0,1024,300,0.005,5.6856,0.0674,6.5213,0.0014,0.0257,0.119,0.3731,True,True,0.2338,0.0519,False,False,False
R_E_kp0_7599_ap0_0000_s31415,+,0.7599,0.0,0.0,31415,0,0.0049,5.3335,0.0711,6.9897,0.0375,0.0378,0.3221,0.3689,False,True,0.2326,0.0496,False,False,False
R_E_kp0_7599_ap0_0000_s31415,+,0.7599,0.0,0.0,31415,25,0.0052,5.6648,0.0645,7.0652,0.0008,0.0259,0.1369,0.3711,True,True,0.2333,0.0506,False,False,False
R_E_kp0_7599_ap0_0000_s31415,+,0.7599,0.0,0.0,31415,50,0.0053,5.9248,0.0516,5.2364,0.0014,0.0258,0.1367,0.3717,True,True,0.2334,0.0509,False,False,False
R_E_kp0_7599_ap0_0000_s31415,+,0.7599,0.0,0.0,31415,75,0.0051,5.5275,0.0566,6.3673,0.0,0.0249,0.1164,0.3711,True,True,0.2333,0.0509,False,False,False
R_E_kp0_7599_ap0_0000_s31415,+,0.7599,0.0,0.0,31415,100,0.0044,4.8915,0.0571,5.5795,0.0036,0.0254,0.1164,0.371,True,True,0.2333,0.0501,False,False,False
R_E_kp0_7599_ap0_0000_s31415,+,0.7599,0.0,0.0,31415,125,0.0051,5.6821,0.0625,6.6828,0.0034,0.0256,0.1175,0.3711,True,True,0.2333,0.0508,False,False,False
R_E_kp0_7599_ap0_0000_s31415,+,0.7599,0.0,0.0,31415,150,0.0044,5.6086,0.0575,5.4713,0.005,0.0255,0.1178,0.3702,True,True,0.2331,0.05,False,False,False
R_E_kp0_7599_ap0_0000_s31415,+,0.7599,0.0,0.0,31415,175,0.005,5.3158,0.0581,5.6442,0.0017,0.0275,0.1575,0.3708,True,True,0.2332,0.0509,False,False,False
R_E_kp0_7599_ap0_0000_s31415,+,0.7599,0.0,0.0,31415,200,0.0067,7.1658,0.0486,4.9656,0.0025,0.0271,0.1577,0.3703,True,True,0.2331,0.0504,False,False,False
R_E_kp0_7599_ap0_0000_s31415,+,0.7599,0.0,0.0,31415,225,0.0058,6.2939,0.0467,4.7401,0.009,0.0265,0.1575,0.3708,True,True,0.2332,0.0493,False,False,False
R_E_kp0_7599_ap0_0000_s31415,+,0.7599,0.0,0.0,31415,250,0.005,5.2069,0.063,6.6438,0.0058,0.0285,0.1656,0.372,True,True,0.2335,0.0502,False,False,False
R_E_kp0_7599_ap0_0000_s31415,+,0.7599,0.0,0.0,31415,275,0.0046,4.8689,0.0533,5.5118,0.003,0.0268,0.1658,0.3714,True,True,0.2334,0.0506,False,False,False
R_E_kp0_7599_ap0_0000_s31415,+,0.7599,0.0,0.0,31415,300,0.0039,4.5329,0.0642,6.1316,0.0123,0.0269,0.1424,0.3737,True,True,0.2339,0.051,False,False,False
R_E_kp0_7599_ap0_0518_s42,+,0.7599,0.0125,0.0518,42,0,0.0077,8.5757,0.0689,6.6546,1.3335,0.435,1.2447,0.2661,False,True,0.1819,0.0495,False,False,False
R_E_kp0_7599_ap0_0518_s42,+,0.7599,0.0125,0.0518,42,25,0.0063,7.2187,0.062,6.369,2.6595,0.805,2.0473,0.1755,False,True,0.1247,0.0427,False,False,False
R_E_kp0_7599_ap0_0518_s42,+,0.7599,0.0125,0.0518,42,50,0.0052,6.9306,0.0682,7.2662,3.8358,1.2679,3.2854,0.0885,False,True,0.0681,0.0335,False,False,False
R_E_kp0_7599_ap0_0518_s42,+,0.7599,0.0125,0.0518,42,75,0.0023,3.7088,0.014,1.2795,4.4803,1.7157,7.8758,0.02,False,False,0.0184,0.0195,True,False,False
R_E_kp0_7599_ap0_0518_s42,+,0.7599,0.0125,0.0518,42,100,0.0002,0.858,0.01,1.1179,3.874,3.2104,30.3738,0.0009,False,False,0.0008,0.0041,True,True,False
R_E_kp0_7599_ap0_0518_s42,+,0.7599,0.0125,0.0518,42,125,-0.0002,-0.2855,-0.0033,-0.1901,1.1263,1.2895,3.8461,0.0002,False,False,0.0002,0.002,True,True,False
R_E_kp0_7599_ap0_0518_s42,+,0.7599,0.0125,0.0518,42,150,-0.0002,-0.2176,0.0231,1.9189,0.6681,1.2247,3.3333,0.0002,False,False,0.0002,0.0023,True,True,False
R_E_kp0_7599_ap0_0518_s42,+,0.7599,0.0125,0.0518,42,175,-0.0002,-0.2033,0.0285,3.4035,0.3377,1.4273,5.8823,0.0002,False,False,0.0002,0.002,True,True,False
R_E_kp0_7599_ap0_0518_s42,+,0.7599,0.0125,0.0518,42,200,-0.0002,-0.2727,0.0187,1.7296,0.274,1.291,5.0,0.0002,False,False,0.0002,0.0023,True,True,False
R_E_kp0_7599_ap0_0518_s42,+,0.7599,0.0125,0.0518,42,225,-0.0003,-0.2431,0.0028,0.4223,0.085,1.095,4.1667,0.0003,False,False,0.0003,0.0025,True,True,False
R_E_kp0_7599_ap0_0518_s42,+,0.7599,0.0125,0.0518,42,250,-0.0002,-0.1895,-0.0016,-0.1083,0.1067,1.2942,5.5555,0.0002,False,False,0.0002,0.002,True,True,False
R_E_kp0_7599_ap0_0518_s42,+,0.7599,0.0125,0.0518,42,275,-0.0002,-0.1763,0.0135,1.5669,0.8851,1.1661,3.5714,0.0002,False,False,0.0002,0.0021,True,True,False
R_E_kp0_7599_ap0_0518_s42,+,0.7599,0.0125,0.0518,42,300,-0.0002,0.0,0.0127,1.4458,0.8771,1.2926,4.2553,0.0002,False,False,0.0002,0.0019,True,True,False
R_E_kp0_7599_ap0_0518_s137,+,0.7599,0.0125,0.0518,137,0,0.0084,9.583,0.0439,4.5457,0.5217,0.1803,0.5281,0.3234,False,True,0.2154,0.0522,False,False,False
R_E_kp0_7599_ap0_0518_s137,+,0.7599,0.0125,0.0518,137,25,0.007,6.8044,0.034,3.8289,1.7303,0.5428,1.5253,0.2394,False,True,0.1652,0.0463,False,False,False
R_E_kp0_7599_ap0_0518_s137,+,0.7599,0.0125,0.0518,137,50,0.0066,7.2364,0.0452,4.592,3.0322,0.9275,2.3864,0.1492,False,True,0.1078,0.04,False,False,False
R_E_kp0_7599_ap0_0518_s137,+,0.7599,0.0125,0.0518,137,75,0.0042,5.8791,0.0404,4.2813,4.1399,1.4516,3.8781,0.0655,False,True,0.0522,0.0301,False,False,False
R_E_kp0_7599_ap0_0518_s137,+,0.7599,0.0125,0.0518,137,100,0.0002,0.7271,-0.0069,-0.6932,4.5937,1.9072,12.0874,0.0086,False,False,0.0083,0.0135,True,False,False
R_E_kp0_7599_ap0_0518_s137,+,0.7599,0.0125,0.0518,137,125,-0.0003,-0.3126,-0.0031,-0.3051,2.6311,2.804,25.4237,0.0005,False,False,0.0005,0.0033,True,True,False
R_E_kp0_7599_ap0_0518_s137,+,0.7599,0.0125,0.0518,137,150,-0.0003,-0.279,0.0276,2.8164,1.2528,1.2163,4.5454,0.0003,False,False,0.0003,0.0029,True,True,False
R_E_kp0_7599_ap0_0518_s137,+,0.7599,0.0125,0.0518,137,175,-0.0003,-0.299,-0.0045,-0.4528,0.6364,1.1493,4.2253,0.0003,False,False,0.0003,0.003,True,True,False
R_E_kp0_7599_ap0_0518_s137,+,0.7599,0.0125,0.0518,137,200,-0.0003,-0.2131,-0.0045,-0.488,0.7801,1.0963,4.2253,0.0003,False,False,0.0003,0.003,True,True,False
R_E_kp0_7599_ap0_0518_s137,+,0.7599,0.0125,0.0518,137,225,-0.0003,-0.1432,-0.0038,-0.3212,1.0887,1.0918,4.7619,0.0003,False,False,0.0003,0.0025,True,True,False
R_E_kp0_7599_ap0_0518_s137,+,0.7599,0.0125,0.0518,137,250,-0.0002,-0.1763,-0.0005,0.0842,0.1863,1.1704,3.5088,0.0002,False,False,0.0002,0.0021,True,True,False
R_E_kp0_7599_ap0_0518_s137,+,0.7599,0.0125,0.0518,137,275,-0.0002,-0.1909,-0.0114,-1.0067,0.8289,1.1519,3.3898,0.0002,False,False,0.0002,0.0022,True,True,False
R_E_kp0_7599_ap0_0518_s137,+,0.7599,0.0125,0.0518,137,300,-0.0003,-0.1823,-0.0057,-0.478,0.4928,1.1383,4.5454,0.0003,False,False,0.0003,0.0023,True,True,False
R_E_kp0_7599_ap0_0518_s256,+,0.7599,0.0125,0.0518,256,0,0.0073,7.8291,0.07,6.7988,0.8114,0.2755,0.8336,0.3013,False,True,0.2036,0.0507,False,False,False
R_E_kp0_7599_ap0_0518_s256,+,0.7599,0.0125,0.0518,256,25,0.0049,5.2718,0.0605,5.6398,2.1185,0.6442,1.7617,0.2125,False,True,0.1486,0.0446,False,False,False
R_E_kp0_7599_ap0_0518_s256,+,0.7599,0.0125,0.0518,256,50,0.0039,4.8589,0.0572,5.4766,3.387,1.0501,2.7537,0.1233,False,True,0.0913,0.0374,False,False,False
R_E_kp0_7599_ap0_0518_s256,+,0.7599,0.0125,0.0518,256,75,0.0019,2.9501,0.0395,3.7995,4.3651,1.5938,5.4868,0.0443,False,False,0.0373,0.0259,True,False,False
R_E_kp0_7599_ap0_0518_s256,+,0.7599,0.0125,0.0518,256,100,-0.0006,-0.5156,-0.0107,-1.0164,4.7248,2.7803,23.5732,0.0032,False,False,0.0031,0.0086,True,False,False
R_E_kp0_7599_ap0_0518_s256,+,0.7599,0.0125,0.0518,256,125,-0.0002,-0.375,-0.0054,-0.5097,0.7573,1.7099,10.3448,0.0002,False,False,0.0002,0.0021,True,True,False
R_E_kp0_7599_ap0_0518_s256,+,0.7599,0.0125,0.0518,256,150,-0.0002,-0.1735,-0.0056,-0.5893,0.6686,1.7874,7.1428,0.0002,False,False,0.0002,0.0018,True,True,False
R_E_kp0_7599_ap0_0518_s256,+,0.7599,0.0125,0.0518,256,175,-0.0002,-0.1737,-0.0086,-0.8811,0.2793,1.6199,5.7692,0.0002,False,False,0.0002,0.002,True,True,False
R_E_kp0_7599_ap0_0518_s256,+,0.7599,0.0125,0.0518,256,200,-0.0002,-0.2904,-0.0086,-0.9549,0.9916,1.4401,5.0847,0.0002,False,False,0.0002,0.0023,True,True,False
R_E_kp0_7599_ap0_0518_s256,+,0.7599,0.0125,0.0518,256,225,-0.0002,-0.2806,-0.0083,-0.7669,0.4771,1.389,4.918,0.0002,False,False,0.0002,0.0024,True,True,False
R_E_kp0_7599_ap0_0518_s256,+,0.7599,0.0125,0.0518,256,250,-0.0003,-0.3534,-0.0102,-0.9776,0.1209,1.2644,4.2253,0.0003,False,False,0.0003,0.0026,True,True,False
R_E_kp0_7599_ap0_0518_s256,+,0.7599,0.0125,0.0518,256,275,-0.0003,-0.2131,-0.011,-1.0826,0.1249,1.2476,4.054,0.0003,False,False,0.0003,0.0027,True,True,False
R_E_kp0_7599_ap0_0518_s256,+,0.7599,0.0125,0.0518,256,300,-0.0002,-0.2254,-0.0097,-0.9744,0.6063,1.4045,5.1724,0.0002,False,False,0.0002,0.0024,True,True,False
R_E_kp0_7599_ap0_0518_s1024,+,0.7599,0.0125,0.0518,1024,0,0.0066,7.2586,0.0691,7.2323,0.8898,0.3001,0.893,0.2961,False,True,0.2005,0.0511,False,False,False
R_E_kp0_7599_ap0_0518_s1024,+,0.7599,0.0125,0.0518,1024,25,0.0058,6.6952,0.0677,7.0389,2.2054,0.6705,1.7892,0.2063,False,True,0.1446,0.0455,False,False,False
R_E_kp0_7599_ap0_0518_s1024,+,0.7599,0.0125,0.0518,1024,50,0.0046,5.7548,0.0646,6.4235,3.4456,1.0824,2.8098,0.1172,False,True,0.0874,0.0378,False,False,False
R_E_kp0_7599_ap0_0518_s1024,+,0.7599,0.0125,0.0518,1024,75,0.0023,3.4285,0.0378,4.0783,4.3374,1.6109,5.1619,0.0395,False,False,0.0339,0.026,True,False,False
R_E_kp0_7599_ap0_0518_s1024,+,0.7599,0.0125,0.0518,1024,100,-0.0001,0.3342,0.0023,0.2828,4.371,2.7037,24.183,0.0024,False,False,0.0024,0.0075,True,False,False
R_E_kp0_7599_ap0_0518_s1024,+,0.7599,0.0125,0.0518,1024,125,-0.0003,-0.3922,0.0144,1.4139,0.8628,1.1795,5.7471,0.0003,False,False,0.0003,0.0031,True,True,False
R_E_kp0_7599_ap0_0518_s1024,+,0.7599,0.0125,0.0518,1024,150,-0.0003,-0.3836,0.0003,0.0781,0.48,1.218,5.4054,0.0003,False,False,0.0003,0.0027,True,True,False
R_E_kp0_7599_ap0_0518_s1024,+,0.7599,0.0125,0.0518,1024,175,-0.0002,-0.2151,-0.0061,-0.5187,0.9386,1.4482,5.6604,0.0002,False,False,0.0002,0.002,True,True,False
R_E_kp0_7599_ap0_0518_s1024,+,0.7599,0.0125,0.0518,1024,200,-0.0002,-0.2131,-0.0056,-0.5656,1.6965,1.6489,6.8181,0.0002,False,False,0.0002,0.0019,True,True,False
R_E_kp0_7599_ap0_0518_s1024,+,0.7599,0.0125,0.0518,1024,225,-0.0002,-0.2799,-0.0044,-0.4106,1.2538,1.6318,8.7719,0.0002,False,False,0.0002,0.0022,True,True,False
R_E_kp0_7599_ap0_0518_s1024,+,0.7599,0.0125,0.0518,1024,250,-0.0002,-0.2708,0.0003,-0.0157,1.5656,1.572,9.0909,0.0002,False,False,0.0002,0.0022,True,True,False
R_E_kp0_7599_ap0_0518_s1024,+,0.7599,0.0125,0.0518,1024,275,-0.0002,-0.2622,-0.0017,-0.0308,0.2882,1.4459,8.1967,0.0002,False,False,0.0002,0.0023,True,True,False
R_E_kp0_7599_ap0_0518_s1024,+,0.7599,0.0125,0.0518,1024,300,-0.0003,-0.2877,0.0027,0.3207,0.4153,1.3042,6.5789,0.0003,False,False,0.0003,0.0026,True,True,False
R_E_kp0_7599_ap0_0518_s31415,+,0.7599,0.0125,0.0518,31415,0,0.0067,6.6642,0.0783,8.1235,1.8153,0.5697,1.5725,0.233,False,True,0.1611,0.0454,False,False,False
R_E_kp0_7599_ap0_0518_s31415,+,0.7599,0.0125,0.0518,31415,25,0.0062,7.3972,0.0756,7.4566,3.1175,0.9587,2.4325,0.1429,False,True,0.1037,0.0389,False,False,False
R_E_kp0_7599_ap0_0518_s31415,+,0.7599,0.0125,0.0518,31415,50,0.0038,5.7149,0.0433,4.4757,4.2128,1.4982,4.3553,0.0602,False,True,0.0484,0.0284,False,False,False
R_E_kp0_7599_ap0_0518_s31415,+,0.7599,0.0125,0.0518,31415,75,0.0007,1.819,0.0316,3.2235,4.5308,2.0121,14.26,0.0067,False,False,0.0065,0.0119,True,False,False
R_E_kp0_7599_ap0_0518_s31415,+,0.7599,0.0125,0.0518,31415,100,-0.0,0.4419,0.0315,3.4122,1.3033,1.7263,14.0,0.0004,False,False,0.0004,0.003,True,True,False
R_E_kp0_7599_ap0_0518_s31415,+,0.7599,0.0125,0.0518,31415,125,-0.0002,-0.2011,0.04,4.4051,0.1549,1.1804,4.8387,0.0002,False,False,0.0002,0.0023,True,True,False
R_E_kp0_7599_ap0_0518_s31415,+,0.7599,0.0125,0.0518,31415,150,-0.0002,-0.2834,0.0479,5.0477,0.6168,1.2462,4.918,0.0002,False,False,0.0002,0.0022,True,True,False
R_E_kp0_7599_ap0_0518_s31415,+,0.7599,0.0125,0.0518,31415,175,-0.0002,-0.2698,-0.0029,-0.3016,0.6228,1.3615,5.1724,0.0002,False,False,0.0002,0.0022,True,True,False
R_E_kp0_7599_ap0_0518_s31415,+,0.7599,0.0125,0.0518,31415,200,0.0035,11.1151,0.0224,2.6215,1.1039,1.263,4.7619,0.0003,False,False,0.0003,0.0026,True,True,False
R_E_kp0_7599_ap0_0518_s31415,+,0.7599,0.0125,0.0518,31415,225,0.0035,11.4174,0.0182,1.9785,0.2726,1.1693,4.2857,0.0003,False,False,0.0003,0.0028,True,True,False
R_E_kp0_7599_ap0_0518_s31415,+,0.7599,0.0125,0.0518,31415,250,0.0035,12.1308,0.0185,1.7287,0.2808,1.1055,4.0,0.0003,False,False,0.0003,0.0028,True,True,False
R_E_kp0_7599_ap0_0518_s31415,+,0.7599,0.0125,0.0518,31415,275,0.0034,12.0907,0.0253,2.7992,0.6171,1.0284,3.7037,0.0003,False,False,0.0003,0.003,True,True,False
R_E_kp0_7599_ap0_0518_s31415,+,0.7599,0.0125,0.0518,31415,300,-0.0003,-0.2884,-0.0014,-0.059,0.216,1.1867,4.2857,0.0003,False,False,0.0003,0.0025,True,True,False
R_E_kp0_7599_ap0_1032_s42,+,0.7599,0.025,0.1032,42,0,0.0063,7.4826,0.0494,5.0587,2.5968,0.8044,2.0249,0.1934,False,True,0.1318,0.0427,False,False,False
R_E_kp0_7599_ap0_1032_s42,+,0.7599,0.025,0.1032,42,25,0.0045,6.6914,0.0409,4.5296,3.904,1.3033,3.3192,0.1021,False,True,0.074,0.0344,False,False,False
R_E_kp0_7599_ap0_1032_s42,+,0.7599,0.025,0.1032,42,50,0.003,6.1207,0.0364,3.5798,4.5752,1.7689,8.3539,0.021,False,False,0.0192,0.0203,True,False,False
R_E_kp0_7599_ap0_1032_s42,+,0.7599,0.025,0.1032,42,75,0.0,0.2282,0.0128,1.4584,5.8806,6.9548,65.8729,0.0005,False,False,0.0005,0.0031,True,True,False
R_E_kp0_7599_ap0_1032_s42,+,0.7599,0.025,0.1032,42,100,0.0,0.0,0.0,0.0,0.0,0.0,0.0,0.0,True,False,0.0,0.0,True,True,False
R_E_kp0_7599_ap0_1032_s42,+,0.7599,0.025,0.1032,42,125,0.0,0.0,0.0,0.0,0.0,0.0,0.0,0.0,True,False,0.0,0.0,True,True,False
R_E_kp0_7599_ap0_1032_s42,+,0.7599,0.025,0.1032,42,150,0.0,0.0,0.0,0.0,0.0,0.0,0.0,0.0,True,False,0.0,0.0,True,True,False
R_E_kp0_7599_ap0_1032_s42,+,0.7599,0.025,0.1032,42,175,0.0,0.0,0.0,0.0,0.0,0.0,0.0,0.0,True,False,0.0,0.0,True,True,False
R_E_kp0_7599_ap0_1032_s42,+,0.7599,0.025,0.1032,42,200,0.0,0.0,0.0,0.0,0.0,0.0,0.0,0.0,True,False,0.0,0.0,True,True,False
R_E_kp0_7599_ap0_1032_s42,+,0.7599,0.025,0.1032,42,225,0.0,0.0,0.0,0.0,0.0,0.0,0.0,0.0,True,False,0.0,0.0,True,True,False
R_E_kp0_7599_ap0_1032_s42,+,0.7599,0.025,0.1032,42,250,0.0,0.0,0.0,0.0,0.0,0.0,0.0,0.0,True,False,0.0,0.0,True,True,False
R_E_kp0_7599_ap0_1032_s42,+,0.7599,0.025,0.1032,42,275,0.0,0.0,0.0,0.0,0.0,0.0,0.0,0.0,True,False,0.0,0.0,True,True,False
R_E_kp0_7599_ap0_1032_s42,+,0.7599,0.025,0.1032,42,300,0.0,0.0,0.0,0.0,0.0,0.0,0.0,0.0,True,False,0.0,0.0,True,True,False
R_E_kp0_7599_ap0_1032_s137,+,0.7599,0.025,0.1032,137,0,0.0056,6.544,0.0555,5.5739,1.9392,0.617,1.635,0.2366,False,True,0.1593,0.0457,False,False,False
R_E_kp0_7599_ap0_1032_s137,+,0.7599,0.025,0.1032,137,25,0.0038,4.9421,0.0409,4.4393,3.3145,1.0343,2.5686,0.1444,False,True,0.1012,0.0373,False,False,False
R_E_kp0_7599_ap0_1032_s137,+,0.7599,0.025,0.1032,137,50,0.0032,6.293,0.0478,4.2833,4.4696,1.6804,4.9855,0.0564,False,True,0.0442,0.0271,False,False,False
R_E_kp0_7599_ap0_1032_s137,+,0.7599,0.025,0.1032,137,75,-0.0002,-0.364,-0.004,-0.2382,5.6604,5.6395,51.75,0.0016,False,False,0.0015,0.0057,True,False,False
R_E_kp0_7599_ap0_1032_s137,+,0.7599,0.025,0.1032,137,100,-0.0,0.0,-0.0008,0.0,5.9399,9.9486,99.9875,0.0,False,False,0.0,0.0003,True,True,False
R_E_kp0_7599_ap0_1032_s137,+,0.7599,0.025,0.1032,137,125,0.0,0.0,0.0,0.0,0.0,0.0,0.0,0.0,True,False,0.0,0.0,True,True,False
R_E_kp0_7599_ap0_1032_s137,+,0.7599,0.025,0.1032,137,150,0.0,0.0,0.0,0.0,0.0,0.0,0.0,0.0,True,False,0.0,0.0,True,True,False
R_E_kp0_7599_ap0_1032_s137,+,0.7599,0.025,0.1032,137,175,0.0,0.0,0.0,0.0,0.0,0.0,0.0,0.0,True,False,0.0,0.0,True,True,False
R_E_kp0_7599_ap0_1032_s137,+,0.7599,0.025,0.1032,137,200,0.0,0.0,0.0,0.0,0.0,0.0,0.0,0.0,True,False,0.0,0.0,True,True,False
R_E_kp0_7599_ap0_1032_s137,+,0.7599,0.025,0.1032,137,225,0.0,0.0,0.0,0.0,0.0,0.0,0.0,0.0,True,False,0.0,0.0,True,True,False
R_E_kp0_7599_ap0_1032_s137,+,0.7599,0.025,0.1032,137,250,0.0,0.0,0.0,0.0,0.0,0.0,0.0,0.0,True,False,0.0,0.0,True,True,False
R_E_kp0_7599_ap0_1032_s137,+,0.7599,0.025,0.1032,137,275,0.0,0.0,0.0,0.0,0.0,0.0,0.0,0.0,True,False,0.0,0.0,True,True,False
R_E_kp0_7599_ap0_1032_s137,+,0.7599,0.025,0.1032,137,300,0.0,0.0,0.0,0.0,0.0,0.0,0.0,0.0,True,False,0.0,0.0,True,True,False
R_E_kp0_7599_ap0_1032_s256,+,0.7599,0.025,0.1032,256,0,0.0063,7.2421,0.0676,6.6236,2.2391,0.6935,1.8248,0.2153,False,True,0.1466,0.0439,False,False,False
R_E_kp0_7599_ap0_1032_s256,+,0.7599,0.025,0.1032,256,25,0.0042,6.3683,0.0563,5.6225,3.5772,1.1321,2.924,0.1234,False,True,0.0887,0.0361,False,False,False
R_E_kp0_7599_ap0_1032_s256,+,0.7599,0.025,0.1032,256,50,0.003,5.9939,0.0423,4.3879,4.5157,1.6984,5.6592,0.0382,False,False,0.0325,0.0251,True,False,False
R_E_kp0_7599_ap0_1032_s256,+,0.7599,0.025,0.1032,256,75,-0.0002,-0.7437,-0.0079,-0.774,5.8222,6.5543,62.1004,0.0009,False,False,0.0008,0.0043,True,True,False
R_E_kp0_7599_ap0_1032_s256,+,0.7599,0.025,0.1032,256,100,0.0,0.0,0.0,0.0,0.0,0.0,0.0,0.0,True,False,0.0,0.0,True,True,False
R_E_kp0_7599_ap0_1032_s256,+,0.7599,0.025,0.1032,256,125,0.0,0.0,0.0,0.0,0.0,0.0,0.0,0.0,True,False,0.0,0.0,True,True,False
R_E_kp0_7599_ap0_1032_s256,+,0.7599,0.025,0.1032,256,150,0.0,0.0,0.0,0.0,0.0,0.0,0.0,0.0,True,False,0.0,0.0,True,True,False
R_E_kp0_7599_ap0_1032_s256,+,0.7599,0.025,0.1032,256,175,0.0,0.0,0.0,0.0,0.0,0.0,0.0,0.0,True,False,0.0,0.0,True,True,False
R_E_kp0_7599_ap0_1032_s256,+,0.7599,0.025,0.1032,256,200,0.0,0.0,0.0,0.0,0.0,0.0,0.0,0.0,True,False,0.0,0.0,True,True,False
R_E_kp0_7599_ap0_1032_s256,+,0.7599,0.025,0.1032,256,225,0.0,0.0,0.0,0.0,0.0,0.0,0.0,0.0,True,False,0.0,0.0,True,True,False
R_E_kp0_7599_ap0_1032_s256,+,0.7599,0.025,0.1032,256,250,0.0,0.0,0.0,0.0,0.0,0.0,0.0,0.0,True,False,0.0,0.0,True,True,False
R_E_kp0_7599_ap0_1032_s256,+,0.7599,0.025,0.1032,256,275,0.0,0.0,0.0,0.0,0.0,0.0,0.0,0.0,True,False,0.0,0.0,True,True,False
R_E_kp0_7599_ap0_1032_s256,+,0.7599,0.025,0.1032,256,300,0.0,0.0,0.0,0.0,0.0,0.0,0.0,0.0,True,False,0.0,0.0,True,True,False
R_E_kp0_7599_ap0_1032_s1024,+,0.7599,0.025,0.1032,1024,0,0.0059,7.3316,0.0647,6.6363,2.2159,0.6848,1.8175,0.2172,False,True,0.1479,0.0446,False,False,False
R_E_kp0_7599_ap0_1032_s1024,+,0.7599,0.025,0.1032,1024,25,0.0049,7.1481,0.0569,5.848,3.5509,1.1207,2.8628,0.1253,False,True,0.0899,0.0364,False,False,False
R_E_kp0_7599_ap0_1032_s1024,+,0.7599,0.025,0.1032,1024,50,0.0034,7.1241,0.0566,6.23,4.5067,1.7029,5.8322,0.0398,False,False,0.0337,0.0253,True,False,False
R_E_kp0_7599_ap0_1032_s1024,+,0.7599,0.025,0.1032,1024,75,0.0007,3.4692,0.0255,2.6626,5.8735,6.7594,63.6363,0.0009,False,False,0.0008,0.0042,True,True,False
R_E_kp0_7599_ap0_1032_s1024,+,0.7599,0.025,0.1032,1024,100,0.0,0.0,0.0,0.0,0.0,0.0,0.0,0.0,True,False,0.0,0.0,True,True,False
R_E_kp0_7599_ap0_1032_s1024,+,0.7599,0.025,0.1032,1024,125,0.0,0.0,0.0,0.0,0.0,0.0,0.0,0.0,True,False,0.0,0.0,True,True,False
R_E_kp0_7599_ap0_1032_s1024,+,0.7599,0.025,0.1032,1024,150,0.0,0.0,0.0,0.0,0.0,0.0,0.0,0.0,True,False,0.0,0.0,True,True,False
R_E_kp0_7599_ap0_1032_s1024,+,0.7599,0.025,0.1032,1024,175,0.0,0.0,0.0,0.0,0.0,0.0,0.0,0.0,True,False,0.0,0.0,True,True,False
R_E_kp0_7599_ap0_1032_s1024,+,0.7599,0.025,0.1032,1024,200,0.0,0.0,0.0,0.0,0.0,0.0,0.0,0.0,True,False,0.0,0.0,True,True,False
R_E_kp0_7599_ap0_1032_s1024,+,0.7599,0.025,0.1032,1024,225,0.0,0.0,0.0,0.0,0.0,0.0,0.0,0.0,True,False,0.0,0.0,True,True,False
R_E_kp0_7599_ap0_1032_s1024,+,0.7599,0.025,0.1032,1024,250,0.0,0.0,0.0,0.0,0.0,0.0,0.0,0.0,True,False,0.0,0.0,True,True,False
R_E_kp0_7599_ap0_1032_s1024,+,0.7599,0.025,0.1032,1024,275,0.0,0.0,0.0,0.0,0.0,0.0,0.0,0.0,True,False,0.0,0.0,True,True,False
R_E_kp0_7599_ap0_1032_s1024,+,0.7599,0.025,0.1032,1024,300,0.0,0.0,0.0,0.0,0.0,0.0,0.0,0.0,True,False,0.0,0.0,True,True,False
R_E_kp0_7599_ap0_1032_s31415,+,0.7599,0.025,0.1032,31415,0,0.004,4.9255,0.0595,6.1647,2.9786,0.9369,2.2517,0.1698,False,True,0.1157,0.0391,False,False,False
R_E_kp0_7599_ap0_1032_s31415,+,0.7599,0.025,0.1032,31415,25,0.0033,4.9156,0.0561,5.3205,4.2691,1.5454,4.0994,0.0795,False,True,0.0581,0.0301,False,False,False
R_E_kp0_7599_ap0_1032_s31415,+,0.7599,0.025,0.1032,31415,50,0.0002,0.3748,-0.002,-0.2241,4.8839,2.4072,18.7141,0.007,False,False,0.0066,0.0124,True,False,False
R_E_kp0_7599_ap0_1032_s31415,+,0.7599,0.025,0.1032,31415,75,-0.0001,-0.5237,-0.0049,-0.4393,5.8578,6.2125,55.1719,0.0001,False,False,0.0001,0.0017,True,True,False
R_E_kp0_7599_ap0_1032_s31415,+,0.7599,0.025,0.1032,31415,100,0.0,0.0,0.0,0.0,0.0,0.0,0.0,0.0,True,False,0.0,0.0,True,True,False
R_E_kp0_7599_ap0_1032_s31415,+,0.7599,0.025,0.1032,31415,125,0.0,0.0,0.0,0.0,0.0,0.0,0.0,0.0,True,False,0.0,0.0,True,True,False
R_E_kp0_7599_ap0_1032_s31415,+,0.7599,0.025,0.1032,31415,150,0.0,0.0,0.0,0.0,0.0,0.0,0.0,0.0,True,False,0.0,0.0,True,True,False
R_E_kp0_7599_ap0_1032_s31415,+,0.7599,0.025,0.1032,31415,175,0.0,0.0,0.0,0.0,0.0,0.0,0.0,0.0,True,False,0.0,0.0,True,True,False
R_E_kp0_7599_ap0_1032_s31415,+,0.7599,0.025,0.1032,31415,200,0.0,0.0,0.0,0.0,0.0,0.0,0.0,0.0,True,False,0.0,0.0,True,True,False
R_E_kp0_7599_ap0_1032_s31415,+,0.7599,0.025,0.1032,31415,225,0.0,0.0,0.0,0.0,0.0,0.0,0.0,0.0,True,False,0.0,0.0,True,True,False
R_E_kp0_7599_ap0_1032_s31415,+,0.7599,0.025,0.1032,31415,250,0.0,0.0,0.0,0.0,0.0,0.0,0.0,0.0,True,False,0.0,0.0,True,True,False
R_E_kp0_7599_ap0_1032_s31415,+,0.7599,0.025,0.1032,31415,275,0.0,0.0,0.0,0.0,0.0,0.0,0.0,0.0,True,False,0.0,0.0,True,True,False
R_E_kp0_7599_ap0_1032_s31415,+,0.7599,0.025,0.1032,31415,300,0.0,0.0,0.0,0.0,0.0,0.0,0.0,0.0,True,False,0.0,0.0,True,True,False
R_E_kp0_7599_ap0_2048_s42,+,0.7599,0.05,0.2048,42,0,0.0036,5.2941,0.0641,6.7308,3.1706,1.0009,2.4198,0.1618,False,True,0.1094,0.0379,False,False,False
R_E_kp0_7599_ap0_2048_s42,+,0.7599,0.05,0.2048,42,25,0.0017,3.637,0.0614,6.1262,4.4631,1.6763,4.2544,0.0705,False,True,0.0516,0.0283,False,False,False
R_E_kp0_7599_ap0_2048_s42,+,0.7599,0.05,0.2048,42,50,-0.0003,-0.891,0.0039,0.5357,5.8218,5.9763,54.2743,0.002,False,False,0.0019,0.007,True,False,False
R_E_kp0_7599_ap0_2048_s42,+,0.7599,0.05,0.2048,42,75,0.0,0.0,0.0,0.0,0.0,0.0,0.0,0.0,True,False,0.0,0.0,True,True,False
R_E_kp0_7599_ap0_2048_s42,+,0.7599,0.05,0.2048,42,100,0.0,0.0,0.0,0.0,0.0,0.0,0.0,0.0,True,False,0.0,0.0,True,True,False
R_E_kp0_7599_ap0_2048_s42,+,0.7599,0.05,0.2048,42,125,0.0,0.0,0.0,0.0,0.0,0.0,0.0,0.0,True,False,0.0,0.0,True,True,False
R_E_kp0_7599_ap0_2048_s42,+,0.7599,0.05,0.2048,42,150,0.0,0.0,0.0,0.0,0.0,0.0,0.0,0.0,True,False,0.0,0.0,True,True,False
R_E_kp0_7599_ap0_2048_s42,+,0.7599,0.05,0.2048,42,175,0.0,0.0,0.0,0.0,0.0,0.0,0.0,0.0,True,False,0.0,0.0,True,True,False
R_E_kp0_7599_ap0_2048_s42,+,0.7599,0.05,0.2048,42,200,0.0,0.0,0.0,0.0,0.0,0.0,0.0,0.0,True,False,0.0,0.0,True,True,False
R_E_kp0_7599_ap0_2048_s42,+,0.7599,0.05,0.2048,42,225,0.0,0.0,0.0,0.0,0.0,0.0,0.0,0.0,True,False,0.0,0.0,True,True,False
R_E_kp0_7599_ap0_2048_s42,+,0.7599,0.05,0.2048,42,250,0.0,0.0,0.0,0.0,0.0,0.0,0.0,0.0,True,False,0.0,0.0,True,True,False
R_E_kp0_7599_ap0_2048_s42,+,0.7599,0.05,0.2048,42,275,0.0,0.0,0.0,0.0,0.0,0.0,0.0,0.0,True,False,0.0,0.0,True,True,False
R_E_kp0_7599_ap0_2048_s42,+,0.7599,0.05,0.2048,42,300,0.0,0.0,0.0,0.0,0.0,0.0,0.0,0.0,True,False,0.0,0.0,True,True,False
R_E_kp0_7599_ap0_2048_s137,+,0.7599,0.05,0.2048,137,0,0.0039,4.7286,0.0557,5.4491,2.9134,0.9333,2.1261,0.1819,False,True,0.12,0.0387,False,False,False
R_E_kp0_7599_ap0_2048_s137,+,0.7599,0.05,0.2048,137,25,0.0021,3.262,0.0373,3.7383,4.301,1.5664,3.8391,0.0897,False,True,0.0619,0.0287,False,False,False
R_E_kp0_7599_ap0_2048_s137,+,0.7599,0.05,0.2048,137,50,0.001,2.2509,0.0153,1.5592,4.9338,2.6652,21.9162,0.007,False,False,0.0066,0.0122,True,False,False
R_E_kp0_7599_ap0_2048_s137,+,0.7599,0.05,0.2048,137,75,-0.0001,-0.5888,-0.005,-0.4648,5.8238,5.6259,48.6483,0.0001,False,False,0.0001,0.0021,True,True,False
R_E_kp0_7599_ap0_2048_s137,+,0.7599,0.05,0.2048,137,100,0.0,0.0,0.0,0.0,0.0,0.0,0.0,0.0,True,False,0.0,0.0,True,True,False
R_E_kp0_7599_ap0_2048_s137,+,0.7599,0.05,0.2048,137,125,0.0,0.0,0.0,0.0,0.0,0.0,0.0,0.0,True,False,0.0,0.0,True,True,False
R_E_kp0_7599_ap0_2048_s137,+,0.7599,0.05,0.2048,137,150,0.0,0.0,0.0,0.0,0.0,0.0,0.0,0.0,True,False,0.0,0.0,True,True,False
R_E_kp0_7599_ap0_2048_s137,+,0.7599,0.05,0.2048,137,175,0.0,0.0,0.0,0.0,0.0,0.0,0.0,0.0,True,False,0.0,0.0,True,True,False
R_E_kp0_7599_ap0_2048_s137,+,0.7599,0.05,0.2048,137,200,0.0,0.0,0.0,0.0,0.0,0.0,0.0,0.0,True,False,0.0,0.0,True,True,False
R_E_kp0_7599_ap0_2048_s137,+,0.7599,0.05,0.2048,137,225,0.0,0.0,0.0,0.0,0.0,0.0,0.0,0.0,True,False,0.0,0.0,True,True,False
R_E_kp0_7599_ap0_2048_s137,+,0.7599,0.05,0.2048,137,250,0.0,0.0,0.0,0.0,0.0,0.0,0.0,0.0,True,False,0.0,0.0,True,True,False
R_E_kp0_7599_ap0_2048_s137,+,0.7599,0.05,0.2048,137,275,0.0,0.0,0.0,0.0,0.0,0.0,0.0,0.0,True,False,0.0,0.0,True,True,False
R_E_kp0_7599_ap0_2048_s137,+,0.7599,0.05,0.2048,137,300,0.0,0.0,0.0,0.0,0.0,0.0,0.0,0.0,True,False,0.0,0.0,True,True,False
R_E_kp0_7599_ap0_2048_s256,+,0.7599,0.05,0.2048,256,0,0.0034,4.5959,0.0768,7.5468,3.0638,0.9826,2.2874,0.1717,False,True,0.1138,0.0375,False,False,False
R_E_kp0_7599_ap0_2048_s256,+,0.7599,0.05,0.2048,256,25,0.0014,2.3085,0.0568,5.8927,4.4444,1.6659,4.2879,0.0799,False,True,0.0558,0.0278,False,False,False
R_E_kp0_7599_ap0_2048_s256,+,0.7599,0.05,0.2048,256,50,-0.0004,-0.582,0.0072,0.9506,5.4907,4.8767,44.8382,0.0026,False,False,0.0024,0.0075,True,False,False
R_E_kp0_7599_ap0_2048_s256,+,0.7599,0.05,0.2048,256,75,-0.0,-0.1008,-0.0013,-0.119,5.8718,6.4695,57.1408,0.0,False,False,0.0,0.0008,True,True,False
R_E_kp0_7599_ap0_2048_s256,+,0.7599,0.05,0.2048,256,100,0.0,0.0,0.0,0.0,0.0,0.0,0.0,0.0,True,False,0.0,0.0,True,True,False
R_E_kp0_7599_ap0_2048_s256,+,0.7599,0.05,0.2048,256,125,0.0,0.0,0.0,0.0,0.0,0.0,0.0,0.0,True,False,0.0,0.0,True,True,False
R_E_kp0_7599_ap0_2048_s256,+,0.7599,0.05,0.2048,256,150,0.0,0.0,0.0,0.0,0.0,0.0,0.0,0.0,True,False,0.0,0.0,True,True,False
R_E_kp0_7599_ap0_2048_s256,+,0.7599,0.05,0.2048,256,175,0.0,0.0,0.0,0.0,0.0,0.0,0.0,0.0,True,False,0.0,0.0,True,True,False
R_E_kp0_7599_ap0_2048_s256,+,0.7599,0.05,0.2048,256,200,0.0,0.0,0.0,0.0,0.0,0.0,0.0,0.0,True,False,0.0,0.0,True,True,False
R_E_kp0_7599_ap0_2048_s256,+,0.7599,0.05,0.2048,256,225,0.0,0.0,0.0,0.0,0.0,0.0,0.0,0.0,True,False,0.0,0.0,True,True,False
R_E_kp0_7599_ap0_2048_s256,+,0.7599,0.05,0.2048,256,250,0.0,0.0,0.0,0.0,0.0,0.0,0.0,0.0,True,False,0.0,0.0,True,True,False
R_E_kp0_7599_ap0_2048_s256,+,0.7599,0.05,0.2048,256,275,0.0,0.0,0.0,0.0,0.0,0.0,0.0,0.0,True,False,0.0,0.0,True,True,False
R_E_kp0_7599_ap0_2048_s256,+,0.7599,0.05,0.2048,256,300,0.0,0.0,0.0,0.0,0.0,0.0,0.0,0.0,True,False,0.0,0.0,True,True,False
R_E_kp0_7599_ap0_2048_s1024,+,0.7599,0.05,0.2048,1024,0,0.0024,3.6154,0.0738,7.0755,3.0546,0.9764,2.2838,0.1729,False,True,0.1145,0.0384,False,False,False
R_E_kp0_7599_ap0_2048_s1024,+,0.7599,0.05,0.2048,1024,25,0.0014,2.6953,0.0621,6.4592,4.4291,1.6539,4.0209,0.081,False,True,0.0565,0.0285,False,False,False
R_E_kp0_7599_ap0_2048_s1024,+,0.7599,0.05,0.2048,1024,50,-0.0008,-1.3845,-0.0117,-1.1594,5.4556,4.6459,42.5806,0.0031,False,False,0.0029,0.0085,True,False,False
R_E_kp0_7599_ap0_2048_s1024,+,0.7599,0.05,0.2048,1024,75,-0.0,0.0,-0.0007,0.0,5.9001,7.3856,66.6611,0.0,False,False,0.0,0.0004,True,True,False
R_E_kp0_7599_ap0_2048_s1024,+,0.7599,0.05,0.2048,1024,100,0.0,0.0,0.0,0.0,0.0,0.0,0.0,0.0,True,False,0.0,0.0,True,True,False
R_E_kp0_7599_ap0_2048_s1024,+,0.7599,0.05,0.2048,1024,125,0.0,0.0,0.0,0.0,0.0,0.0,0.0,0.0,True,False,0.0,0.0,True,True,False
R_E_kp0_7599_ap0_2048_s1024,+,0.7599,0.05,0.2048,1024,150,0.0,0.0,0.0,0.0,0.0,0.0,0.0,0.0,True,False,0.0,0.0,True,True,False
R_E_kp0_7599_ap0_2048_s1024,+,0.7599,0.05,0.2048,1024,175,0.0,0.0,0.0,0.0,0.0,0.0,0.0,0.0,True,False,0.0,0.0,True,True,False
R_E_kp0_7599_ap0_2048_s1024,+,0.7599,0.05,0.2048,1024,200,0.0,0.0,0.0,0.0,0.0,0.0,0.0,0.0,True,False,0.0,0.0,True,True,False
R_E_kp0_7599_ap0_2048_s1024,+,0.7599,0.05,0.2048,1024,225,0.0,0.0,0.0,0.0,0.0,0.0,0.0,0.0,True,False,0.0,0.0,True,True,False
R_E_kp0_7599_ap0_2048_s1024,+,0.7599,0.05,0.2048,1024,250,0.0,0.0,0.0,0.0,0.0,0.0,0.0,0.0,True,False,0.0,0.0,True,True,False
R_E_kp0_7599_ap0_2048_s1024,+,0.7599,0.05,0.2048,1024,275,0.0,0.0,0.0,0.0,0.0,0.0,0.0,0.0,True,False,0.0,0.0,True,True,False
R_E_kp0_7599_ap0_2048_s1024,+,0.7599,0.05,0.2048,1024,300,0.0,0.0,0.0,0.0,0.0,0.0,0.0,0.0,True,False,0.0,0.0,True,True,False
R_E_kp0_7599_ap0_2048_s31415,+,0.7599,0.05,0.2048,31415,0,0.004,5.8486,0.0611,6.5693,3.3482,1.0505,2.6372,0.145,False,True,0.1008,0.0373,False,False,False
R_E_kp0_7599_ap0_2048_s31415,+,0.7599,0.05,0.2048,31415,25,0.0033,6.6543,0.0515,5.0392,4.473,1.6863,5.0676,0.0547,False,True,0.0432,0.0273,False,False,False
R_E_kp0_7599_ap0_2048_s31415,+,0.7599,0.05,0.2048,31415,50,-0.0003,-1.3037,-0.0176,-1.7394,5.8633,6.5068,60.5042,0.0014,False,False,0.0013,0.0055,True,False,False
R_E_kp0_7599_ap0_2048_s31415,+,0.7599,0.05,0.2048,31415,75,0.0,0.0,0.0,0.0,0.0,0.0,0.0,0.0,True,False,0.0,0.0,True,True,False
R_E_kp0_7599_ap0_2048_s31415,+,0.7599,0.05,0.2048,31415,100,0.0,0.0,0.0,0.0,0.0,0.0,0.0,0.0,True,False,0.0,0.0,True,True,False
R_E_kp0_7599_ap0_2048_s31415,+,0.7599,0.05,0.2048,31415,125,0.0,0.0,0.0,0.0,0.0,0.0,0.0,0.0,True,False,0.0,0.0,True,True,False
R_E_kp0_7599_ap0_2048_s31415,+,0.7599,0.05,0.2048,31415,150,0.0,0.0,0.0,0.0,0.0,0.0,0.0,0.0,True,False,0.0,0.0,True,True,False
R_E_kp0_7599_ap0_2048_s31415,+,0.7599,0.05,0.2048,31415,175,0.0,0.0,0.0,0.0,0.0,0.0,0.0,0.0,True,False,0.0,0.0,True,True,False
R_E_kp0_7599_ap0_2048_s31415,+,0.7599,0.05,0.2048,31415,200,0.0,0.0,0.0,0.0,0.0,0.0,0.0,0.0,True,False,0.0,0.0,True,True,False
R_E_kp0_7599_ap0_2048_s31415,+,0.7599,0.05,0.2048,31415,225,0.0,0.0,0.0,0.0,0.0,0.0,0.0,0.0,True,False,0.0,0.0,True,True,False
R_E_kp0_7599_ap0_2048_s31415,+,0.7599,0.05,0.2048,31415,250,0.0,0.0,0.0,0.0,0.0,0.0,0.0,0.0,True,False,0.0,0.0,True,True,False
R_E_kp0_7599_ap0_2048_s31415,+,0.7599,0.05,0.2048,31415,275,0.0,0.0,0.0,0.0,0.0,0.0,0.0,0.0,True,False,0.0,0.0,True,True,False
R_E_kp0_7599_ap0_2048_s31415,+,0.7599,0.05,0.2048,31415,300,0.0,0.0,0.0,0.0,0.0,0.0,0.0,0.0,True,False,0.0,0.0,True,True,False
R_E_kp0_7599_ap0_4055_s42,+,0.7599,0.1,0.4055,42,0,0.005,7.0905,0.0673,7.4091,3.449,1.0846,2.8028,0.1397,False,True,0.0972,0.0366,False,False,False
R_E_kp0_7599_ap0_4055_s42,+,0.7599,0.1,0.4055,42,25,0.0032,6.156,0.0683,6.3797,4.4863,1.6864,5.2397,0.0484,False,False,0.0394,0.0268,True,False,False
R_E_kp0_7599_ap0_4055_s42,+,0.7599,0.1,0.4055,42,50,-0.0001,-0.5359,0.008,0.8814,5.8439,6.125,55.988,0.0013,False,False,0.0013,0.0058,True,False,False
R_E_kp0_7599_ap0_4055_s42,+,0.7599,0.1,0.4055,42,75,0.0,0.0,0.0,0.0,0.0,0.0,0.0,0.0,True,False,0.0,0.0,True,True,False
R_E_kp0_7599_ap0_4055_s42,+,0.7599,0.1,0.4055,42,100,0.0,0.0,0.0,0.0,0.0,0.0,0.0,0.0,True,False,0.0,0.0,True,True,False
R_E_kp0_7599_ap0_4055_s42,+,0.7599,0.1,0.4055,42,125,0.0,0.0,0.0,0.0,0.0,0.0,0.0,0.0,True,False,0.0,0.0,True,True,False
R_E_kp0_7599_ap0_4055_s42,+,0.7599,0.1,0.4055,42,150,0.0,0.0,0.0,0.0,0.0,0.0,0.0,0.0,True,False,0.0,0.0,True,True,False
R_E_kp0_7599_ap0_4055_s42,+,0.7599,0.1,0.4055,42,175,0.0,0.0,0.0,0.0,0.0,0.0,0.0,0.0,True,False,0.0,0.0,True,True,False
R_E_kp0_7599_ap0_4055_s42,+,0.7599,0.1,0.4055,42,200,0.0,0.0,0.0,0.0,0.0,0.0,0.0,0.0,True,False,0.0,0.0,True,True,False
R_E_kp0_7599_ap0_4055_s42,+,0.7599,0.1,0.4055,42,225,0.0,0.0,0.0,0.0,0.0,0.0,0.0,0.0,True,False,0.0,0.0,True,True,False
R_E_kp0_7599_ap0_4055_s42,+,0.7599,0.1,0.4055,42,250,0.0,0.0,0.0,0.0,0.0,0.0,0.0,0.0,True,False,0.0,0.0,True,True,False
R_E_kp0_7599_ap0_4055_s42,+,0.7599,0.1,0.4055,42,275,0.0,0.0,0.0,0.0,0.0,0.0,0.0,0.0,True,False,0.0,0.0,True,True,False
R_E_kp0_7599_ap0_4055_s42,+,0.7599,0.1,0.4055,42,300,0.0,0.0,0.0,0.0,0.0,0.0,0.0,0.0,True,False,0.0,0.0,True,True,False
R_E_kp0_7599_ap0_4055_s137,+,0.7599,0.1,0.4055,137,0,0.0043,5.9193,0.0615,6.1445,3.1267,0.994,2.3126,0.1673,False,True,0.1116,0.0372,False,False,False
R_E_kp0_7599_ap0_4055_s137,+,0.7599,0.1,0.4055,137,25,0.0024,4.9299,0.0526,5.5601,4.4613,1.6776,4.2217,0.075,False,True,0.0536,0.0271,False,False,False
R_E_kp0_7599_ap0_4055_s137,+,0.7599,0.1,0.4055,137,50,0.0006,2.5103,0.008,0.7416,5.8485,6.3281,58.6011,0.0021,False,False,0.0019,0.007,True,False,False
R_E_kp0_7599_ap0_4055_s137,+,0.7599,0.1,0.4055,137,75,0.0,0.0,0.0,0.0,0.0,0.0,0.0,0.0,True,False,0.0,0.0,True,True,False
R_E_kp0_7599_ap0_4055_s137,+,0.7599,0.1,0.4055,137,100,0.0,0.0,0.0,0.0,0.0,0.0,0.0,0.0,True,False,0.0,0.0,True,True,False
R_E_kp0_7599_ap0_4055_s137,+,0.7599,0.1,0.4055,137,125,0.0,0.0,0.0,0.0,0.0,0.0,0.0,0.0,True,False,0.0,0.0,True,True,False
R_E_kp0_7599_ap0_4055_s137,+,0.7599,0.1,0.4055,137,150,0.0,0.0,0.0,0.0,0.0,0.0,0.0,0.0,True,False,0.0,0.0,True,True,False
R_E_kp0_7599_ap0_4055_s137,+,0.7599,0.1,0.4055,137,175,0.0,0.0,0.0,0.0,0.0,0.0,0.0,0.0,True,False,0.0,0.0,True,True,False
R_E_kp0_7599_ap0_4055_s137,+,0.7599,0.1,0.4055,137,200,0.0,0.0,0.0,0.0,0.0,0.0,0.0,0.0,True,False,0.0,0.0,True,True,False
R_E_kp0_7599_ap0_4055_s137,+,0.7599,0.1,0.4055,137,225,0.0,0.0,0.0,0.0,0.0,0.0,0.0,0.0,True,False,0.0,0.0,True,True,False
R_E_kp0_7599_ap0_4055_s137,+,0.7599,0.1,0.4055,137,250,0.0,0.0,0.0,0.0,0.0,0.0,0.0,0.0,True,False,0.0,0.0,True,True,False
R_E_kp0_7599_ap0_4055_s137,+,0.7599,0.1,0.4055,137,275,0.0,0.0,0.0,0.0,0.0,0.0,0.0,0.0,True,False,0.0,0.0,True,True,False
R_E_kp0_7599_ap0_4055_s137,+,0.7599,0.1,0.4055,137,300,0.0,0.0,0.0,0.0,0.0,0.0,0.0,0.0,True,False,0.0,0.0,True,True,False
R_E_kp0_7599_ap0_4055_s256,+,0.7599,0.1,0.4055,256,0,0.0048,6.9642,0.0795,7.9124,3.2505,1.0229,2.5303,0.1552,False,True,0.1059,0.037,False,False,False
R_E_kp0_7599_ap0_4055_s256,+,0.7599,0.1,0.4055,256,25,0.0028,5.4161,0.062,6.2443,4.4804,1.6858,4.6771,0.0634,False,True,0.0479,0.0272,False,False,False
R_E_kp0_7599_ap0_4055_s256,+,0.7599,0.1,0.4055,256,50,-0.0001,-0.2249,0.0063,0.753,5.8558,6.299,57.9081,0.0016,False,False,0.0015,0.0059,True,False,False
R_E_kp0_7599_ap0_4055_s256,+,0.7599,0.1,0.4055,256,75,0.0,0.0,0.0,0.0,0.0,0.0,0.0,0.0,True,False,0.0,0.0,True,True,False
R_E_kp0_7599_ap0_4055_s256,+,0.7599,0.1,0.4055,256,100,0.0,0.0,0.0,0.0,0.0,0.0,0.0,0.0,True,False,0.0,0.0,True,True,False
R_E_kp0_7599_ap0_4055_s256,+,0.7599,0.1,0.4055,256,125,0.0,0.0,0.0,0.0,0.0,0.0,0.0,0.0,True,False,0.0,0.0,True,True,False
R_E_kp0_7599_ap0_4055_s256,+,0.7599,0.1,0.4055,256,150,0.0,0.0,0.0,0.0,0.0,0.0,0.0,0.0,True,False,0.0,0.0,True,True,False
R_E_kp0_7599_ap0_4055_s256,+,0.7599,0.1,0.4055,256,175,0.0,0.0,0.0,0.0,0.0,0.0,0.0,0.0,True,False,0.0,0.0,True,True,False
R_E_kp0_7599_ap0_4055_s256,+,0.7599,0.1,0.4055,256,200,0.0,0.0,0.0,0.0,0.0,0.0,0.0,0.0,True,False,0.0,0.0,True,True,False
R_E_kp0_7599_ap0_4055_s256,+,0.7599,0.1,0.4055,256,225,0.0,0.0,0.0,0.0,0.0,0.0,0.0,0.0,True,False,0.0,0.0,True,True,False
R_E_kp0_7599_ap0_4055_s256,+,0.7599,0.1,0.4055,256,250,0.0,0.0,0.0,0.0,0.0,0.0,0.0,0.0,True,False,0.0,0.0,True,True,False
R_E_kp0_7599_ap0_4055_s256,+,0.7599,0.1,0.4055,256,275,0.0,0.0,0.0,0.0,0.0,0.0,0.0,0.0,True,False,0.0,0.0,True,True,False
R_E_kp0_7599_ap0_4055_s256,+,0.7599,0.1,0.4055,256,300,0.0,0.0,0.0,0.0,0.0,0.0,0.0,0.0,True,False,0.0,0.0,True,True,False
R_E_kp0_7599_ap0_4055_s1024,+,0.7599,0.1,0.4055,1024,0,0.0039,5.9578,0.0833,7.8981,3.2409,1.0166,2.52,0.1567,False,True,0.1068,0.038,False,False,False
R_E_kp0_7599_ap0_4055_s1024,+,0.7599,0.1,0.4055,1024,25,0.0029,5.7471,0.0685,7.1088,4.473,1.6796,4.4399,0.0648,False,True,0.0487,0.028,False,False,False
R_E_kp0_7599_ap0_4055_s1024,+,0.7599,0.1,0.4055,1024,50,0.0002,0.8353,0.0058,0.6141,5.8423,6.2586,58.1655,0.0018,False,False,0.0017,0.0066,True,False,False
R_E_kp0_7599_ap0_4055_s1024,+,0.7599,0.1,0.4055,1024,75,0.0,0.0,0.0,0.0,0.0,0.0,0.0,0.0,True,False,0.0,0.0,True,True,False
R_E_kp0_7599_ap0_4055_s1024,+,0.7599,0.1,0.4055,1024,100,0.0,0.0,0.0,0.0,0.0,0.0,0.0,0.0,True,False,0.0,0.0,True,True,False
R_E_kp0_7599_ap0_4055_s1024,+,0.7599,0.1,0.4055,1024,125,0.0,0.0,0.0,0.0,0.0,0.0,0.0,0.0,True,False,0.0,0.0,True,True,False
R_E_kp0_7599_ap0_4055_s1024,+,0.7599,0.1,0.4055,1024,150,0.0,0.0,0.0,0.0,0.0,0.0,0.0,0.0,True,False,0.0,0.0,True,True,False
R_E_kp0_7599_ap0_4055_s1024,+,0.7599,0.1,0.4055,1024,175,0.0,0.0,0.0,0.0,0.0,0.0,0.0,0.0,True,False,0.0,0.0,True,True,False
R_E_kp0_7599_ap0_4055_s1024,+,0.7599,0.1,0.4055,1024,200,0.0,0.0,0.0,0.0,0.0,0.0,0.0,0.0,True,False,0.0,0.0,True,True,False
R_E_kp0_7599_ap0_4055_s1024,+,0.7599,0.1,0.4055,1024,225,0.0,0.0,0.0,0.0,0.0,0.0,0.0,0.0,True,False,0.0,0.0,True,True,False
R_E_kp0_7599_ap0_4055_s1024,+,0.7599,0.1,0.4055,1024,250,0.0,0.0,0.0,0.0,0.0,0.0,0.0,0.0,True,False,0.0,0.0,True,True,False
R_E_kp0_7599_ap0_4055_s1024,+,0.7599,0.1,0.4055,1024,275,0.0,0.0,0.0,0.0,0.0,0.0,0.0,0.0,True,False,0.0,0.0,True,True,False
R_E_kp0_7599_ap0_4055_s1024,+,0.7599,0.1,0.4055,1024,300,0.0,0.0,0.0,0.0,0.0,0.0,0.0,0.0,True,False,0.0,0.0,True,True,False
R_E_kp0_7599_ap0_4055_s31415,+,0.7599,0.1,0.4055,31415,0,0.0024,3.4152,0.0543,5.3158,3.809,1.2616,3.2582,0.1174,False,True,0.0817,0.0339,False,False,False
R_E_kp0_7599_ap0_4055_s31415,+,0.7599,0.1,0.4055,31415,25,0.0017,3.1698,0.0266,2.8495,4.5556,1.7474,8.1892,0.0271,False,False,0.0241,0.0223,True,False,False
R_E_kp0_7599_ap0_4055_s31415,+,0.7599,0.1,0.4055,31415,50,-0.0004,-1.5266,-0.0124,-1.1311,5.8613,6.4124,59.1953,0.0007,False,False,0.0007,0.004,True,True,False
R_E_kp0_7599_ap0_4055_s31415,+,0.7599,0.1,0.4055,31415,75,0.0,0.0,0.0,0.0,0.0,0.0,0.0,0.0,True,False,0.0,0.0,True,True,False
R_E_kp0_7599_ap0_4055_s31415,+,0.7599,0.1,0.4055,31415,100,0.0,0.0,0.0,0.0,0.0,0.0,0.0,0.0,True,False,0.0,0.0,True,True,False
R_E_kp0_7599_ap0_4055_s31415,+,0.7599,0.1,0.4055,31415,125,0.0,0.0,0.0,0.0,0.0,0.0,0.0,0.0,True,False,0.0,0.0,True,True,False
R_E_kp0_7599_ap0_4055_s31415,+,0.7599,0.1,0.4055,31415,150,0.0,0.0,0.0,0.0,0.0,0.0,0.0,0.0,True,False,0.0,0.0,True,True,False
R_E_kp0_7599_ap0_4055_s31415,+,0.7599,0.1,0.4055,31415,175,0.0,0.0,0.0,0.0,0.0,0.0,0.0,0.0,True,False,0.0,0.0,True,True,False
R_E_kp0_7599_ap0_4055_s31415,+,0.7599,0.1,0.4055,31415,200,0.0,0.0,0.0,0.0,0.0,0.0,0.0,0.0,True,False,0.0,0.0,True,True,False
R_E_kp0_7599_ap0_4055_s31415,+,0.7599,0.1,0.4055,31415,225,0.0,0.0,0.0,0.0,0.0,0.0,0.0,0.0,True,False,0.0,0.0,True,True,False
R_E_kp0_7599_ap0_4055_s31415,+,0.7599,0.1,0.4055,31415,250,0.0,0.0,0.0,0.0,0.0,0.0,0.0,0.0,True,False,0.0,0.0,True,True,False
R_E_kp0_7599_ap0_4055_s31415,+,0.7599,0.1,0.4055,31415,275,0.0,0.0,0.0,0.0,0.0,0.0,0.0,0.0,True,False,0.0,0.0,True,True,False
R_E_kp0_7599_ap0_4055_s31415,+,0.7599,0.1,0.4055,31415,300,0.0,0.0,0.0,0.0,0.0,0.0,0.0,0.0,True,False,0.0,0.0,True,True,False
R_E_km0_7599_ap0_0000_s42,-,-0.7599,0.0,0.0,42,0,0.0035,4.0645,-0.0522,-4.7174,0.0141,0.0342,0.3368,0.4193,False,True,0.2433,0.0493,False,False,False
R_E_km0_7599_ap0_0000_s42,-,-0.7599,0.0,0.0,42,25,0.0041,4.7589,-0.0487,-4.9483,0.0024,0.024,0.1405,0.4185,True,True,0.2432,0.0487,False,False,False
R_E_km0_7599_ap0_0000_s42,-,-0.7599,0.0,0.0,42,50,0.0052,5.8577,-0.0483,-4.5478,0.0084,0.0257,0.1423,0.4189,True,True,0.2433,0.0494,False,False,False
R_E_km0_7599_ap0_0000_s42,-,-0.7599,0.0,0.0,42,75,0.0048,5.5121,-0.0518,-5.0697,0.0014,0.0234,0.1269,0.4192,True,True,0.2434,0.0489,False,False,False
R_E_km0_7599_ap0_0000_s42,-,-0.7599,0.0,0.0,42,100,0.0052,5.2625,-0.0492,-5.1473,0.0006,0.0255,0.1269,0.4191,True,True,0.2433,0.0483,False,False,False
R_E_km0_7599_ap0_0000_s42,-,-0.7599,0.0,0.0,42,125,0.0042,4.4119,-0.0508,-4.8339,0.0071,0.0246,0.1271,0.4187,True,True,0.2433,0.0485,False,False,False
R_E_km0_7599_ap0_0000_s42,-,-0.7599,0.0,0.0,42,150,0.0044,4.7316,-0.0482,-4.5521,0.0001,0.025,0.1425,0.4184,True,True,0.2432,0.0478,False,False,False
R_E_km0_7599_ap0_0000_s42,-,-0.7599,0.0,0.0,42,175,0.0054,5.8627,-0.0389,-3.5466,0.006,0.0255,0.1423,0.4188,True,True,0.2433,0.0486,False,False,False
R_E_km0_7599_ap0_0000_s42,-,-0.7599,0.0,0.0,42,200,0.0049,4.9429,-0.0371,-3.8703,0.0021,0.0255,0.155,0.4182,True,True,0.2432,0.0486,False,False,False
R_E_km0_7599_ap0_0000_s42,-,-0.7599,0.0,0.0,42,225,0.0047,5.4892,-0.0355,-3.5753,0.0007,0.0249,0.1547,0.4188,True,True,0.2433,0.0488,False,False,False
R_E_km0_7599_ap0_0000_s42,-,-0.7599,0.0,0.0,42,250,0.0032,3.5701,-0.0502,-5.2198,0.0028,0.0236,0.1147,0.4185,True,True,0.2433,0.0491,False,False,False
R_E_km0_7599_ap0_0000_s42,-,-0.7599,0.0,0.0,42,275,0.0023,2.7925,-0.0567,-5.983,0.0019,0.024,0.1225,0.4179,True,True,0.2432,0.0481,False,False,False
R_E_km0_7599_ap0_0000_s42,-,-0.7599,0.0,0.0,42,300,0.0017,2.1885,-0.051,-5.2543,0.0015,0.0229,0.1375,0.4188,True,True,0.2433,0.0476,False,False,False
R_E_km0_7599_ap0_0000_s137,-,-0.7599,0.0,0.0,137,0,0.0044,4.9255,-0.052,-5.3873,0.0205,0.0357,0.3233,0.4195,False,True,0.2433,0.0478,False,False,False
R_E_km0_7599_ap0_0000_s137,-,-0.7599,0.0,0.0,137,25,0.0046,5.0214,-0.052,-5.595,0.0073,0.0261,0.1215,0.4182,True,True,0.2432,0.0478,False,False,False
R_E_km0_7599_ap0_0000_s137,-,-0.7599,0.0,0.0,137,50,0.0059,6.2748,-0.0606,-5.5778,0.0005,0.0269,0.1253,0.4182,True,True,0.2432,0.0484,False,False,False
R_E_km0_7599_ap0_0000_s137,-,-0.7599,0.0,0.0,137,75,0.0055,5.9575,-0.0533,-4.7226,0.0071,0.0264,0.1253,0.4183,True,True,0.2432,0.0478,False,False,False
R_E_km0_7599_ap0_0000_s137,-,-0.7599,0.0,0.0,137,100,0.005,5.1803,-0.0458,-4.7042,0.0003,0.0252,0.1253,0.4183,True,True,0.2432,0.0479,False,False,False
R_E_km0_7599_ap0_0000_s137,-,-0.7599,0.0,0.0,137,125,0.0042,4.8304,-0.0364,-3.3554,0.0047,0.0215,0.1149,0.4179,True,True,0.2432,0.0474,False,False,False
R_E_km0_7599_ap0_0000_s137,-,-0.7599,0.0,0.0,137,150,0.0044,5.2943,-0.0452,-4.5894,0.0032,0.0198,0.0976,0.4182,True,True,0.2432,0.0478,False,False,False
R_E_km0_7599_ap0_0000_s137,-,-0.7599,0.0,0.0,137,175,0.004,3.9273,-0.0519,-5.3915,0.0027,0.0188,0.108,0.4186,True,True,0.2433,0.0488,False,False,False
R_E_km0_7599_ap0_0000_s137,-,-0.7599,0.0,0.0,137,200,0.0046,5.262,-0.042,-4.2411,0.0043,0.0203,0.1099,0.4186,True,True,0.2433,0.0478,False,False,False
R_E_km0_7599_ap0_0000_s137,-,-0.7599,0.0,0.0,137,225,0.0042,4.5669,-0.0362,-3.6037,0.0004,0.0201,0.1099,0.4186,True,True,0.2433,0.0475,False,False,False
R_E_km0_7599_ap0_0000_s137,-,-0.7599,0.0,0.0,137,250,0.0033,3.6344,-0.0596,-6.0483,0.0031,0.0213,0.1023,0.4183,True,True,0.2433,0.0478,False,False,False
R_E_km0_7599_ap0_0000_s137,-,-0.7599,0.0,0.0,137,275,0.0041,4.2534,-0.0598,-5.8039,0.0012,0.0226,0.109,0.4184,True,True,0.2433,0.0485,False,False,False
R_E_km0_7599_ap0_0000_s137,-,-0.7599,0.0,0.0,137,300,0.0033,3.7986,-0.0504,-5.2148,0.0004,0.0233,0.1023,0.4182,True,True,0.2432,0.0479,False,False,False
R_E_km0_7599_ap0_0000_s256,-,-0.7599,0.0,0.0,256,0,0.0044,4.5375,-0.0376,-3.9708,0.0111,0.0385,0.3526,0.4209,False,True,0.2435,0.0462,False,False,False
R_E_km0_7599_ap0_0000_s256,-,-0.7599,0.0,0.0,256,25,0.0043,4.2443,-0.034,-3.0943,0.0046,0.0244,0.0973,0.4194,True,True,0.2434,0.0457,False,False,False
R_E_km0_7599_ap0_0000_s256,-,-0.7599,0.0,0.0,256,50,0.0051,5.5681,-0.03,-2.9121,0.0179,0.0241,0.1014,0.4183,True,True,0.2432,0.0464,False,False,False
R_E_km0_7599_ap0_0000_s256,-,-0.7599,0.0,0.0,256,75,0.004,4.805,-0.0428,-4.41,0.0135,0.0253,0.1331,0.4179,True,True,0.2431,0.0474,False,False,False
R_E_km0_7599_ap0_0000_s256,-,-0.7599,0.0,0.0,256,100,0.0038,4.3474,-0.0484,-5.0166,0.0065,0.0258,0.1331,0.4179,True,True,0.2431,0.0485,False,False,False
R_E_km0_7599_ap0_0000_s256,-,-0.7599,0.0,0.0,256,125,0.004,4.4793,-0.0608,-6.0405,0.0146,0.0247,0.1463,0.4183,True,True,0.2432,0.0485,False,False,False
R_E_km0_7599_ap0_0000_s256,-,-0.7599,0.0,0.0,256,150,0.0031,3.754,-0.0555,-5.6952,0.0057,0.0241,0.1458,0.4197,True,True,0.2434,0.0485,False,False,False
R_E_km0_7599_ap0_0000_s256,-,-0.7599,0.0,0.0,256,175,0.0039,4.1945,-0.0523,-5.1452,0.0113,0.0239,0.1411,0.4195,True,True,0.2434,0.0479,False,False,False
R_E_km0_7599_ap0_0000_s256,-,-0.7599,0.0,0.0,256,200,0.0036,3.9368,-0.0478,-4.9684,0.0091,0.0225,0.1413,0.4189,True,True,0.2433,0.0478,False,False,False
R_E_km0_7599_ap0_0000_s256,-,-0.7599,0.0,0.0,256,225,0.0027,3.1202,-0.0524,-5.1161,0.0082,0.0221,0.1233,0.4185,True,True,0.2433,0.048,False,False,False
R_E_km0_7599_ap0_0000_s256,-,-0.7599,0.0,0.0,256,250,0.0049,5.1732,-0.0599,-5.7677,0.0044,0.0225,0.1235,0.4177,True,True,0.2431,0.0482,False,False,False
R_E_km0_7599_ap0_0000_s256,-,-0.7599,0.0,0.0,256,275,0.0047,5.2072,-0.0412,-4.1561,0.0006,0.0213,0.1062,0.4181,True,True,0.2432,0.0484,False,False,False
R_E_km0_7599_ap0_0000_s256,-,-0.7599,0.0,0.0,256,300,0.0051,5.5797,-0.0456,-4.2415,0.0017,0.0214,0.1043,0.418,True,True,0.2432,0.0478,False,False,False
R_E_km0_7599_ap0_0000_s1024,-,-0.7599,0.0,0.0,1024,0,0.0045,5.8107,-0.0422,-4.5897,0.0184,0.0359,0.3326,0.4197,False,True,0.2433,0.0484,False,False,False
R_E_km0_7599_ap0_0000_s1024,-,-0.7599,0.0,0.0,1024,25,0.0053,5.8837,-0.0419,-4.0516,0.0043,0.0211,0.0975,0.4187,True,True,0.2433,0.0483,False,False,False
R_E_km0_7599_ap0_0000_s1024,-,-0.7599,0.0,0.0,1024,50,0.0053,5.6949,-0.046,-5.171,0.0118,0.0218,0.0984,0.4186,True,True,0.2433,0.0487,False,False,False
R_E_km0_7599_ap0_0000_s1024,-,-0.7599,0.0,0.0,1024,75,0.0043,4.6803,-0.0493,-4.4181,0.0091,0.0237,0.119,0.42,True,True,0.2435,0.0482,False,False,False
R_E_km0_7599_ap0_0000_s1024,-,-0.7599,0.0,0.0,1024,100,0.0041,4.6159,-0.0537,-5.6187,0.0083,0.0238,0.1192,0.4193,True,True,0.2434,0.0485,False,False,False
R_E_km0_7599_ap0_0000_s1024,-,-0.7599,0.0,0.0,1024,125,0.0036,4.1549,-0.0462,-4.8155,0.0185,0.0253,0.1282,0.4182,True,True,0.2432,0.0482,False,False,False
R_E_km0_7599_ap0_0000_s1024,-,-0.7599,0.0,0.0,1024,150,0.0027,3.3078,-0.0442,-4.3329,0.0122,0.025,0.1196,0.418,True,True,0.2432,0.048,False,False,False
R_E_km0_7599_ap0_0000_s1024,-,-0.7599,0.0,0.0,1024,175,0.0037,4.4253,-0.0499,-4.7962,0.0084,0.0238,0.1112,0.4171,True,True,0.243,0.048,False,False,False
R_E_km0_7599_ap0_0000_s1024,-,-0.7599,0.0,0.0,1024,200,0.004,4.2006,-0.0389,-4.1792,0.0081,0.0236,0.1187,0.4178,True,True,0.2431,0.0485,False,False,False
R_E_km0_7599_ap0_0000_s1024,-,-0.7599,0.0,0.0,1024,225,0.004,4.1512,-0.0477,-4.9651,0.0003,0.0227,0.1004,0.4185,True,True,0.2433,0.0485,False,False,False
R_E_km0_7599_ap0_0000_s1024,-,-0.7599,0.0,0.0,1024,250,0.0046,5.1081,-0.0546,-5.2918,0.0027,0.023,0.1203,0.419,True,True,0.2434,0.0491,False,False,False
R_E_km0_7599_ap0_0000_s1024,-,-0.7599,0.0,0.0,1024,275,0.0041,4.779,-0.0478,-4.7339,0.0046,0.0232,0.1259,0.4195,True,True,0.2434,0.049,False,False,False
R_E_km0_7599_ap0_0000_s1024,-,-0.7599,0.0,0.0,1024,300,0.0041,4.774,-0.0498,-5.2348,0.0026,0.0236,0.1259,0.4195,True,True,0.2434,0.0488,False,False,False
R_E_km0_7599_ap0_0000_s31415,-,-0.7599,0.0,0.0,31415,0,0.0026,3.06,-0.0424,-4.1233,0.0026,0.0398,0.3826,0.4182,False,True,0.243,0.0475,False,False,False
R_E_km0_7599_ap0_0000_s31415,-,-0.7599,0.0,0.0,31415,25,0.0037,4.265,-0.0469,-4.7683,0.0011,0.0228,0.1321,0.418,True,True,0.2432,0.0481,False,False,False
R_E_km0_7599_ap0_0000_s31415,-,-0.7599,0.0,0.0,31415,50,0.0036,4.1222,-0.0559,-5.706,0.0045,0.0233,0.1168,0.418,True,True,0.2432,0.0485,False,False,False
R_E_km0_7599_ap0_0000_s31415,-,-0.7599,0.0,0.0,31415,75,0.0039,4.3093,-0.0584,-6.2987,0.0004,0.0236,0.1082,0.4178,True,True,0.2431,0.0485,False,False,False
R_E_km0_7599_ap0_0000_s31415,-,-0.7599,0.0,0.0,31415,100,0.0043,4.7013,-0.0533,-5.1761,0.0038,0.0249,0.1082,0.4176,True,True,0.2431,0.048,False,False,False
R_E_km0_7599_ap0_0000_s31415,-,-0.7599,0.0,0.0,31415,125,0.0049,5.5695,-0.0461,-4.8286,0.0022,0.0245,0.1082,0.4177,True,True,0.2431,0.048,False,False,False
R_E_km0_7599_ap0_0000_s31415,-,-0.7599,0.0,0.0,31415,150,0.0048,5.7918,-0.0448,-4.4316,0.0039,0.0235,0.1083,0.4175,True,True,0.2431,0.0473,False,False,False
R_E_km0_7599_ap0_0000_s31415,-,-0.7599,0.0,0.0,31415,175,0.004,4.1511,-0.0479,-4.357,0.0039,0.0244,0.1283,0.4178,True,True,0.2431,0.0489,False,False,False
R_E_km0_7599_ap0_0000_s31415,-,-0.7599,0.0,0.0,31415,200,0.0051,5.5455,-0.0574,-5.4875,0.0018,0.024,0.1284,0.4176,True,True,0.2431,0.0484,False,False,False
R_E_km0_7599_ap0_0000_s31415,-,-0.7599,0.0,0.0,31415,225,0.0037,4.2227,-0.055,-4.9589,0.003,0.0243,0.1341,0.4176,True,True,0.2431,0.0476,False,False,False
R_E_km0_7599_ap0_0000_s31415,-,-0.7599,0.0,0.0,31415,250,0.0023,2.7254,-0.0408,-4.36,0.0016,0.0249,0.1349,0.4182,True,True,0.2432,0.0482,False,False,False
R_E_km0_7599_ap0_0000_s31415,-,-0.7599,0.0,0.0,31415,275,0.0026,3.3097,-0.0469,-4.5857,0.0008,0.0232,0.1283,0.4178,True,True,0.2432,0.0479,False,False,False
R_E_km0_7599_ap0_0000_s31415,-,-0.7599,0.0,0.0,31415,300,0.0018,2.3242,-0.0481,-4.3041,0.0075,0.0236,0.1279,0.4192,True,True,0.2434,0.0479,False,False,False
R_E_km0_7599_am0_0524_s42,-,-0.7599,0.0125,-0.0524,42,0,0.0011,1.6643,-0.0512,-4.8238,0.3634,0.1736,0.6762,0.3916,False,True,0.2336,0.0505,False,False,False
R_E_km0_7599_am0_0524_s42,-,-0.7599,0.0125,-0.0524,42,25,0.0009,1.4936,-0.0559,-5.6589,0.3997,0.2852,1.2496,0.4421,False,True,0.2307,0.0454,False,False,False
R_E_km0_7599_am0_0524_s42,-,-0.7599,0.0125,-0.0524,42,50,0.0009,1.4105,-0.0424,-4.1492,1.0696,0.6556,2.3478,0.3455,False,True,0.1748,0.0393,False,False,False
R_E_km0_7599_am0_0524_s42,-,-0.7599,0.0125,-0.0524,42,75,-0.0008,-0.3915,-0.0507,-4.8896,0.4102,0.675,2.5494,0.3897,False,True,0.1686,0.0334,False,False,False
R_E_km0_7599_am0_0524_s42,-,-0.7599,0.0125,-0.0524,42,100,0.0006,1.0263,-0.0239,-2.2955,1.4341,0.9582,3.0647,0.3246,False,True,0.1225,0.0234,False,False,False
R_E_km0_7599_am0_0524_s42,-,-0.7599,0.0125,-0.0524,42,125,-0.0009,-0.5484,-0.0129,-1.1934,1.3545,0.9656,3.0436,0.3272,False,True,0.1203,0.0227,False,False,True
R_E_km0_7599_am0_0524_s42,-,-0.7599,0.0125,-0.0524,42,150,-0.0013,-0.8425,-0.0114,-1.0966,1.4615,0.9664,3.0448,0.3271,False,True,0.1202,0.0231,False,False,True
R_E_km0_7599_am0_0524_s42,-,-0.7599,0.0125,-0.0524,42,175,-0.0,0.3895,0.0021,0.2143,1.3552,0.9664,3.0411,0.3275,False,True,0.1201,0.0233,False,False,True
R_E_km0_7599_am0_0524_s42,-,-0.7599,0.0125,-0.0524,42,200,-0.0009,-0.4801,0.0054,0.5258,1.4597,0.9662,3.0394,0.3276,False,True,0.1201,0.0238,False,False,True
R_E_km0_7599_am0_0524_s42,-,-0.7599,0.0125,-0.0524,42,225,-0.0012,-0.8763,0.0079,0.9336,1.3532,0.9662,3.0391,0.3276,False,True,0.1201,0.023,False,False,True
R_E_km0_7599_am0_0524_s42,-,-0.7599,0.0125,-0.0524,42,250,-0.0017,-1.6373,-0.0016,-0.2131,1.4697,0.9678,3.0437,0.3274,False,True,0.1198,0.0233,False,False,True
R_E_km0_7599_am0_0524_s42,-,-0.7599,0.0125,-0.0524,42,275,-0.0022,-1.8687,0.0006,0.0891,1.3488,0.9676,3.0464,0.3271,False,True,0.1199,0.0224,False,False,True
R_E_km0_7599_am0_0524_s42,-,-0.7599,0.0125,-0.0524,42,300,-0.0011,-0.7151,0.0126,1.3593,1.4624,0.9671,3.0453,0.3272,False,True,0.12,0.0228,False,False,True
R_E_km0_7599_am0_0524_s137,-,-0.7599,0.0125,-0.0524,137,0,0.0026,3.0492,-0.0468,-5.2218,0.6658,0.317,1.0115,0.3713,False,True,0.2196,0.0476,False,False,False
R_E_km0_7599_am0_0524_s137,-,-0.7599,0.0125,-0.0524,137,25,0.0026,2.7172,-0.0424,-4.5655,0.3431,0.3994,1.7463,0.4233,False,True,0.2155,0.0423,False,False,False
R_E_km0_7599_am0_0524_s137,-,-0.7599,0.0125,-0.0524,137,50,0.0028,2.9263,-0.0293,-3.062,1.1037,0.7484,2.7387,0.3294,False,True,0.1601,0.037,False,False,False
R_E_km0_7599_am0_0524_s137,-,-0.7599,0.0125,-0.0524,137,75,0.0005,1.0249,-0.0253,-2.3915,0.7403,0.766,2.7215,0.366,False,True,0.1535,0.0319,False,False,False
R_E_km0_7599_am0_0524_s137,-,-0.7599,0.0125,-0.0524,137,100,0.0009,1.335,-0.0086,-0.8108,1.4646,0.9638,3.053,0.3262,False,True,0.1209,0.0227,False,False,True
R_E_km0_7599_am0_0524_s137,-,-0.7599,0.0125,-0.0524,137,125,-0.0003,0.2314,-0.0097,-0.9896,1.3524,0.9686,3.0536,0.3267,False,True,0.1198,0.0224,False,False,True
R_E_km0_7599_am0_0524_s137,-,-0.7599,0.0125,-0.0524,137,150,-0.0012,-0.8928,-0.0142,-1.4931,1.457,0.9689,3.0526,0.3267,False,True,0.1198,0.0225,False,False,True
R_E_km0_7599_am0_0524_s137,-,-0.7599,0.0125,-0.0524,137,175,-0.0023,-1.9825,-0.0206,-2.0581,1.3602,0.9683,3.0516,0.3268,False,True,0.1199,0.0225,False,False,False
R_E_km0_7599_am0_0524_s137,-,-0.7599,0.0125,-0.0524,137,200,-0.0012,-1.0619,-0.018,-1.8195,1.4688,0.9679,3.0497,0.3269,False,True,0.1199,0.023,False,False,True
R_E_km0_7599_am0_0524_s137,-,-0.7599,0.0125,-0.0524,137,225,-0.0013,-1.1651,-0.0022,-0.1871,1.3532,0.9676,3.0443,0.3272,False,True,0.1199,0.0225,False,False,True
R_E_km0_7599_am0_0524_s137,-,-0.7599,0.0125,-0.0524,137,250,-0.0013,-1.0138,-0.0108,-1.0377,1.4598,0.9685,3.0463,0.327,False,True,0.1198,0.023,False,False,True
R_E_km0_7599_am0_0524_s137,-,-0.7599,0.0125,-0.0524,137,275,0.0006,0.8212,-0.0053,-0.5072,1.3574,0.9679,3.0457,0.3273,False,True,0.1198,0.0225,False,False,True
R_E_km0_7599_am0_0524_s137,-,-0.7599,0.0125,-0.0524,137,300,-0.0005,-0.0898,0.0029,0.2935,1.464,0.9656,3.0431,0.3277,False,True,0.1202,0.0234,False,False,True
R_E_km0_7599_am0_0524_s256,-,-0.7599,0.0125,-0.0524,256,0,0.0021,2.5523,-0.044,-4.6238,0.5659,0.2685,0.9333,0.378,False,True,0.2248,0.0471,False,False,False
R_E_km0_7599_am0_0524_s256,-,-0.7599,0.0125,-0.0524,256,25,0.0012,1.4125,-0.0421,-3.8882,0.3597,0.36,1.6095,0.4297,False,True,0.2211,0.042,False,False,False
R_E_km0_7599_am0_0524_s256,-,-0.7599,0.0125,-0.0524,256,50,0.0008,1.117,-0.0236,-2.1621,1.0917,0.7153,2.629,0.3344,False,True,0.1654,0.0369,False,False,False
R_E_km0_7599_am0_0524_s256,-,-0.7599,0.0125,-0.0524,256,75,-0.0027,-2.342,-0.016,-1.5796,0.6254,0.7339,2.6609,0.3739,False,True,0.1588,0.032,False,False,False
R_E_km0_7599_am0_0524_s256,-,-0.7599,0.0125,-0.0524,256,100,0.0008,1.2848,0.0135,1.4106,1.4495,0.96,3.0478,0.3264,False,True,0.1217,0.0228,False,False,True
R_E_km0_7599_am0_0524_s256,-,-0.7599,0.0125,-0.0524,256,125,0.0002,0.4954,-0.0021,-0.1746,1.3543,0.9654,3.042,0.3273,False,True,0.1203,0.0226,False,False,True
R_E_km0_7599_am0_0524_s256,-,-0.7599,0.0125,-0.0524,256,150,0.0009,1.4795,-0.0088,-0.9115,1.4622,0.9655,3.0437,0.3272,False,True,0.1203,0.0235,False,False,True
R_E_km0_7599_am0_0524_s256,-,-0.7599,0.0125,-0.0524,256,175,0.0008,1.4982,0.0012,0.0935,1.3451,0.9649,3.0445,0.3272,False,True,0.1205,0.0226,False,False,True
R_E_km0_7599_am0_0524_s256,-,-0.7599,0.0125,-0.0524,256,200,-0.0002,0.2025,-0.0003,-0.1039,1.4654,0.9663,3.0471,0.3269,False,True,0.1203,0.0229,False,False,True
R_E_km0_7599_am0_0524_s256,-,-0.7599,0.0125,-0.0524,256,225,-0.0003,0.0346,-0.0031,-0.3106,1.3559,0.9658,3.0458,0.327,False,True,0.1203,0.0226,False,False,True
R_E_km0_7599_am0_0524_s256,-,-0.7599,0.0125,-0.0524,256,250,-0.0005,-0.0906,-0.0183,-1.9424,1.4592,0.9654,3.044,0.3272,False,True,0.1204,0.023,False,False,True
R_E_km0_7599_am0_0524_s256,-,-0.7599,0.0125,-0.0524,256,275,0.0007,1.3118,-0.0003,0.1115,1.3503,0.9655,3.0449,0.3274,False,True,0.1203,0.0224,False,False,True
R_E_km0_7599_am0_0524_s256,-,-0.7599,0.0125,-0.0524,256,300,0.0009,1.445,0.0039,0.4364,1.4693,0.9667,3.048,0.3272,False,True,0.1201,0.0227,False,False,True
R_E_km0_7599_am0_0524_s1024,-,-0.7599,0.0125,-0.0524,1024,0,0.0029,3.9072,-0.0464,-4.8578,0.5423,0.2574,0.8785,0.3793,False,True,0.2259,0.0482,False,False,False
R_E_km0_7599_am0_0524_s1024,-,-0.7599,0.0125,-0.0524,1024,25,0.0031,3.3584,-0.0428,-4.3682,0.3731,0.3517,1.5458,0.4311,False,True,0.2223,0.0433,False,False,False
R_E_km0_7599_am0_0524_s1024,-,-0.7599,0.0125,-0.0524,1024,50,0.0021,2.3954,-0.0307,-3.0084,1.0805,0.7076,2.5894,0.3358,False,True,0.1666,0.038,False,False,False
R_E_km0_7599_am0_0524_s1024,-,-0.7599,0.0125,-0.0524,1024,75,-0.0013,-0.9278,-0.0254,-2.6395,0.6076,0.7259,2.6465,0.3763,False,True,0.1601,0.0327,False,False,False
R_E_km0_7599_am0_0524_s1024,-,-0.7599,0.0125,-0.0524,1024,100,0.0003,0.6575,-0.0052,-0.6555,1.4501,0.9597,3.0493,0.3268,False,True,0.1216,0.0235,False,False,True
R_E_km0_7599_am0_0524_s1024,-,-0.7599,0.0125,-0.0524,1024,125,0.0003,0.8115,0.0079,0.8123,1.3446,0.966,3.0459,0.3271,False,True,0.1203,0.023,False,False,True
R_E_km0_7599_am0_0524_s1024,-,-0.7599,0.0125,-0.0524,1024,150,0.0004,0.8778,0.0037,0.5272,1.4716,0.9666,3.0472,0.327,False,True,0.1202,0.0236,False,False,True
R_E_km0_7599_am0_0524_s1024,-,-0.7599,0.0125,-0.0524,1024,175,0.0015,2.0494,-0.0042,-0.4442,1.3545,0.9673,3.0539,0.3265,False,True,0.1201,0.023,False,False,False
R_E_km0_7599_am0_0524_s1024,-,-0.7599,0.0125,-0.0524,1024,200,0.0018,2.4719,-0.004,-0.4818,1.4603,0.967,3.056,0.3266,False,True,0.1202,0.0235,False,False,False
R_E_km0_7599_am0_0524_s1024,-,-0.7599,0.0125,-0.0524,1024,225,0.0011,1.2944,0.0038,0.3758,1.3556,0.9673,3.0534,0.3268,False,True,0.1201,0.0229,False,False,True
R_E_km0_7599_am0_0524_s1024,-,-0.7599,0.0125,-0.0524,1024,250,0.0016,1.902,0.0023,0.3769,1.4603,0.9665,3.0509,0.3271,False,True,0.1202,0.0232,False,False,True
R_E_km0_7599_am0_0524_s1024,-,-0.7599,0.0125,-0.0524,1024,275,-0.0001,0.2234,0.0158,1.7803,1.3583,0.966,3.0413,0.3278,False,True,0.1201,0.0225,False,False,True
R_E_km0_7599_am0_0524_s1024,-,-0.7599,0.0125,-0.0524,1024,300,-0.0008,-0.359,0.0001,0.1034,1.457,0.9661,3.0414,0.3277,False,True,0.1201,0.023,False,False,True
R_E_km0_7599_am0_0524_s31415,-,-0.7599,0.0125,-0.0524,31415,0,0.0026,3.2021,-0.0436,-4.2725,0.015,0.0401,0.3831,0.4177,False,True,0.2429,0.0476,False,False,False
R_E_km0_7599_am0_0524_s31415,-,-0.7599,0.0125,-0.0524,31415,25,0.0043,4.8507,-0.0465,-4.6846,0.0369,0.0283,0.149,0.4216,True,True,0.2437,0.0477,False,False,False
R_E_km0_7599_am0_0524_s31415,-,-0.7599,0.0125,-0.0524,31415,50,0.0032,3.6436,-0.0521,-5.1832,0.1368,0.0696,0.2726,0.4079,False,True,0.2407,0.0487,False,False,False
R_E_km0_7599_am0_0524_s31415,-,-0.7599,0.0125,-0.0524,31415,75,0.0054,5.6751,-0.0596,-6.4909,0.3113,0.1661,0.6883,0.4428,False,True,0.2413,0.0455,False,False,False
R_E_km0_7599_am0_0524_s31415,-,-0.7599,0.0125,-0.0524,31415,100,0.0042,4.4288,-0.0431,-4.5485,1.0589,0.5496,1.7894,0.3501,False,True,0.1905,0.0414,False,False,False
R_E_km0_7599_am0_0524_s31415,-,-0.7599,0.0125,-0.0524,31415,125,0.003,3.5851,-0.0214,-2.1473,0.2523,0.5851,2.4008,0.3997,False,True,0.1852,0.0364,False,False,False
R_E_km0_7599_am0_0524_s31415,-,-0.7599,0.0125,-0.0524,31415,150,0.002,2.4844,-0.0007,-0.0795,1.2776,0.9225,3.1218,0.3137,False,True,0.1316,0.0282,False,False,False
R_E_km0_7599_am0_0524_s31415,-,-0.7599,0.0125,-0.0524,31415,175,-0.0017,-1.2831,-0.0041,-0.3121,1.2651,0.932,2.9907,0.3325,False,True,0.1259,0.0254,False,False,True
R_E_km0_7599_am0_0524_s31415,-,-0.7599,0.0125,-0.0524,31415,200,-0.0007,-0.1359,-0.0019,-0.1797,1.4543,0.9658,3.0434,0.3269,False,True,0.1204,0.0231,False,False,True
R_E_km0_7599_am0_0524_s31415,-,-0.7599,0.0125,-0.0524,31415,225,-0.0017,-1.2651,-0.0033,-0.1899,1.353,0.9669,3.0431,0.3273,False,True,0.12,0.0225,False,False,True
R_E_km0_7599_am0_0524_s31415,-,-0.7599,0.0125,-0.0524,31415,250,-0.0003,0.1431,-0.0099,-1.0399,1.4703,0.9669,3.0435,0.3273,False,True,0.12,0.0235,False,False,True
R_E_km0_7599_am0_0524_s31415,-,-0.7599,0.0125,-0.0524,31415,275,-0.0005,0.0026,-0.008,-0.8837,1.3506,0.9677,3.0506,0.3269,False,True,0.12,0.0226,False,False,True
R_E_km0_7599_am0_0524_s31415,-,-0.7599,0.0125,-0.0524,31415,300,-0.0006,-0.1117,-0.0053,-0.4477,1.4574,0.9655,3.0463,0.3272,False,True,0.1203,0.0234,False,False,True
R_E_km0_7599_am0_1054_s42,-,-0.7599,0.025,-0.1054,42,0,0.0043,5.4111,-0.0419,-4.1486,1.1773,0.5831,1.811,0.3455,False,True,0.1855,0.0407,False,False,False
R_E_km0_7599_am0_1054_s42,-,-0.7599,0.025,-0.1054,42,25,0.0038,4.7557,-0.0368,-3.7298,0.1534,0.6115,2.5063,0.3987,False,True,0.1803,0.0343,False,False,False
R_E_km0_7599_am0_1054_s42,-,-0.7599,0.025,-0.1054,42,50,0.0042,5.314,-0.0067,-0.6225,1.2584,0.9734,3.2846,0.3042,False,True,0.124,0.0258,False,False,False
R_E_km0_7599_am0_1054_s42,-,-0.7599,0.025,-0.1054,42,75,0.0006,1.1806,-0.021,-2.0898,1.3734,0.9797,3.0762,0.3251,False,True,0.118,0.0212,False,False,False
R_E_km0_7599_am0_1054_s42,-,-0.7599,0.025,-0.1054,42,100,0.0006,1.1572,-0.0226,-2.1792,1.4809,0.9779,3.0722,0.3255,False,True,0.1182,0.0221,False,False,False
R_E_km0_7599_am0_1054_s42,-,-0.7599,0.025,-0.1054,42,125,-0.0005,-0.3393,-0.0043,-0.3556,1.3712,0.9772,3.0728,0.3254,False,True,0.1184,0.0219,False,False,True
R_E_km0_7599_am0_1054_s42,-,-0.7599,0.025,-0.1054,42,150,-0.0006,-0.3848,-0.0103,-1.0076,1.4791,0.9773,3.0731,0.3254,False,True,0.1184,0.0225,False,False,True
R_E_km0_7599_am0_1054_s42,-,-0.7599,0.025,-0.1054,42,175,0.0006,1.2254,0.0033,0.323,1.3688,0.9772,3.0693,0.3258,False,True,0.1183,0.0223,False,False,True
R_E_km0_7599_am0_1054_s42,-,-0.7599,0.025,-0.1054,42,200,0.0001,0.4393,0.0074,0.7347,1.475,0.977,3.069,0.3258,False,True,0.1183,0.0228,False,False,True
R_E_km0_7599_am0_1054_s42,-,-0.7599,0.025,-0.1054,42,225,-0.0003,0.0155,0.014,1.5027,1.3687,0.9771,3.0685,0.3259,False,True,0.1183,0.0222,False,False,True
R_E_km0_7599_am0_1054_s42,-,-0.7599,0.025,-0.1054,42,250,-0.0005,-0.5237,0.0006,0.0322,1.4828,0.9774,3.0688,0.3259,False,True,0.1182,0.0227,False,False,True
R_E_km0_7599_am0_1054_s42,-,-0.7599,0.025,-0.1054,42,275,-0.0009,-0.8056,-0.0034,-0.3363,1.3632,0.9772,3.0714,0.3256,False,True,0.1184,0.0219,False,False,True
R_E_km0_7599_am0_1054_s42,-,-0.7599,0.025,-0.1054,42,300,0.0001,0.5975,0.0093,1.0386,1.4777,0.9766,3.0701,0.3257,False,True,0.1184,0.0222,False,False,True
R_E_km0_7599_am0_1054_s137,-,-0.7599,0.025,-0.1054,137,0,0.0027,3.4545,-0.0478,-5.3073,1.0896,0.6072,2.0824,0.3534,False,True,0.1825,0.0378,False,False,False
R_E_km0_7599_am0_1054_s137,-,-0.7599,0.025,-0.1054,137,25,0.0026,3.1944,-0.0493,-5.1274,0.1556,0.6228,2.4629,0.406,False,True,0.1772,0.0319,False,False,False
R_E_km0_7599_am0_1054_s137,-,-0.7599,0.025,-0.1054,137,50,0.0041,5.7066,-0.0073,-0.7378,1.3808,0.9693,3.1594,0.3165,False,True,0.1222,0.0234,False,False,False
R_E_km0_7599_am0_1054_s137,-,-0.7599,0.025,-0.1054,137,75,0.0018,2.6876,-0.0056,-0.5744,1.3722,0.9787,3.0748,0.3252,False,True,0.1181,0.0212,False,False,False
R_E_km0_7599_am0_1054_s137,-,-0.7599,0.025,-0.1054,137,100,0.0018,2.7248,-0.0044,-0.3682,1.4878,0.9786,3.074,0.3253,False,True,0.1181,0.0218,False,False,False
R_E_km0_7599_am0_1054_s137,-,-0.7599,0.025,-0.1054,137,125,0.0007,1.3956,-0.007,-0.7065,1.3659,0.9786,3.0757,0.3251,False,True,0.1182,0.0216,False,False,True
R_E_km0_7599_am0_1054_s137,-,-0.7599,0.025,-0.1054,137,150,0.0001,0.5395,-0.0066,-0.613,1.4723,0.9787,3.0757,0.3251,False,True,0.1182,0.0218,False,False,True
R_E_km0_7599_am0_1054_s137,-,-0.7599,0.025,-0.1054,137,175,-0.0009,-0.819,-0.0147,-1.4487,1.3731,0.9781,3.0746,0.3252,False,True,0.1183,0.0217,False,False,True
R_E_km0_7599_am0_1054_s137,-,-0.7599,0.025,-0.1054,137,200,-0.0005,-0.5206,-0.014,-1.3823,1.4835,0.9775,3.0737,0.3253,False,True,0.1183,0.0222,False,False,True
R_E_km0_7599_am0_1054_s137,-,-0.7599,0.025,-0.1054,137,225,-0.001,-1.0947,0.0001,0.0563,1.3659,0.9773,3.0708,0.3256,False,True,0.1183,0.0218,False,False,True
R_E_km0_7599_am0_1054_s137,-,-0.7599,0.025,-0.1054,137,250,-0.0011,-1.1341,-0.0057,-0.5114,1.4756,0.9783,3.073,0.3254,False,True,0.1182,0.0222,False,False,True
R_E_km0_7599_am0_1054_s137,-,-0.7599,0.025,-0.1054,137,275,0.0007,1.0204,-0.002,-0.1937,1.3697,0.9776,3.0699,0.3257,False,True,0.1182,0.0218,False,False,True
R_E_km0_7599_am0_1054_s137,-,-0.7599,0.025,-0.1054,137,300,0.0005,1.2175,0.0106,0.9883,1.4799,0.9757,3.0667,0.3261,False,True,0.1185,0.0226,False,False,True
R_E_km0_7599_am0_1054_s256,-,-0.7599,0.025,-0.1054,256,0,0.004,4.6029,-0.033,-3.1474,1.1125,0.5995,1.8913,0.3517,False,True,0.1836,0.0384,False,False,False
R_E_km0_7599_am0_1054_s256,-,-0.7599,0.025,-0.1054,256,25,0.0033,3.8903,-0.0286,-2.9757,0.1461,0.6177,2.4724,0.4043,False,True,0.1785,0.0326,False,False,False
R_E_km0_7599_am0_1054_s256,-,-0.7599,0.025,-0.1054,256,50,0.0036,4.8153,-0.0095,-0.7846,1.3548,0.9707,3.1965,0.3127,False,True,0.1228,0.024,False,False,False
R_E_km0_7599_am0_1054_s256,-,-0.7599,0.025,-0.1054,256,75,-0.0005,-0.3129,0.0087,0.8612,1.3749,0.9803,3.079,0.3248,False,True,0.1179,0.0213,False,False,True
R_E_km0_7599_am0_1054_s256,-,-0.7599,0.025,-0.1054,256,100,0.0001,0.5067,0.0131,1.3434,1.4781,0.9771,3.0726,0.3255,False,True,0.1184,0.0221,False,False,True
R_E_km0_7599_am0_1054_s256,-,-0.7599,0.025,-0.1054,256,125,-0.0007,-0.5659,-0.0007,-0.0568,1.3703,0.977,3.0726,0.3255,False,True,0.1184,0.0218,False,False,True
R_E_km0_7599_am0_1054_s256,-,-0.7599,0.025,-0.1054,256,150,-0.0009,-0.6829,-0.0097,-1.0024,1.478,0.9761,3.0716,0.3256,False,True,0.1186,0.0229,False,False,True
R_E_km0_7599_am0_1054_s256,-,-0.7599,0.025,-0.1054,256,175,-0.001,-0.8798,0.0006,0.0308,1.3598,0.9756,3.0725,0.3255,False,True,0.1187,0.0219,False,False,True
R_E_km0_7599_am0_1054_s256,-,-0.7599,0.025,-0.1054,256,200,-0.0012,-1.3027,-0.0027,-0.3699,1.4804,0.9762,3.074,0.3253,False,True,0.1186,0.0224,False,False,True
R_E_km0_7599_am0_1054_s256,-,-0.7599,0.025,-0.1054,256,225,-0.0014,-1.4607,-0.0024,-0.2037,1.3694,0.9757,3.0726,0.3255,False,True,0.1187,0.022,False,False,True
R_E_km0_7599_am0_1054_s256,-,-0.7599,0.025,-0.1054,256,250,-0.001,-0.9766,-0.0158,-1.6976,1.4736,0.975,3.0702,0.3257,False,True,0.1188,0.0223,False,False,True
R_E_km0_7599_am0_1054_s256,-,-0.7599,0.025,-0.1054,256,275,0.0001,0.6246,0.0021,0.3694,1.363,0.975,3.0688,0.3259,False,True,0.1187,0.0218,False,False,True
R_E_km0_7599_am0_1054_s256,-,-0.7599,0.025,-0.1054,256,300,0.0001,0.5607,-0.0007,-0.0479,1.4825,0.9756,3.0697,0.3258,False,True,0.1186,0.0222,False,False,True
R_E_km0_7599_am0_1054_s1024,-,-0.7599,0.025,-0.1054,1024,0,0.0054,6.887,-0.0381,-3.6166,1.1173,0.6003,1.9693,0.3512,False,True,0.1834,0.0393,False,False,False
R_E_km0_7599_am0_1054_s1024,-,-0.7599,0.025,-0.1054,1024,25,0.0055,5.9402,-0.0294,-2.7729,0.1541,0.6188,2.4745,0.4041,False,True,0.1783,0.0332,False,False,False
R_E_km0_7599_am0_1054_s1024,-,-0.7599,0.025,-0.1054,1024,50,0.005,6.421,-0.0047,-0.5718,1.3475,0.9723,3.2001,0.3125,False,True,0.1225,0.0245,False,False,False
R_E_km0_7599_am0_1054_s1024,-,-0.7599,0.025,-0.1054,1024,75,0.0012,2.0139,0.0169,1.6204,1.3817,0.9803,3.0742,0.3253,False,True,0.1178,0.0219,False,False,False
R_E_km0_7599_am0_1054_s1024,-,-0.7599,0.025,-0.1054,1024,100,0.0009,1.4007,0.0023,0.1916,1.4769,0.9763,3.0662,0.3261,False,True,0.1184,0.0225,False,False,True
R_E_km0_7599_am0_1054_s1024,-,-0.7599,0.025,-0.1054,1024,125,0.0011,1.6605,0.0113,1.2117,1.363,0.9769,3.0732,0.3254,False,True,0.1185,0.0221,False,False,True
R_E_km0_7599_am0_1054_s1024,-,-0.7599,0.025,-0.1054,1024,150,0.001,1.5672,0.0071,0.9201,1.4911,0.977,3.0737,0.3253,False,True,0.1185,0.0227,False,False,True
R_E_km0_7599_am0_1054_s1024,-,-0.7599,0.025,-0.1054,1024,175,0.0021,2.9854,-0.0038,-0.4347,1.3649,0.9776,3.078,0.3249,False,True,0.1185,0.0219,False,False,False
R_E_km0_7599_am0_1054_s1024,-,-0.7599,0.025,-0.1054,1024,200,0.002,3.0253,-0.0047,-0.5684,1.4751,0.9779,3.0786,0.3248,False,True,0.1184,0.0226,False,False,False
R_E_km0_7599_am0_1054_s1024,-,-0.7599,0.025,-0.1054,1024,225,0.0013,1.6421,-0.0007,-0.0307,1.3726,0.9782,3.0759,0.3251,False,True,0.1183,0.0221,False,False,True
R_E_km0_7599_am0_1054_s1024,-,-0.7599,0.025,-0.1054,1024,250,0.0011,1.7634,-0.0009,0.0798,1.4773,0.9767,3.0724,0.3255,False,True,0.1185,0.0225,False,False,True
R_E_km0_7599_am0_1054_s1024,-,-0.7599,0.025,-0.1054,1024,275,-0.0009,-0.8657,0.0141,1.481,1.3708,0.9762,3.0662,0.3261,False,True,0.1184,0.0218,False,False,True
R_E_km0_7599_am0_1054_s1024,-,-0.7599,0.025,-0.1054,1024,300,-0.0011,-1.1462,0.0015,0.2199,1.4731,0.977,3.0674,0.326,False,True,0.1183,0.0219,False,False,True
R_E_km0_7599_am0_1054_s31415,-,-0.7599,0.025,-0.1054,31415,0,0.003,3.6212,-0.0445,-4.3371,0.0374,0.0434,0.3789,0.4223,False,True,0.2436,0.0474,False,False,False
R_E_km0_7599_am0_1054_s31415,-,-0.7599,0.025,-0.1054,31415,25,0.0017,2.185,-0.0439,-4.3926,0.3371,0.1451,0.4567,0.3915,False,True,0.235,0.0488,False,False,False
R_E_km0_7599_am0_1054_s31415,-,-0.7599,0.025,-0.1054,31415,50,0.0007,1.1195,-0.0515,-5.3757,0.4178,0.2766,1.2617,0.4442,False,True,0.2318,0.0442,False,False,False
R_E_km0_7599_am0_1054_s31415,-,-0.7599,0.025,-0.1054,31415,75,-0.0007,-0.2779,-0.0497,-5.5287,1.0257,0.658,2.4186,0.3442,False,True,0.1744,0.0385,False,False,False
R_E_km0_7599_am0_1054_s31415,-,-0.7599,0.025,-0.1054,31415,100,-0.0014,-1.3084,-0.0436,-4.28,0.359,0.6708,2.5377,0.3941,False,True,0.1689,0.0324,False,False,False
R_E_km0_7599_am0_1054_s31415,-,-0.7599,0.025,-0.1054,31415,125,-0.0004,-0.2207,-0.0126,-1.1107,1.4625,0.9693,3.0828,0.3244,False,True,0.1203,0.0226,False,False,True
R_E_km0_7599_am0_1054_s31415,-,-0.7599,0.025,-0.1054,31415,150,-0.0004,-0.2822,-0.0104,-1.1481,1.3682,0.9771,3.0725,0.3255,False,True,0.1184,0.022,False,False,True
R_E_km0_7599_am0_1054_s31415,-,-0.7599,0.025,-0.1054,31415,175,0.0,0.2122,-0.0014,0.0222,1.4794,0.9762,3.0707,0.3257,False,True,0.1185,0.0228,False,False,True
R_E_km0_7599_am0_1054_s31415,-,-0.7599,0.025,-0.1054,31415,200,0.0008,1.3369,-0.005,-0.4496,1.3664,0.977,3.0735,0.3254,False,True,0.1185,0.0218,False,False,True
R_E_km0_7599_am0_1054_s31415,-,-0.7599,0.025,-0.1054,31415,225,0.0008,1.3131,-0.0108,-0.9393,1.4815,0.9772,3.074,0.3253,False,True,0.1184,0.0223,False,False,True
R_E_km0_7599_am0_1054_s31415,-,-0.7599,0.025,-0.1054,31415,250,-0.0004,-0.274,-0.0106,-1.1498,1.3681,0.9771,3.0724,0.3255,False,True,0.1184,0.0214,False,False,True
R_E_km0_7599_am0_1054_s31415,-,-0.7599,0.025,-0.1054,31415,275,-0.0009,-0.976,-0.0159,-1.6259,1.476,0.9776,3.0727,0.3254,False,True,0.1183,0.0216,False,False,True
R_E_km0_7599_am0_1054_s31415,-,-0.7599,0.025,-0.1054,31415,300,-0.0025,-2.8034,-0.0047,-0.3637,1.3701,0.9775,3.0677,0.326,False,True,0.1182,0.0217,False,False,False
R_E_km0_7599_am0_2136_s42,-,-0.7599,0.05,-0.2136,42,0,0.0008,1.3115,-0.0427,-4.2845,1.026,0.6193,2.1315,0.3586,False,True,0.1807,0.0386,False,False,False
R_E_km0_7599_am0_2136_s42,-,-0.7599,0.05,-0.2136,42,25,0.0003,0.8048,-0.0304,-3.0152,0.1467,0.6275,2.4281,0.4118,False,True,0.1754,0.0319,False,False,False
R_E_km0_7599_am0_2136_s42,-,-0.7599,0.05,-0.2136,42,50,0.0015,2.2951,0.0136,1.3853,1.4546,0.9685,3.0889,0.3237,False,True,0.1206,0.0225,False,False,False
R_E_km0_7599_am0_2136_s42,-,-0.7599,0.05,-0.2136,42,75,0.0006,1.1585,-0.0133,-1.2854,1.362,0.9778,3.0717,0.3256,False,True,0.1182,0.0214,False,False,True
R_E_km0_7599_am0_2136_s42,-,-0.7599,0.05,-0.2136,42,100,0.0006,1.1794,-0.0225,-2.171,1.481,0.9779,3.0722,0.3255,False,True,0.1182,0.0221,False,False,False
R_E_km0_7599_am0_2136_s42,-,-0.7599,0.05,-0.2136,42,125,-0.0005,-0.3393,-0.0043,-0.3556,1.3712,0.9772,3.0728,0.3254,False,True,0.1184,0.0219,False,False,True
R_E_km0_7599_am0_2136_s42,-,-0.7599,0.05,-0.2136,42,150,-0.0006,-0.3848,-0.0103,-1.0076,1.4791,0.9773,3.0731,0.3254,False,True,0.1184,0.0225,False,False,True
R_E_km0_7599_am0_2136_s42,-,-0.7599,0.05,-0.2136,42,175,0.0006,1.2254,0.0033,0.323,1.3688,0.9772,3.0693,0.3258,False,True,0.1183,0.0223,False,False,True
R_E_km0_7599_am0_2136_s42,-,-0.7599,0.05,-0.2136,42,200,0.0001,0.4393,0.0074,0.7347,1.475,0.977,3.069,0.3258,False,True,0.1183,0.0228,False,False,True
R_E_km0_7599_am0_2136_s42,-,-0.7599,0.05,-0.2136,42,225,-0.0003,0.0155,0.014,1.5027,1.3687,0.9771,3.0685,0.3259,False,True,0.1183,0.0222,False,False,True
R_E_km0_7599_am0_2136_s42,-,-0.7599,0.05,-0.2136,42,250,-0.0005,-0.5237,0.0006,0.0322,1.4828,0.9774,3.0688,0.3259,False,True,0.1182,0.0227,False,False,True
R_E_km0_7599_am0_2136_s42,-,-0.7599,0.05,-0.2136,42,275,-0.0009,-0.8056,-0.0034,-0.3363,1.3632,0.9772,3.0714,0.3256,False,True,0.1184,0.0219,False,False,True
R_E_km0_7599_am0_2136_s42,-,-0.7599,0.05,-0.2136,42,300,0.0001,0.5975,0.0093,1.0386,1.4777,0.9766,3.0701,0.3257,False,True,0.1184,0.0222,False,False,True
R_E_km0_7599_am0_2136_s137,-,-0.7599,0.05,-0.2136,137,0,-0.0008,-0.4994,-0.0511,-5.4663,1.0179,0.64,2.3198,0.3502,False,True,0.1773,0.0381,False,False,False
R_E_km0_7599_am0_2136_s137,-,-0.7599,0.05,-0.2136,137,25,-0.0009,-0.7491,-0.0472,-4.7234,0.2519,0.6496,2.4827,0.4028,False,True,0.1721,0.032,False,False,False
R_E_km0_7599_am0_2136_s137,-,-0.7599,0.05,-0.2136,137,50,0.001,1.6226,-0.0026,-0.2603,1.4567,0.9691,3.0824,0.3244,False,True,0.1203,0.0223,False,False,True
R_E_km0_7599_am0_2136_s137,-,-0.7599,0.05,-0.2136,137,75,0.0015,2.4171,-0.0024,-0.2873,1.368,0.9779,3.0731,0.3254,False,True,0.1183,0.0214,False,False,False
R_E_km0_7599_am0_2136_s137,-,-0.7599,0.05,-0.2136,137,100,0.0018,2.7248,-0.0044,-0.3682,1.4878,0.9786,3.074,0.3253,False,True,0.1181,0.0218,False,False,False
R_E_km0_7599_am0_2136_s137,-,-0.7599,0.05,-0.2136,137,125,0.0007,1.3956,-0.007,-0.7065,1.3659,0.9786,3.0757,0.3251,False,True,0.1182,0.0216,False,False,True
R_E_km0_7599_am0_2136_s137,-,-0.7599,0.05,-0.2136,137,150,0.0001,0.5395,-0.0066,-0.613,1.4723,0.9787,3.0757,0.3251,False,True,0.1182,0.0218,False,False,True
R_E_km0_7599_am0_2136_s137,-,-0.7599,0.05,-0.2136,137,175,-0.0009,-0.819,-0.0147,-1.4487,1.3731,0.9781,3.0746,0.3252,False,True,0.1183,0.0217,False,False,True
R_E_km0_7599_am0_2136_s137,-,-0.7599,0.05,-0.2136,137,200,-0.0005,-0.5206,-0.014,-1.3823,1.4835,0.9775,3.0737,0.3253,False,True,0.1183,0.0222,False,False,True
R_E_km0_7599_am0_2136_s137,-,-0.7599,0.05,-0.2136,137,225,-0.001,-1.0947,0.0001,0.0563,1.3659,0.9773,3.0708,0.3256,False,True,0.1183,0.0218,False,False,True
R_E_km0_7599_am0_2136_s137,-,-0.7599,0.05,-0.2136,137,250,-0.0011,-1.1341,-0.0055,-0.4938,1.4757,0.9784,3.073,0.3254,False,True,0.1182,0.0222,False,False,True
R_E_km0_7599_am0_2136_s137,-,-0.7599,0.05,-0.2136,137,275,0.0007,1.0204,-0.0019,-0.1833,1.3697,0.9776,3.07,0.3257,False,True,0.1182,0.0218,False,False,True
R_E_km0_7599_am0_2136_s137,-,-0.7599,0.05,-0.2136,137,300,0.0005,1.2175,0.0107,0.9994,1.48,0.9757,3.0667,0.3261,False,True,0.1185,0.0226,False,False,True
R_E_km0_7599_am0_2136_s256,-,-0.7599,0.05,-0.2136,256,0,0.0005,0.9711,-0.0384,-3.6936,1.0186,0.6337,2.1909,0.3529,False,True,0.1783,0.038,False,False,False
R_E_km0_7599_am0_2136_s256,-,-0.7599,0.05,-0.2136,256,25,-0.0001,0.2569,-0.0321,-3.3684,0.2153,0.6422,2.466,0.4055,False,True,0.1732,0.0316,False,False,False
R_E_km0_7599_am0_2136_s256,-,-0.7599,0.05,-0.2136,256,50,0.0009,1.3261,0.0035,0.4916,1.4653,0.9696,3.0865,0.324,False,True,0.1203,0.0219,False,False,True
R_E_km0_7599_am0_2136_s256,-,-0.7599,0.05,-0.2136,256,75,-0.0,0.3299,0.0118,1.2195,1.369,0.9792,3.0765,0.325,False,True,0.1181,0.0214,False,False,True
R_E_km0_7599_am0_2136_s256,-,-0.7599,0.05,-0.2136,256,100,0.0001,0.5067,0.0131,1.3456,1.4783,0.9772,3.0726,0.3255,False,True,0.1184,0.0221,False,False,True
R_E_km0_7599_am0_2136_s256,-,-0.7599,0.05,-0.2136,256,125,-0.0007,-0.5599,-0.0004,-0.0311,1.3704,0.977,3.0726,0.3255,False,True,0.1184,0.0218,False,False,True
R_E_km0_7599_am0_2136_s256,-,-0.7599,0.05,-0.2136,256,150,-0.0009,-0.6701,-0.0095,-0.9852,1.478,0.9762,3.0717,0.3256,False,True,0.1186,0.0229,False,False,True
R_E_km0_7599_am0_2136_s256,-,-0.7599,0.05,-0.2136,256,175,-0.001,-0.8963,0.0007,0.0404,1.3599,0.9756,3.0725,0.3255,False,True,0.1187,0.0219,False,False,True
R_E_km0_7599_am0_2136_s256,-,-0.7599,0.05,-0.2136,256,200,-0.0012,-1.3027,-0.0027,-0.3699,1.4804,0.9762,3.074,0.3253,False,True,0.1186,0.0224,False,False,True
R_E_km0_7599_am0_2136_s256,-,-0.7599,0.05,-0.2136,256,225,-0.0014,-1.4607,-0.0024,-0.2037,1.3694,0.9757,3.0726,0.3255,False,True,0.1187,0.022,False,False,True
R_E_km0_7599_am0_2136_s256,-,-0.7599,0.05,-0.2136,256,250,-0.001,-0.9766,-0.0158,-1.6976,1.4736,0.975,3.0702,0.3257,False,True,0.1188,0.0223,False,False,True
R_E_km0_7599_am0_2136_s256,-,-0.7599,0.05,-0.2136,256,275,0.0001,0.6246,0.0021,0.3694,1.363,0.975,3.0688,0.3259,False,True,0.1187,0.0218,False,False,True
R_E_km0_7599_am0_2136_s256,-,-0.7599,0.05,-0.2136,256,300,0.0001,0.5607,-0.0007,-0.0479,1.4825,0.9756,3.0697,0.3258,False,True,0.1186,0.0222,False,False,True
R_E_km0_7599_am0_2136_s1024,-,-0.7599,0.05,-0.2136,1024,0,0.0014,1.9302,-0.0381,-3.8225,1.0241,0.6346,2.2524,0.3522,False,True,0.1782,0.0388,False,False,False
R_E_km0_7599_am0_2136_s1024,-,-0.7599,0.05,-0.2136,1024,25,0.0014,1.9613,-0.0299,-2.6772,0.225,0.6434,2.4686,0.4051,False,True,0.1731,0.0326,False,False,False
R_E_km0_7599_am0_2136_s1024,-,-0.7599,0.05,-0.2136,1024,50,0.0017,2.4742,-0.0119,-1.26,1.4567,0.971,3.0896,0.3237,False,True,0.1201,0.0224,False,False,False
R_E_km0_7599_am0_2136_s1024,-,-0.7599,0.05,-0.2136,1024,75,0.0011,1.8932,0.0178,1.7043,1.3754,0.979,3.0715,0.3256,False,True,0.118,0.0219,False,False,True
R_E_km0_7599_am0_2136_s1024,-,-0.7599,0.05,-0.2136,1024,100,0.0009,1.4007,0.0023,0.1916,1.4769,0.9763,3.0662,0.3261,False,True,0.1184,0.0225,False,False,True
R_E_km0_7599_am0_2136_s1024,-,-0.7599,0.05,-0.2136,1024,125,0.0011,1.6605,0.0113,1.2117,1.363,0.9769,3.0732,0.3254,False,True,0.1185,0.0221,False,False,True
R_E_km0_7599_am0_2136_s1024,-,-0.7599,0.05,-0.2136,1024,150,0.001,1.5672,0.0071,0.9201,1.4911,0.977,3.0737,0.3253,False,True,0.1185,0.0227,False,False,True
R_E_km0_7599_am0_2136_s1024,-,-0.7599,0.05,-0.2136,1024,175,0.0021,2.9854,-0.0038,-0.4347,1.3649,0.9776,3.078,0.3249,False,True,0.1185,0.0219,False,False,False
R_E_km0_7599_am0_2136_s1024,-,-0.7599,0.05,-0.2136,1024,200,0.002,3.0253,-0.0047,-0.5684,1.4751,0.9779,3.0786,0.3248,False,True,0.1184,0.0226,False,False,False
R_E_km0_7599_am0_2136_s1024,-,-0.7599,0.05,-0.2136,1024,225,0.0013,1.6421,-0.0007,-0.0307,1.3726,0.9782,3.0759,0.3251,False,True,0.1183,0.0221,False,False,True
R_E_km0_7599_am0_2136_s1024,-,-0.7599,0.05,-0.2136,1024,250,0.0011,1.7634,-0.0009,0.0798,1.4773,0.9767,3.0724,0.3255,False,True,0.1185,0.0225,False,False,True
R_E_km0_7599_am0_2136_s1024,-,-0.7599,0.05,-0.2136,1024,275,-0.0009,-0.8657,0.0141,1.481,1.3708,0.9762,3.0662,0.3261,False,True,0.1184,0.0218,False,False,True
R_E_km0_7599_am0_2136_s1024,-,-0.7599,0.05,-0.2136,1024,300,-0.0011,-1.1462,0.0015,0.2199,1.4731,0.977,3.0674,0.326,False,True,0.1183,0.0219,False,False,True
R_E_km0_7599_am0_2136_s31415,-,-0.7599,0.05,-0.2136,31415,0,0.002,2.2475,-0.0368,-3.8412,0.4626,0.2109,0.8399,0.4619,False,True,0.2391,0.0431,False,False,False
R_E_km0_7599_am0_2136_s31415,-,-0.7599,0.05,-0.2136,31415,25,0.0019,2.4928,-0.0275,-2.892,1.0332,0.6128,2.1024,0.3613,False,True,0.1817,0.0374,False,False,False
R_E_km0_7599_am0_2136_s31415,-,-0.7599,0.05,-0.2136,31415,50,0.0007,0.9702,-0.038,-4.0852,0.1023,0.6198,2.4118,0.4146,False,True,0.1767,0.0317,False,False,False
R_E_km0_7599_am0_2136_s31415,-,-0.7599,0.05,-0.2136,31415,75,0.0002,0.6027,-0.0033,-0.2659,1.4487,0.9685,3.0999,0.3226,False,True,0.1209,0.0228,False,False,True
R_E_km0_7599_am0_2136_s31415,-,-0.7599,0.05,-0.2136,31415,100,-0.0003,-0.1136,-0.0172,-1.6293,1.3732,0.9771,3.0735,0.3254,False,True,0.1184,0.0218,False,False,True
R_E_km0_7599_am0_2136_s31415,-,-0.7599,0.05,-0.2136,31415,125,-0.0005,-0.4019,-0.0119,-1.0436,1.4783,0.9764,3.0717,0.3256,False,True,0.1185,0.0225,False,False,True
R_E_km0_7599_am0_2136_s31415,-,-0.7599,0.05,-0.2136,31415,150,-0.0004,-0.2742,-0.0107,-1.1766,1.3681,0.9771,3.0725,0.3255,False,True,0.1184,0.022,False,False,True
R_E_km0_7599_am0_2136_s31415,-,-0.7599,0.05,-0.2136,31415,175,0.0,0.2122,-0.0014,0.0222,1.4794,0.9762,3.0707,0.3257,False,True,0.1185,0.0228,False,False,True
R_E_km0_7599_am0_2136_s31415,-,-0.7599,0.05,-0.2136,31415,200,0.0008,1.3369,-0.005,-0.4496,1.3664,0.977,3.0735,0.3254,False,True,0.1185,0.0218,False,False,True
R_E_km0_7599_am0_2136_s31415,-,-0.7599,0.05,-0.2136,31415,225,0.0008,1.3131,-0.0108,-0.9393,1.4815,0.9772,3.074,0.3253,False,True,0.1184,0.0223,False,False,True
R_E_km0_7599_am0_2136_s31415,-,-0.7599,0.05,-0.2136,31415,250,-0.0004,-0.274,-0.0106,-1.1498,1.3681,0.9771,3.0724,0.3255,False,True,0.1184,0.0214,False,False,True
R_E_km0_7599_am0_2136_s31415,-,-0.7599,0.05,-0.2136,31415,275,-0.0009,-0.976,-0.0159,-1.6259,1.476,0.9776,3.0727,0.3254,False,True,0.1183,0.0216,False,False,True
R_E_km0_7599_am0_2136_s31415,-,-0.7599,0.05,-0.2136,31415,300,-0.0025,-2.8034,-0.0047,-0.3637,1.3701,0.9775,3.0677,0.326,False,True,0.1182,0.0217,False,False,False
R_E_km0_7599_am0_4418_s42,-,-0.7599,0.1,-0.4418,42,0,0.0001,0.5177,-0.0453,-4.845,1.0041,0.648,2.3411,0.3455,False,True,0.176,0.0391,False,False,False
R_E_km0_7599_am0_4418_s42,-,-0.7599,0.1,-0.4418,42,25,-0.0004,0.03,-0.0344,-3.448,0.3032,0.6587,2.5082,0.3987,False,True,0.1708,0.0324,False,False,False
R_E_km0_7599_am0_4418_s42,-,-0.7599,0.1,-0.4418,42,50,0.0012,2.0175,0.0122,1.2315,1.4605,0.9696,3.0841,0.3242,False,True,0.1203,0.0224,False,False,False
R_E_km0_7599_am0_4418_s42,-,-0.7599,0.1,-0.4418,42,75,0.0007,1.2021,-0.0139,-1.3474,1.3619,0.9778,3.0716,0.3256,False,True,0.1182,0.0214,False,False,True
R_E_km0_7599_am0_4418_s42,-,-0.7599,0.1,-0.4418,42,100,0.0006,1.1794,-0.0225,-2.171,1.481,0.9779,3.0722,0.3255,False,True,0.1182,0.0221,False,False,False
R_E_km0_7599_am0_4418_s42,-,-0.7599,0.1,-0.4418,42,125,-0.0005,-0.3393,-0.0043,-0.3556,1.3712,0.9772,3.0728,0.3254,False,True,0.1184,0.0219,False,False,True
R_E_km0_7599_am0_4418_s42,-,-0.7599,0.1,-0.4418,42,150,-0.0006,-0.3848,-0.0103,-1.0076,1.4791,0.9773,3.0731,0.3254,False,True,0.1184,0.0225,False,False,True
R_E_km0_7599_am0_4418_s42,-,-0.7599,0.1,-0.4418,42,175,0.0006,1.2254,0.0033,0.323,1.3688,0.9772,3.0693,0.3258,False,True,0.1183,0.0223,False,False,True
R_E_km0_7599_am0_4418_s42,-,-0.7599,0.1,-0.4418,42,200,0.0001,0.4393,0.0074,0.7347,1.475,0.977,3.069,0.3258,False,True,0.1183,0.0228,False,False,True
R_E_km0_7599_am0_4418_s42,-,-0.7599,0.1,-0.4418,42,225,-0.0003,0.0155,0.014,1.5027,1.3687,0.9771,3.0685,0.3259,False,True,0.1183,0.0222,False,False,True
R_E_km0_7599_am0_4418_s42,-,-0.7599,0.1,-0.4418,42,250,-0.0005,-0.5237,0.0006,0.0322,1.4828,0.9774,3.0688,0.3259,False,True,0.1182,0.0227,False,False,True
R_E_km0_7599_am0_4418_s42,-,-0.7599,0.1,-0.4418,42,275,-0.0009,-0.8056,-0.0034,-0.3363,1.3632,0.9772,3.0714,0.3256,False,True,0.1184,0.0219,False,False,True
R_E_km0_7599_am0_4418_s42,-,-0.7599,0.1,-0.4418,42,300,0.0001,0.5975,0.0093,1.0386,1.4777,0.9766,3.0701,0.3257,False,True,0.1184,0.0222,False,False,True
R_E_km0_7599_am0_4418_s137,-,-0.7599,0.1,-0.4418,137,0,-0.0018,-1.5507,-0.0455,-4.6577,0.9848,0.7037,2.6396,0.3278,False,True,0.1671,0.0384,False,False,False
R_E_km0_7599_am0_4418_s137,-,-0.7599,0.1,-0.4418,137,25,-0.0019,-1.8147,-0.0435,-4.2358,0.5322,0.7141,2.629,0.3804,False,True,0.1619,0.0323,False,False,False
R_E_km0_7599_am0_4418_s137,-,-0.7599,0.1,-0.4418,137,50,0.0012,1.791,-0.0022,-0.2108,1.4613,0.9708,3.0793,0.3248,False,True,0.1199,0.0222,False,False,True
R_E_km0_7599_am0_4418_s137,-,-0.7599,0.1,-0.4418,137,75,0.0015,2.4171,-0.0024,-0.2873,1.368,0.9779,3.0731,0.3254,False,True,0.1183,0.0214,False,False,False
R_E_km0_7599_am0_4418_s137,-,-0.7599,0.1,-0.4418,137,100,0.0018,2.7248,-0.0044,-0.3682,1.4878,0.9786,3.074,0.3253,False,True,0.1181,0.0218,False,False,False
R_E_km0_7599_am0_4418_s137,-,-0.7599,0.1,-0.4418,137,125,0.0007,1.3956,-0.007,-0.7065,1.3659,0.9786,3.0757,0.3251,False,True,0.1182,0.0216,False,False,True
R_E_km0_7599_am0_4418_s137,-,-0.7599,0.1,-0.4418,137,150,0.0001,0.5395,-0.0066,-0.613,1.4723,0.9787,3.0757,0.3251,False,True,0.1182,0.0218,False,False,True
R_E_km0_7599_am0_4418_s137,-,-0.7599,0.1,-0.4418,137,175,-0.0009,-0.819,-0.0147,-1.4487,1.3731,0.9781,3.0746,0.3252,False,True,0.1183,0.0217,False,False,True
R_E_km0_7599_am0_4418_s137,-,-0.7599,0.1,-0.4418,137,200,-0.0005,-0.5206,-0.014,-1.3823,1.4835,0.9775,3.0737,0.3253,False,True,0.1183,0.0222,False,False,True
R_E_km0_7599_am0_4418_s137,-,-0.7599,0.1,-0.4418,137,225,-0.001,-1.0947,0.0001,0.0563,1.3659,0.9773,3.0708,0.3256,False,True,0.1183,0.0218,False,False,True
R_E_km0_7599_am0_4418_s137,-,-0.7599,0.1,-0.4418,137,250,-0.0011,-1.1341,-0.0055,-0.4938,1.4757,0.9784,3.073,0.3254,False,True,0.1182,0.0222,False,False,True
R_E_km0_7599_am0_4418_s137,-,-0.7599,0.1,-0.4418,137,275,0.0007,1.0204,-0.0019,-0.1833,1.3697,0.9776,3.07,0.3257,False,True,0.1182,0.0218,False,False,True
R_E_km0_7599_am0_4418_s137,-,-0.7599,0.1,-0.4418,137,300,0.0005,1.2175,0.0107,0.9994,1.48,0.9757,3.0667,0.3261,False,True,0.1185,0.0226,False,False,True
R_E_km0_7599_am0_4418_s256,-,-0.7599,0.1,-0.4418,256,0,-0.0002,0.0841,-0.0317,-3.0685,0.988,0.6879,2.4923,0.3324,False,True,0.1696,0.0386,False,False,False
R_E_km0_7599_am0_4418_s256,-,-0.7599,0.1,-0.4418,256,25,-0.0009,-0.6664,-0.0246,-2.5456,0.4676,0.6982,2.5976,0.385,False,True,0.1645,0.0322,False,False,False
R_E_km0_7599_am0_4418_s256,-,-0.7599,0.1,-0.4418,256,50,0.0009,1.2902,0.0024,0.3961,1.4705,0.971,3.0828,0.3244,False,True,0.1199,0.0219,False,False,True
R_E_km0_7599_am0_4418_s256,-,-0.7599,0.1,-0.4418,256,75,-0.0,0.3299,0.0118,1.2195,1.369,0.9792,3.0765,0.325,False,True,0.1181,0.0214,False,False,True
R_E_km0_7599_am0_4418_s256,-,-0.7599,0.1,-0.4418,256,100,0.0001,0.5067,0.0131,1.3456,1.4783,0.9772,3.0726,0.3255,False,True,0.1184,0.0221,False,False,True
R_E_km0_7599_am0_4418_s256,-,-0.7599,0.1,-0.4418,256,125,-0.0007,-0.5599,-0.0004,-0.0311,1.3704,0.977,3.0726,0.3255,False,True,0.1184,0.0218,False,False,True
R_E_km0_7599_am0_4418_s256,-,-0.7599,0.1,-0.4418,256,150,-0.0009,-0.6701,-0.0095,-0.9852,1.478,0.9762,3.0717,0.3256,False,True,0.1186,0.0229,False,False,True
R_E_km0_7599_am0_4418_s256,-,-0.7599,0.1,-0.4418,256,175,-0.001,-0.8963,0.0007,0.0404,1.3599,0.9756,3.0725,0.3255,False,True,0.1187,0.0219,False,False,True
R_E_km0_7599_am0_4418_s256,-,-0.7599,0.1,-0.4418,256,200,-0.0012,-1.3027,-0.0027,-0.3699,1.4804,0.9762,3.074,0.3253,False,True,0.1186,0.0224,False,False,True
R_E_km0_7599_am0_4418_s256,-,-0.7599,0.1,-0.4418,256,225,-0.0014,-1.4607,-0.0024,-0.2037,1.3694,0.9757,3.0726,0.3255,False,True,0.1187,0.022,False,False,True
R_E_km0_7599_am0_4418_s256,-,-0.7599,0.1,-0.4418,256,250,-0.001,-0.9766,-0.0158,-1.6976,1.4736,0.975,3.0702,0.3257,False,True,0.1188,0.0223,False,False,True
R_E_km0_7599_am0_4418_s256,-,-0.7599,0.1,-0.4418,256,275,0.0001,0.6246,0.0021,0.3694,1.363,0.975,3.0688,0.3259,False,True,0.1187,0.0218,False,False,True
R_E_km0_7599_am0_4418_s256,-,-0.7599,0.1,-0.4418,256,300,0.0001,0.5607,-0.0007,-0.0479,1.4825,0.9756,3.0697,0.3258,False,True,0.1186,0.0222,False,False,True
R_E_km0_7599_am0_4418_s1024,-,-0.7599,0.1,-0.4418,1024,0,0.0003,0.7316,-0.0433,-4.4123,0.9948,0.6901,2.5595,0.3313,False,True,0.1693,0.0395,False,False,False
R_E_km0_7599_am0_4418_s1024,-,-0.7599,0.1,-0.4418,1024,25,0.0004,0.89,-0.0376,-3.3473,0.4808,0.7006,2.6026,0.3842,False,True,0.1641,0.0334,False,False,False
R_E_km0_7599_am0_4418_s1024,-,-0.7599,0.1,-0.4418,1024,50,0.0018,2.7483,-0.0117,-1.2467,1.4613,0.9727,3.0865,0.324,False,True,0.1197,0.0224,False,False,False
R_E_km0_7599_am0_4418_s1024,-,-0.7599,0.1,-0.4418,1024,75,0.0011,1.8932,0.0178,1.7043,1.3754,0.979,3.0715,0.3256,False,True,0.118,0.0219,False,False,True
R_E_km0_7599_am0_4418_s1024,-,-0.7599,0.1,-0.4418,1024,100,0.0009,1.4007,0.0023,0.1916,1.4769,0.9763,3.0662,0.3261,False,True,0.1184,0.0225,False,False,True
R_E_km0_7599_am0_4418_s1024,-,-0.7599,0.1,-0.4418,1024,125,0.0011,1.6605,0.0113,1.2117,1.363,0.9769,3.0732,0.3254,False,True,0.1185,0.0221,False,False,True
R_E_km0_7599_am0_4418_s1024,-,-0.7599,0.1,-0.4418,1024,150,0.001,1.5672,0.0071,0.9201,1.4911,0.977,3.0737,0.3253,False,True,0.1185,0.0227,False,False,True
R_E_km0_7599_am0_4418_s1024,-,-0.7599,0.1,-0.4418,1024,175,0.0021,2.9854,-0.0038,-0.4347,1.3649,0.9776,3.078,0.3249,False,True,0.1185,0.0219,False,False,False
R_E_km0_7599_am0_4418_s1024,-,-0.7599,0.1,-0.4418,1024,200,0.002,3.0253,-0.0047,-0.5684,1.4751,0.9779,3.0786,0.3248,False,True,0.1184,0.0226,False,False,False
R_E_km0_7599_am0_4418_s1024,-,-0.7599,0.1,-0.4418,1024,225,0.0013,1.6421,-0.0007,-0.0307,1.3726,0.9782,3.0759,0.3251,False,True,0.1183,0.0221,False,False,True
R_E_km0_7599_am0_4418_s1024,-,-0.7599,0.1,-0.4418,1024,250,0.0011,1.7634,-0.0009,0.0798,1.4773,0.9767,3.0724,0.3255,False,True,0.1185,0.0225,False,False,True
R_E_km0_7599_am0_4418_s1024,-,-0.7599,0.1,-0.4418,1024,275,-0.0009,-0.8657,0.0141,1.481,1.3708,0.9762,3.0662,0.3261,False,True,0.1184,0.0218,False,False,True
R_E_km0_7599_am0_4418_s1024,-,-0.7599,0.1,-0.4418,1024,300,-0.0011,-1.1462,0.0015,0.2199,1.4731,0.977,3.0674,0.326,False,True,0.1183,0.0219,False,False,True
R_E_km0_7599_am0_4418_s31415,-,-0.7599,0.1,-0.4418,31415,0,-0.0014,-1.1102,-0.0368,-3.8362,0.3643,0.3677,1.6281,0.4206,False,True,0.2198,0.0438,False,False,False
R_E_km0_7599_am0_4418_s31415,-,-0.7599,0.1,-0.4418,31415,25,-0.0015,-1.3018,-0.0333,-3.2678,0.9681,0.7338,2.7377,0.32,False,True,0.1625,0.0384,False,False,False
R_E_km0_7599_am0_4418_s31415,-,-0.7599,0.1,-0.4418,31415,50,-0.0028,-2.52,-0.0383,-3.939,0.6409,0.7429,2.687,0.3722,False,True,0.1572,0.0319,False,False,False
R_E_km0_7599_am0_4418_s31415,-,-0.7599,0.1,-0.4418,31415,75,-0.0006,-0.3223,-0.0045,-0.3864,1.4718,0.9717,3.0797,0.3247,False,True,0.1197,0.0225,False,False,True
R_E_km0_7599_am0_4418_s31415,-,-0.7599,0.1,-0.4418,31415,100,-0.0003,-0.1061,-0.0173,-1.6449,1.3733,0.9771,3.0735,0.3254,False,True,0.1184,0.0218,False,False,True
R_E_km0_7599_am0_4418_s31415,-,-0.7599,0.1,-0.4418,31415,125,-0.0005,-0.4019,-0.0119,-1.0436,1.4783,0.9764,3.0717,0.3256,False,True,0.1185,0.0225,False,False,True
R_E_km0_7599_am0_4418_s31415,-,-0.7599,0.1,-0.4418,31415,150,-0.0004,-0.2742,-0.0107,-1.1766,1.3681,0.9771,3.0725,0.3255,False,True,0.1184,0.022,False,False,True
R_E_km0_7599_am0_4418_s31415,-,-0.7599,0.1,-0.4418,31415,175,0.0,0.2122,-0.0014,0.0222,1.4794,0.9762,3.0707,0.3257,False,True,0.1185,0.0228,False,False,True
R_E_km0_7599_am0_4418_s31415,-,-0.7599,0.1,-0.4418,31415,200,0.0008,1.3369,-0.005,-0.4496,1.3664,0.977,3.0735,0.3254,False,True,0.1185,0.0218,False,False,True
R_E_km0_7599_am0_4418_s31415,-,-0.7599,0.1,-0.4418,31415,225,0.0008,1.3131,-0.0108,-0.9393,1.4815,0.9772,3.074,0.3253,False,True,0.1184,0.0223,False,False,True
R_E_km0_7599_am0_4418_s31415,-,-0.7599,0.1,-0.4418,31415,250,-0.0004,-0.274,-0.0106,-1.1498,1.3681,0.9771,3.0724,0.3255,False,True,0.1184,0.0214,False,False,True
R_E_km0_7599_am0_4418_s31415,-,-0.7599,0.1,-0.4418,31415,275,-0.0009,-0.976,-0.0159,-1.6259,1.476,0.9776,3.0727,0.3254,False,True,0.1183,0.0216,False,False,True
R_E_km0_7599_am0_4418_s31415,-,-0.7599,0.1,-0.4418,31415,300,-0.0025,-2.8034,-0.0047,-0.3637,1.3701,0.9775,3.0677,0.326,False,True,0.1182,0.0217,False,False,False
