Lambda_anchor,kappa,target_c,s_Lambda,theta_turnover,effective_persistence,realized_delta_p,seed,window_start,Psi_meanI_state,Psi_meanI_state_z,Psi_persistence_I,Psi_persistence_I_z,relative_drift,rho_cv,rho_range_over_mean,mean_rho,Steady_State_Candidate,Lifted_Activation_Candidate,mean_active_state_variance,persistence_std,extinction_degenerate,saturation_degenerate,LowLow_Nondegenerate_Candidate,q_mean,q_var,mean_abs_perturbation,realized_churn_rate
0.4,-0.7599,-0.35,0.4,0.0,0.4,-0.35,42,0,0.0034,3.6613,-0.0515,-5.1068,0.032,0.0838,1.0247,0.4161,False,True,0.2418,0.0491,False,False,False,0.4161,0.0307,0.0571,0.5989
0.4,-0.7599,-0.35,0.4,0.0,0.4,-0.35,42,25,0.0043,4.8309,-0.0479,-4.9068,0.0022,0.024,0.1405,0.4184,True,True,0.2432,0.0485,False,False,False,0.4184,0.0309,0.0562,0.5976
0.4,-0.7599,-0.35,0.4,0.0,0.4,-0.35,42,50,0.005,5.6129,-0.0465,-4.8221,0.0071,0.0257,0.1423,0.4189,True,True,0.2433,0.0492,False,False,False,0.4189,0.031,0.0561,0.5967
0.4,-0.7599,-0.35,0.4,0.0,0.4,-0.35,42,75,0.005,4.9357,-0.0529,-5.3093,0.0032,0.0235,0.1269,0.4192,True,True,0.2434,0.0488,False,False,False,0.4192,0.0309,0.056,0.5964
0.4,-0.7599,-0.35,0.4,0.0,0.4,-0.35,42,100,0.0053,5.3139,-0.0492,-4.6756,0.0005,0.0255,0.1269,0.4191,True,True,0.2433,0.0482,False,False,False,0.4191,0.0309,0.056,0.5986
0.4,-0.7599,-0.35,0.4,0.0,0.4,-0.35,137,0,0.0043,5.2251,-0.0535,-5.3644,0.0266,0.0844,1.0279,0.4164,False,True,0.2418,0.0475,False,False,False,0.4164,0.0307,0.057,0.5994
0.4,-0.7599,-0.35,0.4,0.0,0.4,-0.35,137,25,0.0046,5.3067,-0.0542,-5.4419,0.004,0.0256,0.1215,0.418,True,True,0.2432,0.0479,False,False,False,0.418,0.0308,0.0562,0.5994
0.4,-0.7599,-0.35,0.4,0.0,0.4,-0.35,137,50,0.0056,6.131,-0.0595,-5.9191,0.0005,0.0269,0.1253,0.4181,True,True,0.2432,0.0485,False,False,False,0.4181,0.0308,0.0562,0.5991
0.4,-0.7599,-0.35,0.4,0.0,0.4,-0.35,137,75,0.0054,6.0099,-0.0539,-5.418,0.0041,0.0263,0.1253,0.4184,True,True,0.2432,0.0479,False,False,False,0.4184,0.0308,0.0562,0.5994
0.4,-0.7599,-0.35,0.4,0.0,0.4,-0.35,137,100,0.0052,5.612,-0.0492,-4.679,0.0011,0.0253,0.1253,0.4182,True,True,0.2432,0.0478,False,False,False,0.4182,0.0309,0.0562,0.5997
0.4,-0.7599,-0.35,0.4,0.0,0.4,-0.35,256,0,0.0043,4.7091,-0.0378,-3.5344,0.0351,0.0857,1.0592,0.4177,False,True,0.2419,0.046,False,False,False,0.4177,0.0309,0.057,0.6
0.4,-0.7599,-0.35,0.4,0.0,0.4,-0.35,256,25,0.0041,4.487,-0.0341,-3.5125,0.0061,0.0247,0.0972,0.4196,True,True,0.2434,0.0459,False,False,False,0.4196,0.031,0.0561,0.5995
0.4,-0.7599,-0.35,0.4,0.0,0.4,-0.35,256,50,0.0051,5.1875,-0.0292,-2.9848,0.0193,0.0244,0.1013,0.4186,True,True,0.2433,0.0464,False,False,False,0.4186,0.0311,0.0563,0.5996
0.4,-0.7599,-0.35,0.4,0.0,0.4,-0.35,256,75,0.0041,4.3661,-0.0453,-4.217,0.0141,0.0253,0.1331,0.4178,True,True,0.2431,0.0474,False,False,False,0.4178,0.031,0.0564,0.5999
0.4,-0.7599,-0.35,0.4,0.0,0.4,-0.35,256,100,0.0039,3.6018,-0.048,-4.3029,0.0043,0.0255,0.1331,0.4177,True,True,0.2431,0.0486,False,False,False,0.4177,0.031,0.0564,0.5991
0.4,-0.7599,-0.35,0.4,0.0,0.4,-0.35,1024,0,0.0043,4.4553,-0.0419,-4.2806,0.0254,0.0845,1.0537,0.4164,False,True,0.2418,0.0481,False,False,False,0.4164,0.0308,0.0571,0.6012
0.4,-0.7599,-0.35,0.4,0.0,0.4,-0.35,1024,25,0.0053,5.5735,-0.0425,-3.9898,0.0035,0.021,0.0975,0.4186,True,True,0.2433,0.0484,False,False,False,0.4186,0.031,0.0563,0.6009
0.4,-0.7599,-0.35,0.4,0.0,0.4,-0.35,1024,50,0.0052,5.1313,-0.0458,-4.7765,0.0094,0.0219,0.0984,0.4187,True,True,0.2433,0.0486,False,False,False,0.4187,0.031,0.0562,0.6011
0.4,-0.7599,-0.35,0.4,0.0,0.4,-0.35,1024,75,0.0044,5.0029,-0.0504,-4.9124,0.0098,0.0237,0.119,0.42,True,True,0.2435,0.048,False,False,False,0.42,0.0309,0.056,0.5997
0.4,-0.7599,-0.35,0.4,0.0,0.4,-0.35,1024,100,0.0041,4.3107,-0.0527,-4.9854,0.0088,0.0239,0.1192,0.4195,True,True,0.2434,0.0485,False,False,False,0.4195,0.0309,0.056,0.5991
0.4,-0.7599,-0.35,0.4,0.0,0.4,-0.35,31415,0,0.0024,2.6853,-0.0403,-4.1839,0.0408,0.0861,1.0653,0.4149,False,True,0.2415,0.0475,False,False,False,0.4149,0.0305,0.0572,0.6021
0.4,-0.7599,-0.35,0.4,0.0,0.4,-0.35,31415,25,0.0037,4.0624,-0.0467,-4.6144,0.0045,0.0226,0.132,0.418,True,True,0.2432,0.0482,False,False,False,0.418,0.0309,0.0562,0.6024
0.4,-0.7599,-0.35,0.4,0.0,0.4,-0.35,31415,50,0.0038,3.9928,-0.0543,-5.375,0.0069,0.0231,0.1168,0.4179,True,True,0.2432,0.0484,False,False,False,0.4179,0.031,0.0563,0.601
0.4,-0.7599,-0.35,0.4,0.0,0.4,-0.35,31415,75,0.0039,4.3308,-0.0584,-6.3705,0.0007,0.0236,0.1082,0.4177,True,True,0.2431,0.0487,False,False,False,0.4177,0.0312,0.0565,0.6005
0.4,-0.7599,-0.35,0.4,0.0,0.4,-0.35,31415,100,0.0043,4.9111,-0.0535,-5.2366,0.0006,0.0251,0.1082,0.4177,True,True,0.2431,0.048,False,False,False,0.4177,0.0312,0.0565,0.6014
0.4,-0.7599,-0.35,0.4,0.02,0.392,-0.35,42,0,0.0042,4.4656,-0.052,-5.2964,0.0321,0.0839,1.0299,0.4136,False,True,0.2413,0.0487,False,False,False,0.4136,0.0307,0.0575,0.6064
0.4,-0.7599,-0.35,0.4,0.02,0.392,-0.35,42,25,0.0052,5.8423,-0.0465,-4.8039,0.0028,0.0244,0.1471,0.4159,True,True,0.2428,0.0479,False,False,False,0.4159,0.031,0.0567,0.6052
0.4,-0.7599,-0.35,0.4,0.02,0.392,-0.35,42,50,0.0061,6.7632,-0.0457,-4.7134,0.0078,0.026,0.1469,0.4165,True,True,0.2429,0.0486,False,False,False,0.4165,0.031,0.0565,0.6043
0.4,-0.7599,-0.35,0.4,0.02,0.392,-0.35,42,75,0.006,5.7919,-0.0525,-5.3014,0.0038,0.0241,0.1219,0.4168,True,True,0.243,0.0484,False,False,False,0.4168,0.031,0.0564,0.6041
0.4,-0.7599,-0.35,0.4,0.02,0.392,-0.35,42,100,0.0061,6.2239,-0.0502,-4.877,0.0006,0.026,0.1219,0.4167,True,True,0.2429,0.0478,False,False,False,0.4167,0.0309,0.0564,0.6064
0.4,-0.7599,-0.35,0.4,0.02,0.392,-0.35,137,0,0.0048,5.5968,-0.0534,-5.3657,0.027,0.0845,1.0335,0.4137,False,True,0.2413,0.047,False,False,False,0.4137,0.0307,0.0575,0.6077
0.4,-0.7599,-0.35,0.4,0.02,0.392,-0.35,137,25,0.005,5.69,-0.0542,-5.6232,0.0044,0.0258,0.1194,0.4154,True,True,0.2427,0.0474,False,False,False,0.4154,0.0308,0.0566,0.6075
0.4,-0.7599,-0.35,0.4,0.02,0.392,-0.35,137,50,0.0059,6.5795,-0.0597,-5.9301,0.0001,0.0265,0.1213,0.4154,True,True,0.2427,0.0479,False,False,False,0.4154,0.0308,0.0566,0.6073
0.4,-0.7599,-0.35,0.4,0.02,0.392,-0.35,137,75,0.006,6.3573,-0.0549,-5.5047,0.0045,0.0262,0.1212,0.4157,True,True,0.2428,0.0474,False,False,False,0.4157,0.0308,0.0566,0.6076
0.4,-0.7599,-0.35,0.4,0.02,0.392,-0.35,137,100,0.0057,6.0204,-0.0499,-4.7282,0.0011,0.0254,0.1213,0.4154,True,True,0.2427,0.0473,False,False,False,0.4154,0.0309,0.0566,0.608
0.4,-0.7599,-0.35,0.4,0.02,0.392,-0.35,256,0,0.0048,5.0925,-0.0382,-3.5372,0.0346,0.0858,1.0634,0.4149,False,True,0.2415,0.0456,False,False,False,0.4149,0.0308,0.0574,0.6084
0.4,-0.7599,-0.35,0.4,0.02,0.392,-0.35,256,25,0.0047,5.0073,-0.034,-3.4356,0.0055,0.0249,0.0998,0.4169,True,True,0.243,0.0454,False,False,False,0.4169,0.031,0.0565,0.6077
0.4,-0.7599,-0.35,0.4,0.02,0.392,-0.35,256,50,0.0056,5.6455,-0.0321,-3.2861,0.0184,0.0247,0.1039,0.4159,True,True,0.2428,0.0458,False,False,False,0.4159,0.0311,0.0567,0.6079
0.4,-0.7599,-0.35,0.4,0.02,0.392,-0.35,256,75,0.0047,4.9509,-0.0483,-4.4848,0.0158,0.0255,0.1349,0.415,True,True,0.2427,0.047,False,False,False,0.415,0.031,0.0568,0.6084
0.4,-0.7599,-0.35,0.4,0.02,0.392,-0.35,256,100,0.0045,4.0774,-0.0508,-4.536,0.003,0.0259,0.135,0.4149,True,True,0.2426,0.048,False,False,False,0.4149,0.031,0.0568,0.6076
0.4,-0.7599,-0.35,0.4,0.02,0.392,-0.35,1024,0,0.005,5.1711,-0.0439,-4.5275,0.0238,0.0848,1.0601,0.4139,False,True,0.2414,0.0475,False,False,False,0.4139,0.0308,0.0575,0.609
0.4,-0.7599,-0.35,0.4,0.02,0.392,-0.35,1024,25,0.0059,6.1803,-0.0431,-3.9968,0.0027,0.0213,0.101,0.416,True,True,0.2429,0.0478,False,False,False,0.416,0.0311,0.0567,0.6088
0.4,-0.7599,-0.35,0.4,0.02,0.392,-0.35,1024,50,0.0057,5.4389,-0.0459,-4.7083,0.0093,0.0218,0.0942,0.4161,True,True,0.2429,0.048,False,False,False,0.4161,0.031,0.0566,0.6087
0.4,-0.7599,-0.35,0.4,0.02,0.392,-0.35,1024,75,0.005,5.4883,-0.0483,-4.5159,0.0104,0.0234,0.1227,0.4174,True,True,0.2431,0.0473,False,False,False,0.4174,0.0309,0.0564,0.6078
0.4,-0.7599,-0.35,0.4,0.02,0.392,-0.35,1024,100,0.0047,4.9487,-0.0517,-4.8731,0.0096,0.0237,0.1228,0.4168,True,True,0.243,0.0479,False,False,False,0.4168,0.0309,0.0565,0.6074
0.4,-0.7599,-0.35,0.4,0.02,0.392,-0.35,31415,0,0.0029,3.1714,-0.0405,-4.203,0.0413,0.0862,1.0673,0.4123,False,True,0.241,0.047,False,False,False,0.4123,0.0305,0.0576,0.61
0.4,-0.7599,-0.35,0.4,0.02,0.392,-0.35,31415,25,0.0043,4.5861,-0.048,-4.6946,0.0036,0.0228,0.1281,0.4154,True,True,0.2428,0.0478,False,False,False,0.4154,0.0309,0.0566,0.6102
0.4,-0.7599,-0.35,0.4,0.02,0.392,-0.35,31415,50,0.0045,4.8126,-0.0551,-5.5399,0.0079,0.0234,0.1098,0.4152,True,True,0.2427,0.0479,False,False,False,0.4152,0.031,0.0567,0.609
0.4,-0.7599,-0.35,0.4,0.02,0.392,-0.35,31415,75,0.0046,5.0934,-0.0615,-6.6037,0.0015,0.0241,0.1089,0.4151,True,True,0.2427,0.0481,False,False,False,0.4151,0.0311,0.0568,0.6088
0.4,-0.7599,-0.35,0.4,0.02,0.392,-0.35,31415,100,0.005,5.5473,-0.0569,-5.5711,0.001,0.0254,0.1118,0.4151,True,True,0.2427,0.0473,False,False,False,0.4151,0.0311,0.0568,0.6093
0.4,-0.7599,-0.35,0.4,0.05,0.38,-0.35,42,0,0.0046,4.817,-0.0534,-5.3401,0.0322,0.0842,1.0378,0.4097,False,True,0.2407,0.0479,False,False,False,0.4097,0.0306,0.0581,0.619
0.4,-0.7599,-0.35,0.4,0.05,0.38,-0.35,42,25,0.0058,6.2613,-0.046,-4.8285,0.0056,0.0245,0.1378,0.4121,True,True,0.2422,0.0474,False,False,False,0.4121,0.0309,0.0572,0.6171
0.4,-0.7599,-0.35,0.4,0.05,0.38,-0.35,42,50,0.0068,7.6983,-0.0475,-4.849,0.0082,0.0262,0.1434,0.4128,True,True,0.2423,0.0478,False,False,False,0.4128,0.031,0.0571,0.616
0.4,-0.7599,-0.35,0.4,0.05,0.38,-0.35,42,75,0.007,6.8872,-0.0558,-5.653,0.0049,0.0241,0.1249,0.4131,True,True,0.2423,0.0477,False,False,False,0.4131,0.031,0.057,0.6154
0.4,-0.7599,-0.35,0.4,0.05,0.38,-0.35,42,100,0.007,7.0895,-0.0491,-4.7612,0.0013,0.0256,0.1249,0.4131,True,True,0.2423,0.047,False,False,False,0.4131,0.0309,0.057,0.6178
0.4,-0.7599,-0.35,0.4,0.05,0.38,-0.35,137,0,0.0057,6.6733,-0.0537,-5.3346,0.0276,0.0849,1.04,0.41,False,True,0.2407,0.0463,False,False,False,0.41,0.0307,0.0581,0.6195
0.4,-0.7599,-0.35,0.4,0.05,0.38,-0.35,137,25,0.0059,6.8746,-0.0513,-5.2742,0.0043,0.026,0.1156,0.4116,True,True,0.2421,0.0466,False,False,False,0.4116,0.0308,0.0572,0.6195
0.4,-0.7599,-0.35,0.4,0.05,0.38,-0.35,137,50,0.0068,7.5164,-0.0591,-6.0302,0.0031,0.0272,0.1167,0.4114,True,True,0.242,0.0472,False,False,False,0.4114,0.0308,0.0573,0.6196
0.4,-0.7599,-0.35,0.4,0.05,0.38,-0.35,137,75,0.0071,7.5155,-0.0534,-5.2992,0.0048,0.0269,0.1195,0.4118,True,True,0.2421,0.0467,False,False,False,0.4118,0.0309,0.0572,0.62
0.4,-0.7599,-0.35,0.4,0.05,0.38,-0.35,137,100,0.007,7.3034,-0.0474,-4.6139,0.0005,0.0261,0.1196,0.4113,True,True,0.242,0.0463,False,False,False,0.4113,0.031,0.0574,0.6209
0.4,-0.7599,-0.35,0.4,0.05,0.38,-0.35,256,0,0.0053,5.6032,-0.0425,-4.0778,0.0347,0.0861,1.0714,0.411,False,True,0.2408,0.0448,False,False,False,0.411,0.0308,0.058,0.6202
0.4,-0.7599,-0.35,0.4,0.05,0.38,-0.35,256,25,0.005,5.2393,-0.038,-3.8379,0.0054,0.0252,0.1075,0.413,True,True,0.2423,0.0448,False,False,False,0.413,0.0309,0.0571,0.6194
0.4,-0.7599,-0.35,0.4,0.05,0.38,-0.35,256,50,0.0057,5.8236,-0.0329,-3.2515,0.0171,0.0248,0.1068,0.412,True,True,0.2421,0.0452,False,False,False,0.412,0.031,0.0573,0.6194
0.4,-0.7599,-0.35,0.4,0.05,0.38,-0.35,256,75,0.0049,5.2113,-0.0472,-4.3586,0.0159,0.0262,0.1401,0.4112,True,True,0.242,0.0465,False,False,False,0.4112,0.031,0.0574,0.62
0.4,-0.7599,-0.35,0.4,0.05,0.38,-0.35,256,100,0.0049,4.4456,-0.0504,-4.518,0.0033,0.0265,0.1401,0.411,True,True,0.242,0.0474,False,False,False,0.411,0.031,0.0574,0.6192
0.4,-0.7599,-0.35,0.4,0.05,0.38,-0.35,1024,0,0.0057,5.8361,-0.0416,-4.3298,0.0242,0.085,1.0676,0.4103,False,True,0.2407,0.0468,False,False,False,0.4103,0.0309,0.0581,0.6209
0.4,-0.7599,-0.35,0.4,0.05,0.38,-0.35,1024,25,0.0065,6.7049,-0.0398,-3.7449,0.0014,0.0221,0.1009,0.4123,True,True,0.2422,0.047,False,False,False,0.4123,0.0311,0.0573,0.6206
0.4,-0.7599,-0.35,0.4,0.05,0.38,-0.35,1024,50,0.0062,5.9941,-0.0442,-4.6199,0.0086,0.0219,0.0941,0.4122,True,True,0.2422,0.0472,False,False,False,0.4122,0.0309,0.0572,0.6205
0.4,-0.7599,-0.35,0.4,0.05,0.38,-0.35,1024,75,0.0055,6.0307,-0.0502,-4.709,0.0081,0.0233,0.1151,0.4134,True,True,0.2424,0.0466,False,False,False,0.4134,0.0309,0.057,0.6194
0.4,-0.7599,-0.35,0.4,0.05,0.38,-0.35,1024,100,0.0054,5.728,-0.056,-5.3561,0.0081,0.0235,0.1153,0.4129,True,True,0.2423,0.0472,False,False,False,0.4129,0.0309,0.0571,0.619
0.4,-0.7599,-0.35,0.4,0.05,0.38,-0.35,31415,0,0.004,4.1422,-0.0393,-4.0827,0.0401,0.0866,1.0747,0.4087,False,True,0.2404,0.0462,False,False,False,0.4087,0.0305,0.0582,0.6215
0.4,-0.7599,-0.35,0.4,0.05,0.38,-0.35,31415,25,0.0051,5.3449,-0.0425,-4.1164,0.0021,0.0225,0.1224,0.4117,True,True,0.2421,0.0468,False,False,False,0.4117,0.0309,0.0572,0.6216
0.4,-0.7599,-0.35,0.4,0.05,0.38,-0.35,31415,50,0.0054,5.6338,-0.0529,-5.4248,0.008,0.0239,0.1147,0.4115,True,True,0.2421,0.0472,False,False,False,0.4115,0.031,0.0573,0.6209
0.4,-0.7599,-0.35,0.4,0.05,0.38,-0.35,31415,75,0.0055,5.9494,-0.0587,-6.1973,0.0022,0.0251,0.1187,0.4112,True,True,0.242,0.0474,False,False,False,0.4112,0.0312,0.0575,0.6206
0.4,-0.7599,-0.35,0.4,0.05,0.38,-0.35,31415,100,0.0057,6.4912,-0.0544,-5.4014,0.0018,0.0265,0.1186,0.4114,True,True,0.242,0.0469,False,False,False,0.4114,0.0312,0.0575,0.6211
0.4,-0.7599,-0.35,0.4,0.1,0.36,-0.35,42,0,0.0062,6.3354,-0.0523,-5.2522,0.0311,0.0847,1.0513,0.4037,False,True,0.2396,0.0465,False,False,False,0.4037,0.0307,0.0591,0.6387
0.4,-0.7599,-0.35,0.4,0.1,0.36,-0.35,42,25,0.0077,7.8974,-0.0459,-4.6558,0.004,0.0254,0.1428,0.406,True,True,0.2411,0.0461,False,False,False,0.406,0.031,0.0583,0.6369
0.4,-0.7599,-0.35,0.4,0.1,0.36,-0.35,42,50,0.0085,9.195,-0.0463,-4.6564,0.0067,0.0266,0.1427,0.4065,True,True,0.2411,0.0468,False,False,False,0.4065,0.031,0.0582,0.636
0.4,-0.7599,-0.35,0.4,0.1,0.36,-0.35,42,75,0.0083,8.164,-0.0572,-5.8429,0.0061,0.0241,0.118,0.4066,True,True,0.2412,0.0464,False,False,False,0.4066,0.031,0.0581,0.6356
0.4,-0.7599,-0.35,0.4,0.1,0.36,-0.35,42,100,0.0081,8.2082,-0.0497,-4.8308,0.0023,0.0258,0.119,0.4066,True,True,0.2412,0.0461,False,False,False,0.4066,0.0309,0.058,0.6376
0.4,-0.7599,-0.35,0.4,0.1,0.36,-0.35,137,0,0.0074,8.4658,-0.0512,-5.0811,0.0272,0.0855,1.0468,0.4039,False,True,0.2396,0.0451,False,False,False,0.4039,0.0307,0.0591,0.6392
0.4,-0.7599,-0.35,0.4,0.1,0.36,-0.35,137,25,0.0073,8.4034,-0.0508,-5.2258,0.0032,0.0272,0.1125,0.4054,True,True,0.2409,0.0456,False,False,False,0.4054,0.0308,0.0583,0.639
0.4,-0.7599,-0.35,0.4,0.1,0.36,-0.35,137,50,0.0078,8.2443,-0.0583,-5.9048,0.0031,0.0281,0.1126,0.4051,True,True,0.2409,0.0459,False,False,False,0.4051,0.0308,0.0583,0.6392
0.4,-0.7599,-0.35,0.4,0.1,0.36,-0.35,137,75,0.0079,8.499,-0.0528,-5.3215,0.0054,0.0275,0.1135,0.4054,True,True,0.2409,0.0454,False,False,False,0.4054,0.0308,0.0583,0.6397
0.4,-0.7599,-0.35,0.4,0.1,0.36,-0.35,137,100,0.0082,8.688,-0.0472,-4.5284,0.0012,0.0266,0.1136,0.4049,True,True,0.2408,0.0451,False,False,False,0.4049,0.0309,0.0585,0.6412
0.4,-0.7599,-0.35,0.4,0.1,0.36,-0.35,256,0,0.0065,6.8829,-0.04,-3.9025,0.0315,0.0867,1.0815,0.4046,False,True,0.2397,0.0439,False,False,False,0.4046,0.0307,0.059,0.6407
0.4,-0.7599,-0.35,0.4,0.1,0.36,-0.35,256,25,0.0061,6.5534,-0.0349,-3.5048,0.0066,0.0257,0.1152,0.4064,True,True,0.2411,0.0439,False,False,False,0.4064,0.0309,0.0581,0.6401
0.4,-0.7599,-0.35,0.4,0.1,0.36,-0.35,256,50,0.007,6.9878,-0.0336,-3.3389,0.014,0.0254,0.1155,0.4054,True,True,0.2409,0.0444,False,False,False,0.4054,0.031,0.0584,0.6406
0.4,-0.7599,-0.35,0.4,0.1,0.36,-0.35,256,75,0.0062,6.3849,-0.0462,-4.3534,0.0143,0.0275,0.1413,0.4049,True,True,0.2408,0.0455,False,False,False,0.4049,0.0309,0.0585,0.6403
0.4,-0.7599,-0.35,0.4,0.1,0.36,-0.35,256,100,0.0061,5.6412,-0.0536,-4.9811,0.0029,0.0277,0.1413,0.4047,True,True,0.2408,0.0465,False,False,False,0.4047,0.0309,0.0585,0.6395
0.4,-0.7599,-0.35,0.4,0.1,0.36,-0.35,1024,0,0.0067,6.7032,-0.0381,-3.8655,0.0252,0.0856,1.0816,0.4038,False,True,0.2396,0.0458,False,False,False,0.4038,0.0308,0.0592,0.6413
0.4,-0.7599,-0.35,0.4,0.1,0.36,-0.35,1024,25,0.0077,7.7326,-0.0386,-3.6375,0.001,0.022,0.0966,0.4059,True,True,0.2411,0.0459,False,False,False,0.4059,0.031,0.0583,0.6408
0.4,-0.7599,-0.35,0.4,0.1,0.36,-0.35,1024,50,0.0071,6.9023,-0.0417,-4.404,0.0066,0.0221,0.0927,0.4058,True,True,0.241,0.046,False,False,False,0.4058,0.0309,0.0582,0.6404
0.4,-0.7599,-0.35,0.4,0.1,0.36,-0.35,1024,75,0.0067,7.2258,-0.0466,-4.3827,0.0079,0.0236,0.1199,0.4069,True,True,0.2412,0.0457,False,False,False,0.4069,0.0309,0.0581,0.6397
0.4,-0.7599,-0.35,0.4,0.1,0.36,-0.35,1024,100,0.007,7.39,-0.0542,-5.1554,0.008,0.0241,0.125,0.4065,True,True,0.2412,0.0463,False,False,False,0.4065,0.0309,0.0581,0.6396
0.4,-0.7599,-0.35,0.4,0.1,0.36,-0.35,31415,0,0.0059,5.9032,-0.0408,-4.122,0.0367,0.0868,1.0857,0.4027,False,True,0.2393,0.045,False,False,False,0.4027,0.0306,0.0592,0.6415
0.4,-0.7599,-0.35,0.4,0.1,0.36,-0.35,31415,25,0.0072,7.3656,-0.0406,-3.797,0.0011,0.0223,0.1066,0.4053,True,True,0.2409,0.0456,False,False,False,0.4053,0.031,0.0584,0.6423
0.4,-0.7599,-0.35,0.4,0.1,0.36,-0.35,31415,50,0.0074,7.562,-0.052,-5.2904,0.0079,0.0244,0.1136,0.405,True,True,0.2409,0.0461,False,False,False,0.405,0.0311,0.0585,0.6419
0.4,-0.7599,-0.35,0.4,0.1,0.36,-0.35,31415,75,0.0073,7.6454,-0.0535,-5.7557,0.0038,0.0263,0.1284,0.4049,True,True,0.2408,0.0463,False,False,False,0.4049,0.0312,0.0586,0.6408
0.4,-0.7599,-0.35,0.4,0.1,0.36,-0.35,31415,100,0.0072,7.8995,-0.0519,-4.9645,0.0043,0.0276,0.1283,0.4051,True,True,0.2409,0.0458,False,False,False,0.4051,0.0312,0.0585,0.6408
0.4,-0.7599,-0.35,0.4,0.2,0.32,-0.35,42,0,0.0085,9.081,-0.0495,-5.0686,0.0305,0.0854,1.0737,0.3919,False,True,0.2372,0.0441,False,False,False,0.3919,0.0306,0.0612,0.6788
0.4,-0.7599,-0.35,0.4,0.2,0.32,-0.35,42,25,0.0097,10.1994,-0.0398,-4.1665,0.0024,0.0259,0.131,0.394,True,True,0.2387,0.0437,False,False,False,0.394,0.0309,0.0604,0.6772
0.4,-0.7599,-0.35,0.4,0.2,0.32,-0.35,42,50,0.0105,10.9027,-0.0401,-4.0147,0.0038,0.0274,0.1308,0.3944,True,True,0.2387,0.0441,False,False,False,0.3944,0.031,0.0604,0.6767
0.4,-0.7599,-0.35,0.4,0.2,0.32,-0.35,42,75,0.0104,10.5938,-0.0528,-5.2994,0.0072,0.026,0.1105,0.3944,True,True,0.2387,0.0441,False,False,False,0.3944,0.031,0.0604,0.6764
0.4,-0.7599,-0.35,0.4,0.2,0.32,-0.35,42,100,0.0107,10.3314,-0.0482,-4.7729,0.0006,0.0281,0.1228,0.3943,True,True,0.2387,0.0435,False,False,False,0.3943,0.0309,0.0603,0.6784
0.4,-0.7599,-0.35,0.4,0.2,0.32,-0.35,137,0,0.0108,12.0173,-0.0521,-5.237,0.0256,0.0877,1.0708,0.3918,False,True,0.2371,0.0431,False,False,False,0.3918,0.0307,0.0614,0.6794
0.4,-0.7599,-0.35,0.4,0.2,0.32,-0.35,137,25,0.0109,12.4979,-0.0511,-5.1854,0.0023,0.0299,0.117,0.3933,True,True,0.2385,0.0437,False,False,False,0.3933,0.0308,0.0606,0.6795
0.4,-0.7599,-0.35,0.4,0.2,0.32,-0.35,137,50,0.0111,11.8932,-0.055,-5.4652,0.0033,0.0304,0.114,0.393,True,True,0.2384,0.0439,False,False,False,0.393,0.0308,0.0606,0.6794
0.4,-0.7599,-0.35,0.4,0.2,0.32,-0.35,137,75,0.0114,12.3099,-0.0482,-4.7296,0.0031,0.0289,0.1138,0.3936,True,True,0.2385,0.0433,False,False,False,0.3936,0.0309,0.0605,0.6792
0.4,-0.7599,-0.35,0.4,0.2,0.32,-0.35,137,100,0.0113,11.6467,-0.0426,-4.1199,0.0024,0.0273,0.1139,0.3933,True,True,0.2385,0.0427,False,False,False,0.3933,0.0309,0.0606,0.6803
0.4,-0.7599,-0.35,0.4,0.2,0.32,-0.35,256,0,0.0093,9.9263,-0.039,-3.8349,0.0316,0.0876,1.1019,0.3931,False,True,0.2374,0.0421,False,False,False,0.3931,0.0308,0.0611,0.6799
0.4,-0.7599,-0.35,0.4,0.2,0.32,-0.35,256,25,0.0091,9.4846,-0.0319,-3.3615,0.0093,0.0266,0.1155,0.3947,True,True,0.2388,0.0423,False,False,False,0.3947,0.0309,0.0603,0.6791
0.4,-0.7599,-0.35,0.4,0.2,0.32,-0.35,256,50,0.0101,10.2484,-0.0316,-3.2812,0.0172,0.0271,0.1159,0.3936,True,True,0.2386,0.0425,False,False,False,0.3936,0.031,0.0606,0.6806
0.4,-0.7599,-0.35,0.4,0.2,0.32,-0.35,256,75,0.009,8.8884,-0.0419,-3.9043,0.0133,0.0289,0.1384,0.393,True,True,0.2384,0.0434,False,False,False,0.393,0.0309,0.0606,0.6806
0.4,-0.7599,-0.35,0.4,0.2,0.32,-0.35,256,100,0.0086,7.9031,-0.0513,-4.8093,0.0014,0.0289,0.1386,0.3926,True,True,0.2383,0.0443,False,False,False,0.3926,0.0308,0.0607,0.6808
0.4,-0.7599,-0.35,0.4,0.2,0.32,-0.35,1024,0,0.0093,9.5759,-0.0373,-3.7558,0.0193,0.0874,1.1072,0.392,False,True,0.2372,0.0433,False,False,False,0.392,0.0308,0.0613,0.681
0.4,-0.7599,-0.35,0.4,0.2,0.32,-0.35,1024,25,0.0105,10.5567,-0.0383,-3.6612,0.0015,0.0254,0.1259,0.3939,True,True,0.2386,0.0436,False,False,False,0.3939,0.031,0.0605,0.6807
0.4,-0.7599,-0.35,0.4,0.2,0.32,-0.35,1024,50,0.0099,9.9914,-0.0381,-3.7896,0.01,0.0247,0.1158,0.3937,True,True,0.2386,0.0437,False,False,False,0.3937,0.0308,0.0604,0.6803
0.4,-0.7599,-0.35,0.4,0.2,0.32,-0.35,1024,75,0.0099,10.213,-0.05,-4.7181,0.0077,0.0262,0.1235,0.3951,True,True,0.2389,0.0434,False,False,False,0.3951,0.0309,0.0602,0.6792
0.4,-0.7599,-0.35,0.4,0.2,0.32,-0.35,1024,100,0.0103,10.9564,-0.0525,-5.2214,0.0113,0.0264,0.1237,0.3946,True,True,0.2388,0.044,False,False,False,0.3946,0.0309,0.0603,0.6792
0.4,-0.7599,-0.35,0.4,0.2,0.32,-0.35,31415,0,0.0087,8.6667,-0.0384,-3.892,0.0363,0.0879,1.1072,0.3909,False,True,0.2369,0.0428,False,False,False,0.3909,0.0305,0.0614,0.6807
0.4,-0.7599,-0.35,0.4,0.2,0.32,-0.35,31415,25,0.0102,10.2924,-0.0419,-3.7417,0.0009,0.0219,0.0966,0.3933,True,True,0.2385,0.0434,False,False,False,0.3933,0.031,0.0606,0.6815
0.4,-0.7599,-0.35,0.4,0.2,0.32,-0.35,31415,50,0.0104,10.7559,-0.0531,-5.5646,0.0098,0.0246,0.1273,0.3929,True,True,0.2384,0.0443,False,False,False,0.3929,0.0311,0.0607,0.6818
0.4,-0.7599,-0.35,0.4,0.2,0.32,-0.35,31415,75,0.0099,10.3785,-0.051,-5.2583,0.0032,0.0267,0.1273,0.3927,True,True,0.2384,0.0445,False,False,False,0.3927,0.0312,0.0608,0.6813
0.4,-0.7599,-0.35,0.4,0.2,0.32,-0.35,31415,100,0.0097,10.4513,-0.0484,-4.6328,0.0061,0.0281,0.1272,0.393,True,True,0.2384,0.0436,False,False,False,0.393,0.0311,0.0607,0.6811
0.4,-0.7599,-0.35,0.4,0.35,0.26,-0.35,42,0,0.0134,14.1858,-0.0455,-4.4675,0.032,0.0868,1.1062,0.3757,False,True,0.2335,0.041,False,False,False,0.3757,0.0305,0.0645,0.7383
0.4,-0.7599,-0.35,0.4,0.35,0.26,-0.35,42,25,0.0143,14.9212,-0.0284,-2.9168,0.0023,0.0266,0.1239,0.3778,True,True,0.235,0.0407,False,False,False,0.3778,0.0308,0.0637,0.7358
0.4,-0.7599,-0.35,0.4,0.35,0.26,-0.35,42,50,0.0156,16.9832,-0.0306,-3.1747,0.0013,0.0288,0.1238,0.3781,True,True,0.235,0.0407,False,False,False,0.3781,0.0309,0.0637,0.7358
0.4,-0.7599,-0.35,0.4,0.35,0.26,-0.35,42,75,0.0153,15.9603,-0.0455,-4.6061,0.0087,0.0285,0.1016,0.3779,True,True,0.235,0.0412,False,False,False,0.3779,0.031,0.0637,0.7357
0.4,-0.7599,-0.35,0.4,0.35,0.26,-0.35,42,100,0.0164,15.8912,-0.0448,-4.4945,0.0018,0.0291,0.1165,0.3778,True,True,0.235,0.0406,False,False,False,0.3778,0.031,0.0638,0.7383
0.4,-0.7599,-0.35,0.4,0.35,0.26,-0.35,137,0,0.0155,16.6444,-0.0482,-4.9569,0.0206,0.0888,1.1002,0.3756,False,True,0.2334,0.0397,False,False,False,0.3756,0.0308,0.0648,0.7401
0.4,-0.7599,-0.35,0.4,0.35,0.26,-0.35,137,25,0.0156,16.7659,-0.0398,-4.185,0.0033,0.029,0.1253,0.3766,True,True,0.2347,0.0406,False,False,False,0.3766,0.0309,0.064,0.741
0.4,-0.7599,-0.35,0.4,0.35,0.26,-0.35,137,50,0.016,15.5783,-0.0455,-4.4524,0.0018,0.0315,0.1488,0.3763,True,True,0.2346,0.041,False,False,False,0.3763,0.0309,0.0641,0.741
0.4,-0.7599,-0.35,0.4,0.35,0.26,-0.35,137,75,0.0163,16.6175,-0.04,-3.9402,0.0005,0.0314,0.1487,0.3767,True,True,0.2346,0.0404,False,False,False,0.3767,0.0309,0.064,0.741
0.4,-0.7599,-0.35,0.4,0.35,0.26,-0.35,137,100,0.0161,16.8837,-0.0382,-3.5016,0.0043,0.0309,0.1487,0.3766,True,True,0.2346,0.0395,False,False,False,0.3766,0.031,0.0641,0.7409
0.4,-0.7599,-0.35,0.4,0.35,0.26,-0.35,256,0,0.0147,16.273,-0.0421,-4.1377,0.0271,0.0888,1.1266,0.3767,False,True,0.2337,0.0394,False,False,False,0.3767,0.0309,0.0645,0.7403
0.4,-0.7599,-0.35,0.4,0.35,0.26,-0.35,256,25,0.0149,15.4567,-0.0298,-2.8772,0.0083,0.0266,0.127,0.3781,True,True,0.235,0.0395,False,False,False,0.3781,0.031,0.0638,0.7405
0.4,-0.7599,-0.35,0.4,0.35,0.26,-0.35,256,50,0.0159,15.8472,-0.035,-3.4715,0.0109,0.0273,0.1272,0.3773,True,True,0.2348,0.0396,False,False,False,0.3773,0.0311,0.064,0.7408
0.4,-0.7599,-0.35,0.4,0.35,0.26,-0.35,256,75,0.0143,14.7534,-0.0362,-3.2014,0.0119,0.0286,0.1476,0.3767,True,True,0.2347,0.0401,False,False,False,0.3767,0.0309,0.064,0.7406
0.4,-0.7599,-0.35,0.4,0.35,0.26,-0.35,256,100,0.0143,13.8116,-0.0455,-4.3505,0.0016,0.0286,0.1477,0.3765,True,True,0.2346,0.0407,False,False,False,0.3765,0.0309,0.064,0.7405
0.4,-0.7599,-0.35,0.4,0.35,0.26,-0.35,1024,0,0.0139,13.38,-0.0328,-3.3249,0.0167,0.0893,1.1456,0.3757,False,True,0.2334,0.0408,False,False,False,0.3757,0.0307,0.0646,0.7408
0.4,-0.7599,-0.35,0.4,0.35,0.26,-0.35,1024,25,0.0143,14.9081,-0.0412,-3.9016,0.0012,0.0261,0.1145,0.3774,True,True,0.2349,0.041,False,False,False,0.3774,0.0309,0.0638,0.7404
0.4,-0.7599,-0.35,0.4,0.35,0.26,-0.35,1024,50,0.0136,14.0329,-0.0415,-4.1032,0.0113,0.0265,0.1273,0.377,True,True,0.2348,0.0409,False,False,False,0.377,0.0307,0.0637,0.7407
0.4,-0.7599,-0.35,0.4,0.35,0.26,-0.35,1024,75,0.0134,13.276,-0.0493,-4.9033,0.0059,0.0283,0.1459,0.3782,True,True,0.2351,0.0403,False,False,False,0.3782,0.0308,0.0635,0.7395
0.4,-0.7599,-0.35,0.4,0.35,0.26,-0.35,1024,100,0.0141,13.7757,-0.0533,-5.0368,0.0125,0.0286,0.1461,0.3777,True,True,0.2349,0.0408,False,False,False,0.3777,0.0308,0.0637,0.7395
0.4,-0.7599,-0.35,0.4,0.35,0.26,-0.35,31415,0,0.0129,12.7657,-0.0384,-3.8854,0.0361,0.0905,1.1389,0.3747,False,True,0.2332,0.0403,False,False,False,0.3747,0.0305,0.0647,0.7398
0.4,-0.7599,-0.35,0.4,0.35,0.26,-0.35,31415,25,0.0146,15.0322,-0.0474,-4.3974,0.0064,0.0242,0.1241,0.377,True,True,0.2348,0.0404,False,False,False,0.377,0.0309,0.0638,0.7408
0.4,-0.7599,-0.35,0.4,0.35,0.26,-0.35,31415,50,0.0149,15.3006,-0.0527,-5.3995,0.0098,0.0254,0.1135,0.377,True,True,0.2348,0.0411,False,False,False,0.377,0.031,0.0639,0.7399
0.4,-0.7599,-0.35,0.4,0.35,0.26,-0.35,31415,75,0.0148,15.5005,-0.0536,-5.3045,0.0018,0.0278,0.1306,0.3768,True,True,0.2347,0.041,False,False,False,0.3768,0.0311,0.064,0.7397
0.4,-0.7599,-0.35,0.4,0.35,0.26,-0.35,31415,100,0.0146,15.9253,-0.0513,-4.9496,0.0033,0.0296,0.1305,0.377,True,True,0.2347,0.04,False,False,False,0.377,0.0311,0.0639,0.7403
0.4,-0.7599,-0.35,0.4,0.5,0.2,-0.35,42,0,0.0185,19.7073,-0.0457,-4.4857,0.028,0.0889,1.1338,0.3606,False,True,0.2295,0.0379,False,False,False,0.3606,0.0305,0.0679,0.7991
0.4,-0.7599,-0.35,0.4,0.5,0.2,-0.35,42,25,0.0202,20.7163,-0.0264,-2.6017,0.0032,0.0269,0.1413,0.3623,True,True,0.2309,0.0374,False,False,False,0.3623,0.0309,0.0672,0.7979
0.4,-0.7599,-0.35,0.4,0.5,0.2,-0.35,42,50,0.0207,21.2992,-0.0297,-3.1778,0.0017,0.0283,0.1412,0.3627,True,True,0.231,0.0378,False,False,False,0.3627,0.031,0.0672,0.7973
0.4,-0.7599,-0.35,0.4,0.5,0.2,-0.35,42,75,0.0203,21.3003,-0.0437,-4.3435,0.0088,0.0294,0.1247,0.3624,True,True,0.231,0.0381,False,False,False,0.3624,0.031,0.0672,0.797
0.4,-0.7599,-0.35,0.4,0.5,0.2,-0.35,42,100,0.0215,20.5592,-0.0416,-3.9339,0.0006,0.0301,0.1247,0.3624,True,True,0.231,0.0373,False,False,False,0.3624,0.0311,0.0673,0.7997
0.4,-0.7599,-0.35,0.4,0.5,0.2,-0.35,137,0,0.0209,21.9252,-0.0459,-4.6831,0.023,0.0913,1.1317,0.3612,False,True,0.2297,0.0369,False,False,False,0.3612,0.0308,0.068,0.7987
0.4,-0.7599,-0.35,0.4,0.5,0.2,-0.35,137,25,0.0206,21.9672,-0.0387,-4.2268,0.0062,0.032,0.137,0.3621,True,True,0.2309,0.0376,False,False,False,0.3621,0.0309,0.0673,0.799
0.4,-0.7599,-0.35,0.4,0.5,0.2,-0.35,137,50,0.0212,21.0351,-0.0436,-4.2892,0.0047,0.0339,0.1426,0.3618,True,True,0.2308,0.0375,False,False,False,0.3618,0.0308,0.0673,0.7997
0.4,-0.7599,-0.35,0.4,0.5,0.2,-0.35,137,75,0.0212,21.1216,-0.0374,-3.5597,0.0038,0.0345,0.1548,0.3617,True,True,0.2307,0.037,False,False,False,0.3617,0.0309,0.0674,0.8013
0.4,-0.7599,-0.35,0.4,0.5,0.2,-0.35,137,100,0.0213,21.6159,-0.0369,-3.4892,0.0043,0.0335,0.1549,0.3615,True,True,0.2307,0.0365,False,False,False,0.3615,0.031,0.0675,0.8013
0.4,-0.7599,-0.35,0.4,0.5,0.2,-0.35,256,0,0.0209,21.1945,-0.0414,-4.1947,0.0274,0.0907,1.1522,0.3617,False,True,0.2298,0.0364,False,False,False,0.3617,0.031,0.068,0.8
0.4,-0.7599,-0.35,0.4,0.5,0.2,-0.35,256,25,0.0207,21.0442,-0.0366,-3.4705,0.0073,0.0275,0.1454,0.3631,True,True,0.2312,0.0367,False,False,False,0.3631,0.0311,0.0672,0.7993
0.4,-0.7599,-0.35,0.4,0.5,0.2,-0.35,256,50,0.0213,21.6504,-0.0384,-3.6681,0.0106,0.0281,0.1457,0.3625,True,True,0.231,0.037,False,False,False,0.3625,0.0312,0.0674,0.8001
0.4,-0.7599,-0.35,0.4,0.5,0.2,-0.35,256,75,0.0195,20.2569,-0.0361,-3.3701,0.013,0.0303,0.1636,0.3619,True,True,0.2308,0.037,False,False,False,0.3619,0.0309,0.0674,0.8
0.4,-0.7599,-0.35,0.4,0.5,0.2,-0.35,256,100,0.0197,18.4556,-0.0411,-3.894,0.0024,0.0313,0.1637,0.3617,True,True,0.2308,0.0376,False,False,False,0.3617,0.031,0.0674,0.8001
0.4,-0.7599,-0.35,0.4,0.5,0.2,-0.35,1024,0,0.0197,19.7868,-0.0351,-3.5534,0.0169,0.0911,1.1715,0.3612,False,True,0.2297,0.0372,False,False,False,0.3612,0.0307,0.0679,0.7999
0.4,-0.7599,-0.35,0.4,0.5,0.2,-0.35,1024,25,0.0197,19.8449,-0.0443,-4.3604,0.0008,0.027,0.1235,0.3626,True,True,0.231,0.0377,False,False,False,0.3626,0.0309,0.0671,0.7993
0.4,-0.7599,-0.35,0.4,0.5,0.2,-0.35,1024,50,0.0193,18.8606,-0.0375,-3.711,0.008,0.0276,0.1347,0.3624,True,True,0.231,0.0376,False,False,False,0.3624,0.0308,0.0671,0.7991
0.4,-0.7599,-0.35,0.4,0.5,0.2,-0.35,1024,75,0.0194,19.6347,-0.0465,-4.5698,0.0044,0.0299,0.1651,0.3633,True,True,0.2312,0.0373,False,False,False,0.3633,0.0309,0.067,0.7984
0.4,-0.7599,-0.35,0.4,0.5,0.2,-0.35,1024,100,0.0207,20.2049,-0.0521,-5.147,0.014,0.0307,0.1654,0.3627,True,True,0.231,0.0377,False,False,False,0.3627,0.0311,0.0673,0.7996
0.4,-0.7599,-0.35,0.4,0.5,0.2,-0.35,31415,0,0.0182,18.6364,-0.0334,-3.4382,0.0314,0.0931,1.1645,0.36,False,True,0.2293,0.0374,False,False,False,0.36,0.0304,0.068,0.8003
0.4,-0.7599,-0.35,0.4,0.5,0.2,-0.35,31415,25,0.0197,19.9883,-0.0366,-3.4273,0.0048,0.0262,0.1526,0.3618,True,True,0.2308,0.0377,False,False,False,0.3618,0.0308,0.0672,0.8011
0.4,-0.7599,-0.35,0.4,0.5,0.2,-0.35,31415,50,0.02,19.7021,-0.049,-4.7926,0.0052,0.0282,0.1381,0.3621,True,True,0.2309,0.0383,False,False,False,0.3621,0.0309,0.0672,0.8005
0.4,-0.7599,-0.35,0.4,0.5,0.2,-0.35,31415,75,0.0205,22.6346,-0.0427,-4.1296,0.0067,0.029,0.1514,0.3619,True,True,0.2308,0.038,False,False,False,0.3619,0.0311,0.0673,0.8001
0.4,-0.7599,-0.35,0.4,0.5,0.2,-0.35,31415,100,0.0203,21.5377,-0.043,-3.9147,0.0039,0.0308,0.1513,0.3623,True,True,0.2309,0.0367,False,False,False,0.3623,0.031,0.0672,0.8
0.4,0.7599,0.35,0.4,0.0,0.4,0.35,42,0,0.0054,5.512,0.0652,6.5398,0.0639,0.0825,0.7939,0.3673,False,True,0.2315,0.0525,False,False,False,0.3673,0.0295,0.0612,0.5998
0.4,0.7599,0.35,0.4,0.0,0.4,0.35,42,25,0.0055,5.7276,0.0562,5.7466,0.0009,0.0244,0.1324,0.3715,True,True,0.2334,0.0517,False,False,False,0.3715,0.0298,0.0602,0.598
0.4,0.7599,0.35,0.4,0.0,0.4,0.35,42,50,0.0061,6.1443,0.0572,5.9459,0.0133,0.0259,0.1439,0.3724,True,True,0.2336,0.0513,False,False,False,0.3724,0.0298,0.06,0.5969
0.4,0.7599,0.35,0.4,0.0,0.4,0.35,42,75,0.0053,5.3001,0.045,4.6904,0.0029,0.0256,0.1309,0.3727,True,True,0.2337,0.0506,False,False,False,0.3727,0.0296,0.0599,0.5965
0.4,0.7599,0.35,0.4,0.0,0.4,0.35,42,100,0.0051,5.1891,0.0474,4.6019,0.0099,0.0285,0.1322,0.372,True,True,0.2335,0.051,False,False,False,0.372,0.0295,0.06,0.5985
0.4,0.7599,0.35,0.4,0.0,0.4,0.35,137,0,0.0053,5.8387,0.0496,5.0387,0.0617,0.0817,0.7863,0.3688,False,True,0.2319,0.0509,False,False,False,0.3688,0.0295,0.061,0.5992
0.4,0.7599,0.35,0.4,0.0,0.4,0.35,137,25,0.0052,5.5506,0.0589,6.7204,0.0049,0.0243,0.1162,0.3718,True,True,0.2335,0.0508,False,False,False,0.3718,0.0297,0.0601,0.5992
0.4,0.7599,0.35,0.4,0.0,0.4,0.35,137,50,0.0067,7.878,0.0659,6.9732,0.004,0.026,0.1184,0.3716,True,True,0.2334,0.0518,False,False,False,0.3716,0.0298,0.0602,0.5995
0.4,0.7599,0.35,0.4,0.0,0.4,0.35,137,75,0.007,7.7348,0.0697,7.5671,0.007,0.0268,0.1185,0.3713,True,True,0.2333,0.0504,False,False,False,0.3713,0.0298,0.0603,0.5997
0.4,0.7599,0.35,0.4,0.0,0.4,0.35,137,100,0.0066,6.9186,0.0656,6.6029,0.0135,0.0258,0.1185,0.3714,True,True,0.2334,0.0508,False,False,False,0.3714,0.0298,0.0603,0.5999
0.4,0.7599,0.35,0.4,0.0,0.4,0.35,256,0,0.0055,5.8344,0.0737,7.2221,0.0705,0.0834,0.8058,0.3698,False,True,0.2321,0.0501,False,False,False,0.3698,0.0297,0.0609,0.6008
0.4,0.7599,0.35,0.4,0.0,0.4,0.35,256,25,0.0052,5.8018,0.0737,7.7253,0.0136,0.0286,0.137,0.3737,True,True,0.2339,0.0494,False,False,False,0.3737,0.0299,0.0599,0.6005
0.4,0.7599,0.35,0.4,0.0,0.4,0.35,256,50,0.0053,5.6212,0.0828,8.8993,0.0352,0.0273,0.1279,0.3723,True,True,0.2336,0.0488,False,False,False,0.3723,0.0298,0.0602,0.6002
0.4,0.7599,0.35,0.4,0.0,0.4,0.35,256,75,0.0043,4.4558,0.0519,4.6687,0.0181,0.0288,0.1314,0.3713,True,True,0.2333,0.0497,False,False,False,0.3713,0.0298,0.0603,0.6002
0.4,0.7599,0.35,0.4,0.0,0.4,0.35,256,100,0.0041,4.0632,0.0501,4.7791,0.0055,0.0289,0.1337,0.3711,True,True,0.2333,0.051,False,False,False,0.3711,0.0298,0.0603,0.5983
0.4,0.7599,0.35,0.4,0.0,0.4,0.35,1024,0,0.0046,5.0564,0.0769,8.6323,0.0531,0.0807,0.8056,0.3669,False,True,0.2314,0.0504,False,False,False,0.3669,0.0295,0.0612,0.6012
0.4,0.7599,0.35,0.4,0.0,0.4,0.35,1024,25,0.0054,6.0596,0.0595,6.0505,0.0022,0.0229,0.1253,0.3704,True,True,0.2331,0.0504,False,False,False,0.3704,0.0296,0.0603,0.6009
0.4,0.7599,0.35,0.4,0.0,0.4,0.35,1024,50,0.0054,5.6342,0.0594,5.7354,0.0161,0.0222,0.1251,0.3708,True,True,0.2332,0.0509,False,False,False,0.3708,0.0296,0.0602,0.601
0.4,0.7599,0.35,0.4,0.0,0.4,0.35,1024,75,0.0049,5.7202,0.0581,6.052,0.023,0.0251,0.1373,0.3729,True,True,0.2338,0.0503,False,False,False,0.3729,0.0297,0.0599,0.5996
0.4,0.7599,0.35,0.4,0.0,0.4,0.35,1024,100,0.005,5.5261,0.0501,4.9425,0.0036,0.0263,0.1448,0.3728,True,True,0.2337,0.0514,False,False,False,0.3728,0.0297,0.0599,0.599
0.4,0.7599,0.35,0.4,0.0,0.4,0.35,31415,0,0.0047,4.7376,0.0724,7.2271,0.0787,0.0823,0.8186,0.366,False,True,0.2311,0.0496,False,False,False,0.366,0.0294,0.0614,0.6016
0.4,0.7599,0.35,0.4,0.0,0.4,0.35,31415,25,0.005,5.7526,0.0638,6.4764,0.0026,0.0255,0.1368,0.3713,True,True,0.2334,0.0507,False,False,False,0.3713,0.0298,0.0602,0.6017
0.4,0.7599,0.35,0.4,0.0,0.4,0.35,31415,50,0.0053,5.4906,0.054,5.5561,0.0045,0.0258,0.1367,0.3717,True,True,0.2335,0.0508,False,False,False,0.3717,0.03,0.0603,0.6001
0.4,0.7599,0.35,0.4,0.0,0.4,0.35,31415,75,0.0051,5.948,0.0563,5.7414,0.0011,0.0251,0.1165,0.3709,True,True,0.2333,0.0511,False,False,False,0.3709,0.03,0.0605,0.5999
0.4,0.7599,0.35,0.4,0.0,0.4,0.35,31415,100,0.0043,5.0923,0.0572,5.833,0.0017,0.0257,0.1164,0.3712,True,True,0.2333,0.0501,False,False,False,0.3712,0.0299,0.0604,0.6005
0.4,0.7599,0.35,0.4,0.02,0.392,0.35,42,0,0.0052,5.3711,0.0647,6.5191,0.0606,0.082,0.7913,0.3634,False,True,0.2305,0.0519,False,False,False,0.3634,0.0294,0.0619,0.6075
0.4,0.7599,0.35,0.4,0.02,0.392,0.35,42,25,0.0053,5.666,0.055,5.717,0.0022,0.0245,0.1361,0.3674,True,True,0.2323,0.0512,False,False,False,0.3674,0.0296,0.0609,0.6058
0.4,0.7599,0.35,0.4,0.02,0.392,0.35,42,50,0.006,5.9725,0.0521,5.4334,0.0156,0.026,0.1445,0.3683,True,True,0.2326,0.0506,False,False,False,0.3683,0.0296,0.0607,0.6047
0.4,0.7599,0.35,0.4,0.02,0.392,0.35,42,75,0.0052,5.1453,0.0435,4.6225,0.0019,0.0259,0.1291,0.3687,True,True,0.2327,0.0502,False,False,False,0.3687,0.0295,0.0606,0.6041
0.4,0.7599,0.35,0.4,0.02,0.392,0.35,42,100,0.0049,5.1405,0.0428,4.1677,0.0083,0.0289,0.1314,0.3682,True,True,0.2325,0.0505,False,False,False,0.3682,0.0294,0.0606,0.6062
0.4,0.7599,0.35,0.4,0.02,0.392,0.35,137,0,0.0047,5.209,0.0481,4.8237,0.0622,0.0814,0.7931,0.3646,False,True,0.2308,0.0505,False,False,False,0.3646,0.0293,0.0617,0.6076
0.4,0.7599,0.35,0.4,0.02,0.392,0.35,137,25,0.0046,4.9347,0.0578,6.681,0.002,0.0249,0.1251,0.3677,True,True,0.2324,0.0505,False,False,False,0.3677,0.0295,0.0608,0.6075
0.4,0.7599,0.35,0.4,0.02,0.392,0.35,137,50,0.0062,7.3141,0.0619,6.3879,0.0013,0.026,0.1251,0.3676,True,True,0.2324,0.0512,False,False,False,0.3676,0.0296,0.0609,0.6077
0.4,0.7599,0.35,0.4,0.02,0.392,0.35,137,75,0.0065,7.1173,0.0659,7.2423,0.0082,0.0265,0.1143,0.3676,True,True,0.2324,0.05,False,False,False,0.3676,0.0297,0.0609,0.6078
0.4,0.7599,0.35,0.4,0.02,0.392,0.35,137,100,0.0061,6.4936,0.0655,6.6267,0.0129,0.0257,0.1142,0.3676,True,True,0.2324,0.0502,False,False,False,0.3676,0.0296,0.0609,0.608
0.4,0.7599,0.35,0.4,0.02,0.392,0.35,256,0,0.0053,5.6562,0.0757,7.5338,0.0693,0.0829,0.8038,0.3658,False,True,0.2311,0.0496,False,False,False,0.3658,0.0295,0.0616,0.6095
0.4,0.7599,0.35,0.4,0.02,0.392,0.35,256,25,0.005,5.6115,0.0763,7.8158,0.0127,0.0285,0.1375,0.3696,True,True,0.2329,0.0488,False,False,False,0.3696,0.0297,0.0606,0.6089
0.4,0.7599,0.35,0.4,0.02,0.392,0.35,256,50,0.0049,5.1803,0.0827,8.7596,0.0339,0.027,0.1282,0.3683,True,True,0.2325,0.0482,False,False,False,0.3683,0.0296,0.0608,0.6089
0.4,0.7599,0.35,0.4,0.02,0.392,0.35,256,75,0.0039,3.988,0.0513,4.5805,0.0196,0.0285,0.135,0.3673,True,True,0.2323,0.0492,False,False,False,0.3673,0.0296,0.061,0.6089
0.4,0.7599,0.35,0.4,0.02,0.392,0.35,256,100,0.0037,3.6971,0.0499,4.7789,0.0033,0.0288,0.1352,0.3669,True,True,0.2322,0.0505,False,False,False,0.3669,0.0296,0.061,0.607
0.4,0.7599,0.35,0.4,0.02,0.392,0.35,1024,0,0.0044,4.8578,0.0752,8.3859,0.0518,0.0802,0.8012,0.3635,False,True,0.2305,0.0499,False,False,False,0.3635,0.0293,0.0618,0.6086
0.4,0.7599,0.35,0.4,0.02,0.392,0.35,1024,25,0.0052,5.8685,0.0582,5.7986,0.0035,0.023,0.1189,0.3668,True,True,0.2322,0.0499,False,False,False,0.3668,0.0295,0.0609,0.6083
0.4,0.7599,0.35,0.4,0.02,0.392,0.35,1024,50,0.0051,5.4043,0.0588,5.6737,0.0155,0.0222,0.1187,0.3672,True,True,0.2323,0.0506,False,False,False,0.3672,0.0295,0.0608,0.6084
0.4,0.7599,0.35,0.4,0.02,0.392,0.35,1024,75,0.0048,5.4541,0.0575,5.8648,0.0204,0.0248,0.1366,0.369,True,True,0.2327,0.0498,False,False,False,0.369,0.0296,0.0606,0.6076
0.4,0.7599,0.35,0.4,0.02,0.392,0.35,1024,100,0.0048,5.2211,0.0474,4.668,0.0066,0.0261,0.1421,0.3688,True,True,0.2327,0.0509,False,False,False,0.3688,0.0295,0.0606,0.6072
0.4,0.7599,0.35,0.4,0.02,0.392,0.35,31415,0,0.0041,4.1832,0.071,7.1108,0.0782,0.0821,0.8149,0.3623,False,True,0.2301,0.0494,False,False,False,0.3623,0.0292,0.062,0.6095
0.4,0.7599,0.35,0.4,0.02,0.392,0.35,31415,25,0.0044,5.1314,0.062,6.2702,0.0005,0.0259,0.1361,0.3675,True,True,0.2324,0.0504,False,False,False,0.3675,0.0296,0.0608,0.6096
0.4,0.7599,0.35,0.4,0.02,0.392,0.35,31415,50,0.0051,5.1462,0.0529,5.5312,0.0057,0.026,0.1359,0.3678,True,True,0.2324,0.0504,False,False,False,0.3678,0.0298,0.0609,0.6082
0.4,0.7599,0.35,0.4,0.02,0.392,0.35,31415,75,0.0049,5.6613,0.0538,5.3851,0.0023,0.0252,0.1166,0.367,True,True,0.2322,0.0506,False,False,False,0.367,0.0298,0.0611,0.6081
0.4,0.7599,0.35,0.4,0.02,0.392,0.35,31415,100,0.0041,4.653,0.0541,5.5992,0.002,0.0261,0.1165,0.3673,True,True,0.2323,0.0496,False,False,False,0.3673,0.0297,0.061,0.6085
0.4,0.7599,0.35,0.4,0.05,0.38,0.35,42,0,0.0045,4.723,0.0619,6.2591,0.06,0.0815,0.7849,0.3577,False,True,0.2289,0.0511,False,False,False,0.3577,0.0291,0.0629,0.62
0.4,0.7599,0.35,0.4,0.05,0.38,0.35,42,25,0.0051,5.4825,0.0522,5.333,0.0016,0.025,0.1481,0.3619,True,True,0.2308,0.0506,False,False,False,0.3619,0.0294,0.0618,0.6178
0.4,0.7599,0.35,0.4,0.05,0.38,0.35,42,50,0.0057,5.7199,0.051,5.32,0.0181,0.0269,0.1587,0.3629,True,True,0.2311,0.0499,False,False,False,0.3629,0.0294,0.0616,0.6162
0.4,0.7599,0.35,0.4,0.05,0.38,0.35,42,75,0.0049,5.0258,0.0415,4.4439,0.002,0.0263,0.1332,0.3634,True,True,0.2312,0.0494,False,False,False,0.3634,0.0293,0.0615,0.6151
0.4,0.7599,0.35,0.4,0.05,0.38,0.35,42,100,0.0044,4.7377,0.0431,4.198,0.0112,0.0292,0.1356,0.3629,True,True,0.2311,0.0498,False,False,False,0.3629,0.0292,0.0615,0.6173
0.4,0.7599,0.35,0.4,0.05,0.38,0.35,137,0,0.0044,4.8927,0.0453,4.5981,0.0641,0.0808,0.7906,0.3587,False,True,0.2292,0.0497,False,False,False,0.3587,0.0292,0.0627,0.6198
0.4,0.7599,0.35,0.4,0.05,0.38,0.35,137,25,0.0041,4.4305,0.0552,6.2408,0.0006,0.0252,0.126,0.3618,True,True,0.2308,0.0497,False,False,False,0.3618,0.0293,0.0618,0.6196
0.4,0.7599,0.35,0.4,0.05,0.38,0.35,137,50,0.0059,6.5035,0.0638,6.818,0.003,0.0267,0.1261,0.3616,True,True,0.2308,0.0505,False,False,False,0.3616,0.0294,0.0619,0.6201
0.4,0.7599,0.35,0.4,0.05,0.38,0.35,137,75,0.0062,6.847,0.0663,7.2886,0.0091,0.027,0.1183,0.3617,True,True,0.2308,0.0492,False,False,False,0.3617,0.0295,0.0619,0.6204
0.4,0.7599,0.35,0.4,0.05,0.38,0.35,137,100,0.0058,6.3779,0.0637,6.4773,0.0131,0.0262,0.1184,0.3616,True,True,0.2308,0.0494,False,False,False,0.3616,0.0294,0.0619,0.6209
0.4,0.7599,0.35,0.4,0.05,0.38,0.35,256,0,0.0043,4.6171,0.0766,7.7432,0.0695,0.0823,0.8019,0.3602,False,True,0.2296,0.0488,False,False,False,0.3602,0.0292,0.0625,0.6214
0.4,0.7599,0.35,0.4,0.05,0.38,0.35,256,25,0.0038,4.4436,0.0765,7.8335,0.0098,0.0286,0.1418,0.3639,True,True,0.2314,0.0481,False,False,False,0.3639,0.0294,0.0615,0.6208
0.4,0.7599,0.35,0.4,0.05,0.38,0.35,256,50,0.0038,4.045,0.0829,8.6619,0.0313,0.0272,0.1279,0.3628,True,True,0.2311,0.0479,False,False,False,0.3628,0.0293,0.0617,0.6206
0.4,0.7599,0.35,0.4,0.05,0.38,0.35,256,75,0.003,3.1056,0.0567,5.1878,0.022,0.0286,0.1338,0.3617,True,True,0.2308,0.0491,False,False,False,0.3617,0.0294,0.0619,0.6206
0.4,0.7599,0.35,0.4,0.05,0.38,0.35,256,100,0.0031,3.1115,0.0547,5.2278,0.0023,0.0285,0.1373,0.3613,True,True,0.2307,0.0501,False,False,False,0.3613,0.0293,0.0619,0.6186
0.4,0.7599,0.35,0.4,0.05,0.38,0.35,1024,0,0.0037,4.1287,0.0791,8.8594,0.053,0.0797,0.8023,0.358,False,True,0.229,0.0492,False,False,False,0.358,0.0291,0.0628,0.6202
0.4,0.7599,0.35,0.4,0.05,0.38,0.35,1024,25,0.0043,4.9689,0.0614,6.0631,0.0039,0.0239,0.1285,0.3612,True,True,0.2307,0.0493,False,False,False,0.3612,0.0292,0.0619,0.6199
0.4,0.7599,0.35,0.4,0.05,0.38,0.35,1024,50,0.0042,4.424,0.0609,5.8918,0.015,0.0235,0.1283,0.3616,True,True,0.2308,0.0498,False,False,False,0.3616,0.0292,0.0618,0.6201
0.4,0.7599,0.35,0.4,0.05,0.38,0.35,1024,75,0.0039,4.4474,0.057,5.7821,0.0181,0.0255,0.1377,0.3632,True,True,0.2312,0.0493,False,False,False,0.3632,0.0293,0.0615,0.6193
0.4,0.7599,0.35,0.4,0.05,0.38,0.35,1024,100,0.0042,4.6114,0.0453,4.548,0.0051,0.0264,0.1388,0.363,True,True,0.2311,0.0503,False,False,False,0.363,0.0293,0.0615,0.619
0.4,0.7599,0.35,0.4,0.05,0.38,0.35,31415,0,0.0039,3.9602,0.0742,7.3211,0.075,0.0816,0.805,0.3568,False,True,0.2286,0.0487,False,False,False,0.3568,0.029,0.063,0.6213
0.4,0.7599,0.35,0.4,0.05,0.38,0.35,31415,25,0.0038,4.3775,0.0655,6.7008,0.0015,0.0261,0.1338,0.3618,True,True,0.2308,0.0496,False,False,False,0.3618,0.0293,0.0618,0.6212
0.4,0.7599,0.35,0.4,0.05,0.38,0.35,31415,50,0.0043,4.3523,0.0545,5.7827,0.0058,0.0263,0.1337,0.3621,True,True,0.2309,0.0499,False,False,False,0.3621,0.0295,0.0619,0.6202
0.4,0.7599,0.35,0.4,0.05,0.38,0.35,31415,75,0.0041,4.5637,0.0528,5.2982,0.006,0.0258,0.1251,0.3613,True,True,0.2307,0.0499,False,False,False,0.3613,0.0296,0.0621,0.6201
0.4,0.7599,0.35,0.4,0.05,0.38,0.35,31415,100,0.0031,3.7413,0.054,5.6137,0.002,0.0269,0.1227,0.3618,True,True,0.2308,0.049,False,False,False,0.3618,0.0295,0.0619,0.6202
0.4,0.7599,0.35,0.4,0.1,0.36,0.35,42,0,0.0043,4.4407,0.0617,6.2118,0.0583,0.0802,0.7741,0.3488,False,True,0.2263,0.0497,False,False,False,0.3488,0.0288,0.0645,0.6396
0.4,0.7599,0.35,0.4,0.1,0.36,0.35,42,25,0.0047,4.9571,0.0524,5.3287,0.0011,0.0259,0.1519,0.3528,True,True,0.2283,0.0492,False,False,False,0.3528,0.029,0.0635,0.6373
0.4,0.7599,0.35,0.4,0.1,0.36,0.35,42,50,0.0053,5.3333,0.0549,5.5941,0.0176,0.0277,0.1617,0.3538,True,True,0.2285,0.049,False,False,False,0.3538,0.0291,0.0633,0.6355
0.4,0.7599,0.35,0.4,0.1,0.36,0.35,42,75,0.0041,4.2934,0.0434,4.5609,0.0019,0.0268,0.1401,0.354,True,True,0.2286,0.0485,False,False,False,0.354,0.0289,0.0632,0.635
0.4,0.7599,0.35,0.4,0.1,0.36,0.35,42,100,0.0035,3.8714,0.0468,4.6552,0.0124,0.0294,0.1402,0.3537,True,True,0.2285,0.0487,False,False,False,0.3537,0.0288,0.0632,0.6369
0.4,0.7599,0.35,0.4,0.1,0.36,0.35,137,0,0.0037,4.1796,0.0498,5.1065,0.0653,0.0799,0.7751,0.3499,False,True,0.2267,0.0486,False,False,False,0.3499,0.0287,0.0643,0.6396
0.4,0.7599,0.35,0.4,0.1,0.36,0.35,137,25,0.0033,3.6191,0.0541,6.1529,0.0022,0.0261,0.1179,0.3527,True,True,0.2282,0.0484,False,False,False,0.3527,0.0288,0.0634,0.6392
0.4,0.7599,0.35,0.4,0.1,0.36,0.35,137,50,0.0045,5.0565,0.0653,7.0407,0.007,0.027,0.118,0.3524,True,True,0.2281,0.0492,False,False,False,0.3524,0.029,0.0635,0.6396
0.4,0.7599,0.35,0.4,0.1,0.36,0.35,137,75,0.0046,5.2075,0.0719,7.7488,0.0114,0.0275,0.1203,0.3525,True,True,0.2281,0.0481,False,False,False,0.3525,0.029,0.0636,0.64
0.4,0.7599,0.35,0.4,0.1,0.36,0.35,137,100,0.0047,5.292,0.0664,6.7859,0.0132,0.0265,0.1204,0.352,True,True,0.228,0.0484,False,False,False,0.352,0.029,0.0636,0.6409
0.4,0.7599,0.35,0.4,0.1,0.36,0.35,256,0,0.0032,3.6731,0.0777,7.6752,0.0627,0.0817,0.7909,0.351,False,True,0.227,0.0477,False,False,False,0.351,0.0288,0.0641,0.6417
0.4,0.7599,0.35,0.4,0.1,0.36,0.35,256,25,0.0027,3.3356,0.0805,7.9897,0.0135,0.0299,0.1445,0.3544,True,True,0.2287,0.047,False,False,False,0.3544,0.029,0.0631,0.641
0.4,0.7599,0.35,0.4,0.1,0.36,0.35,256,50,0.0025,2.7944,0.0821,8.7958,0.029,0.0287,0.1337,0.3529,True,True,0.2283,0.0472,False,False,False,0.3529,0.0289,0.0634,0.6417
0.4,0.7599,0.35,0.4,0.1,0.36,0.35,256,75,0.0018,2.0158,0.0546,4.9164,0.0215,0.0306,0.134,0.3523,True,True,0.2281,0.0481,False,False,False,0.3523,0.0289,0.0636,0.6412
0.4,0.7599,0.35,0.4,0.1,0.36,0.35,256,100,0.002,2.0602,0.0469,4.7265,0.0046,0.0297,0.1341,0.352,True,True,0.228,0.0492,False,False,False,0.352,0.0289,0.0636,0.6393
0.4,0.7599,0.35,0.4,0.1,0.36,0.35,1024,0,0.0027,3.0953,0.0824,9.1117,0.0565,0.0784,0.7938,0.3487,False,True,0.2264,0.048,False,False,False,0.3487,0.0287,0.0644,0.6406
0.4,0.7599,0.35,0.4,0.1,0.36,0.35,1024,25,0.0033,3.8126,0.066,6.6948,0.0003,0.0227,0.1205,0.352,True,True,0.228,0.0482,False,False,False,0.352,0.0289,0.0635,0.6399
0.4,0.7599,0.35,0.4,0.1,0.36,0.35,1024,50,0.0033,3.5694,0.0654,6.3988,0.0135,0.0225,0.1203,0.3525,True,True,0.2282,0.0487,False,False,False,0.3525,0.0288,0.0634,0.6396
0.4,0.7599,0.35,0.4,0.1,0.36,0.35,1024,75,0.003,3.7798,0.0618,6.3397,0.0165,0.0249,0.139,0.354,True,True,0.2286,0.0482,False,False,False,0.354,0.029,0.0632,0.6391
0.4,0.7599,0.35,0.4,0.1,0.36,0.35,1024,100,0.0035,4.0036,0.044,4.2997,0.0067,0.0269,0.1392,0.3535,True,True,0.2285,0.0493,False,False,False,0.3535,0.0289,0.0632,0.6393
0.4,0.7599,0.35,0.4,0.1,0.36,0.35,31415,0,0.0033,3.4392,0.072,7.3146,0.0687,0.0799,0.784,0.348,False,True,0.2261,0.0474,False,False,False,0.348,0.0286,0.0646,0.6411
0.4,0.7599,0.35,0.4,0.1,0.36,0.35,31415,25,0.0033,3.882,0.0656,6.592,0.0019,0.0256,0.1215,0.3524,True,True,0.2281,0.0485,False,False,False,0.3524,0.029,0.0635,0.6417
0.4,0.7599,0.35,0.4,0.1,0.36,0.35,31415,50,0.0038,3.7007,0.055,5.6457,0.0028,0.0266,0.1214,0.3525,True,True,0.2282,0.049,False,False,False,0.3525,0.0291,0.0636,0.6409
0.4,0.7599,0.35,0.4,0.1,0.36,0.35,31415,75,0.0033,3.6829,0.0556,5.7565,0.0067,0.0271,0.1262,0.3519,True,True,0.228,0.0488,False,False,False,0.3519,0.0291,0.0638,0.6402
0.4,0.7599,0.35,0.4,0.1,0.36,0.35,31415,100,0.0021,2.6251,0.0538,5.6457,0.0039,0.0283,0.1248,0.3525,True,True,0.2281,0.0479,False,False,False,0.3525,0.029,0.0636,0.6402
0.4,0.7599,0.35,0.4,0.2,0.32,0.35,42,0,0.002,2.3441,0.0578,5.9233,0.0583,0.0781,0.764,0.3319,False,True,0.2211,0.0472,False,False,False,0.3319,0.028,0.0678,0.6792
0.4,0.7599,0.35,0.4,0.2,0.32,0.35,42,25,0.0027,2.9305,0.0577,5.9656,0.003,0.0266,0.1394,0.3356,True,True,0.2229,0.0469,False,False,False,0.3356,0.0282,0.0668,0.6768
0.4,0.7599,0.35,0.4,0.2,0.32,0.35,42,50,0.0032,3.4641,0.0641,6.5245,0.0138,0.0278,0.1391,0.3364,True,True,0.2231,0.0468,False,False,False,0.3364,0.0282,0.0666,0.6759
0.4,0.7599,0.35,0.4,0.2,0.32,0.35,42,75,0.0022,2.5996,0.0524,5.4881,0.008,0.0272,0.1237,0.3364,True,True,0.2232,0.0464,False,False,False,0.3364,0.0281,0.0666,0.6755
0.4,0.7599,0.35,0.4,0.2,0.32,0.35,42,100,0.0017,2.0866,0.0559,5.6322,0.0128,0.0293,0.1346,0.3358,True,True,0.2229,0.0463,False,False,False,0.3358,0.028,0.0667,0.6775
0.4,0.7599,0.35,0.4,0.2,0.32,0.35,137,0,0.0027,3.0192,0.0429,4.351,0.0616,0.078,0.7665,0.3324,False,True,0.2213,0.0461,False,False,False,0.3324,0.028,0.0677,0.68
0.4,0.7599,0.35,0.4,0.2,0.32,0.35,137,25,0.0023,2.737,0.0484,5.3554,0.0032,0.0266,0.1288,0.3354,True,True,0.2228,0.046,False,False,False,0.3354,0.0281,0.0668,0.6793
0.4,0.7599,0.35,0.4,0.2,0.32,0.35,137,50,0.003,3.5499,0.0646,6.5694,0.0067,0.0279,0.1289,0.3351,True,True,0.2227,0.0466,False,False,False,0.3351,0.0282,0.0669,0.6797
0.4,0.7599,0.35,0.4,0.2,0.32,0.35,137,75,0.0034,4.099,0.0712,7.5678,0.0075,0.0283,0.1289,0.3352,True,True,0.2228,0.0459,False,False,False,0.3352,0.0283,0.067,0.6796
0.4,0.7599,0.35,0.4,0.2,0.32,0.35,137,100,0.0033,3.743,0.068,7.0852,0.0106,0.0271,0.1266,0.335,True,True,0.2227,0.0459,False,False,False,0.335,0.0282,0.067,0.6806
0.4,0.7599,0.35,0.4,0.2,0.32,0.35,256,0,0.0016,2.0045,0.0771,7.4351,0.059,0.0797,0.7745,0.3347,False,True,0.2219,0.0457,False,False,False,0.3347,0.0281,0.0672,0.6801
0.4,0.7599,0.35,0.4,0.2,0.32,0.35,256,25,0.0014,1.9962,0.0837,8.0427,0.0166,0.0303,0.1433,0.3377,True,True,0.2236,0.0449,False,False,False,0.3377,0.0283,0.0664,0.6798
0.4,0.7599,0.35,0.4,0.2,0.32,0.35,256,50,0.001,1.2626,0.0793,8.5595,0.0325,0.0304,0.1441,0.3358,True,True,0.2229,0.0452,False,False,False,0.3358,0.0281,0.0667,0.6814
0.4,0.7599,0.35,0.4,0.2,0.32,0.35,256,75,-0.0003,0.0951,0.0572,5.1486,0.0251,0.0325,0.1563,0.3352,True,True,0.2227,0.0464,False,False,False,0.3352,0.0281,0.0669,0.6814
0.4,0.7599,0.35,0.4,0.2,0.32,0.35,256,100,-0.0006,-0.3112,0.0466,4.6895,0.0017,0.0317,0.1435,0.3344,True,True,0.2225,0.047,False,False,False,0.3344,0.028,0.067,0.6805
0.4,0.7599,0.35,0.4,0.2,0.32,0.35,1024,0,0.0005,0.9454,0.0775,8.1061,0.0498,0.0766,0.7795,0.332,False,True,0.2211,0.0456,False,False,False,0.332,0.0278,0.0677,0.6799
0.4,0.7599,0.35,0.4,0.2,0.32,0.35,1024,25,0.0009,1.376,0.0596,6.0569,0.0027,0.0237,0.1206,0.3349,True,True,0.2227,0.046,False,False,False,0.3349,0.028,0.0668,0.6799
0.4,0.7599,0.35,0.4,0.2,0.32,0.35,1024,50,0.0006,0.9853,0.0631,6.1684,0.0173,0.023,0.1217,0.3352,True,True,0.2228,0.0463,False,False,False,0.3352,0.0279,0.0667,0.6797
0.4,0.7599,0.35,0.4,0.2,0.32,0.35,1024,75,0.0006,1.0876,0.0561,5.4855,0.0149,0.0265,0.1531,0.337,True,True,0.2234,0.0459,False,False,False,0.337,0.0281,0.0664,0.6788
0.4,0.7599,0.35,0.4,0.2,0.32,0.35,1024,100,0.0013,1.7799,0.0416,4.1217,0.0125,0.0294,0.1523,0.3362,True,True,0.2231,0.0467,False,False,False,0.3362,0.0281,0.0666,0.6797
0.4,0.7599,0.35,0.4,0.2,0.32,0.35,31415,0,0.0015,1.7628,0.0762,7.7244,0.0691,0.0785,0.7721,0.3311,False,True,0.2208,0.0456,False,False,False,0.3311,0.0279,0.068,0.6812
0.4,0.7599,0.35,0.4,0.2,0.32,0.35,31415,25,0.0013,1.7258,0.0626,6.096,0.0013,0.0262,0.1157,0.3353,True,True,0.2228,0.0464,False,False,False,0.3353,0.0281,0.0669,0.681
0.4,0.7599,0.35,0.4,0.2,0.32,0.35,31415,50,0.0012,1.5049,0.0514,5.4871,0.003,0.0274,0.1228,0.3355,True,True,0.2228,0.0469,False,False,False,0.3355,0.0282,0.0669,0.6808
0.4,0.7599,0.35,0.4,0.2,0.32,0.35,31415,75,0.0008,1.2174,0.0523,5.532,0.0052,0.0274,0.1278,0.335,True,True,0.2227,0.047,False,False,False,0.335,0.0282,0.067,0.6798
0.4,0.7599,0.35,0.4,0.2,0.32,0.35,31415,100,-0.0002,0.1013,0.0566,5.7605,0.0025,0.0287,0.1288,0.3353,True,True,0.2228,0.046,False,False,False,0.3353,0.0281,0.0668,0.6796
0.4,0.7599,0.35,0.4,0.35,0.26,0.35,42,0,-0.0015,-1.1181,0.0594,6.3758,0.0586,0.0754,0.7416,0.3091,False,True,0.213,0.0441,False,False,False,0.3091,0.0266,0.0726,0.7383
0.4,0.7599,0.35,0.4,0.35,0.26,0.35,42,25,-0.0006,-0.1879,0.065,6.4889,0.0002,0.0276,0.1511,0.3123,True,True,0.2147,0.0439,False,False,False,0.3123,0.0269,0.0717,0.7358
0.4,0.7599,0.35,0.4,0.35,0.26,0.35,42,50,0.0001,0.5495,0.0692,6.9861,0.0059,0.0284,0.151,0.3125,True,True,0.2148,0.0435,False,False,False,0.3125,0.0269,0.0717,0.7358
0.4,0.7599,0.35,0.4,0.35,0.26,0.35,42,75,-0.0008,-0.3273,0.0549,5.5212,0.0102,0.0276,0.1293,0.3125,True,True,0.2148,0.0436,False,False,False,0.3125,0.0268,0.0716,0.7361
0.4,0.7599,0.35,0.4,0.35,0.26,0.35,42,100,-0.0013,-0.758,0.0605,5.9715,0.0083,0.0299,0.1385,0.312,True,True,0.2146,0.0433,False,False,False,0.312,0.0268,0.0717,0.7384
0.4,0.7599,0.35,0.4,0.35,0.26,0.35,137,0,-0.0008,-0.4377,0.0465,4.5369,0.0552,0.0751,0.7491,0.3092,False,True,0.213,0.0432,False,False,False,0.3092,0.0267,0.0727,0.7398
0.4,0.7599,0.35,0.4,0.35,0.26,0.35,137,25,-0.0011,-0.6804,0.0499,5.5167,0.0053,0.0287,0.1362,0.3113,True,True,0.2143,0.0428,False,False,False,0.3113,0.0268,0.072,0.7397
0.4,0.7599,0.35,0.4,0.35,0.26,0.35,137,50,-0.0002,0.1869,0.0684,6.7078,0.0086,0.0301,0.1416,0.3108,True,True,0.2141,0.0437,False,False,False,0.3108,0.0268,0.0721,0.741
0.4,0.7599,0.35,0.4,0.35,0.26,0.35,137,75,0.0001,0.6584,0.073,7.7926,0.0047,0.0297,0.1416,0.3107,True,True,0.2141,0.0431,False,False,False,0.3107,0.0269,0.0722,0.7414
0.4,0.7599,0.35,0.4,0.35,0.26,0.35,137,100,0.0007,1.094,0.0648,6.0281,0.0179,0.0285,0.1338,0.3109,True,True,0.2142,0.0429,False,False,False,0.3109,0.0269,0.0722,0.7414
0.4,0.7599,0.35,0.4,0.35,0.26,0.35,256,0,-0.0017,-1.2992,0.0702,6.7976,0.0545,0.0772,0.7586,0.3116,False,True,0.2139,0.0428,False,False,False,0.3116,0.0268,0.0721,0.7396
0.4,0.7599,0.35,0.4,0.35,0.26,0.35,256,25,-0.0017,-1.2574,0.0814,7.9378,0.0116,0.0307,0.1516,0.3141,True,True,0.2153,0.0421,False,False,False,0.3141,0.027,0.0714,0.7396
0.4,0.7599,0.35,0.4,0.35,0.26,0.35,256,50,-0.0019,-1.4662,0.078,8.2314,0.0311,0.0307,0.142,0.3126,True,True,0.2148,0.042,False,False,False,0.3126,0.0269,0.0717,0.7404
0.4,0.7599,0.35,0.4,0.35,0.26,0.35,256,75,-0.0029,-2.2784,0.0605,5.4496,0.0247,0.0321,0.1512,0.3121,True,True,0.2146,0.0431,False,False,False,0.3121,0.0268,0.0718,0.7404
0.4,0.7599,0.35,0.4,0.35,0.26,0.35,256,100,-0.0028,-2.4151,0.0494,4.9791,0.0005,0.0315,0.1439,0.3113,True,True,0.2143,0.0437,False,False,False,0.3113,0.0268,0.072,0.7396
0.4,0.7599,0.35,0.4,0.35,0.26,0.35,1024,0,-0.0024,-2.0627,0.0855,9.4593,0.042,0.0741,0.771,0.3092,False,True,0.2131,0.0432,False,False,False,0.3092,0.0266,0.0726,0.74
0.4,0.7599,0.35,0.4,0.35,0.26,0.35,1024,25,-0.002,-1.4063,0.0593,6.2107,0.007,0.0256,0.1232,0.3118,True,True,0.2145,0.0432,False,False,False,0.3118,0.0267,0.0718,0.7398
0.4,0.7599,0.35,0.4,0.35,0.26,0.35,1024,50,-0.0022,-1.6994,0.0554,5.5296,0.0199,0.0255,0.1245,0.3117,True,True,0.2145,0.0434,False,False,False,0.3117,0.0267,0.0718,0.7406
0.4,0.7599,0.35,0.4,0.35,0.26,0.35,1024,75,-0.0022,-1.9565,0.0519,5.0455,0.0136,0.0293,0.1763,0.3131,True,True,0.215,0.0427,False,False,False,0.3131,0.0268,0.0715,0.7397
0.4,0.7599,0.35,0.4,0.35,0.26,0.35,1024,100,-0.0017,-1.3168,0.0384,3.8729,0.0158,0.0317,0.1767,0.3124,True,True,0.2147,0.0435,False,False,False,0.3124,0.0268,0.0717,0.7409
0.4,0.7599,0.35,0.4,0.35,0.26,0.35,31415,0,-0.0017,-1.2061,0.0719,7.4675,0.0679,0.0758,0.7632,0.3082,False,True,0.2127,0.0433,False,False,False,0.3082,0.0266,0.0729,0.7402
0.4,0.7599,0.35,0.4,0.35,0.26,0.35,31415,25,-0.0022,-2.0389,0.0524,5.2749,0.008,0.0271,0.1307,0.3122,True,True,0.2146,0.0437,False,False,False,0.3122,0.0268,0.0719,0.7401
0.4,0.7599,0.35,0.4,0.35,0.26,0.35,31415,50,-0.0019,-1.4693,0.0442,4.6785,0.0022,0.0279,0.1278,0.3129,True,True,0.2149,0.0441,False,False,False,0.3129,0.027,0.0717,0.7382
0.4,0.7599,0.35,0.4,0.35,0.26,0.35,31415,75,-0.002,-1.6552,0.0445,4.7302,0.0028,0.0287,0.1282,0.3121,True,True,0.2146,0.0438,False,False,False,0.3121,0.027,0.0719,0.7379
0.4,0.7599,0.35,0.4,0.35,0.26,0.35,31415,100,-0.0032,-2.8846,0.0493,5.1634,0.0048,0.0309,0.132,0.3122,True,True,0.2146,0.0429,False,False,False,0.3122,0.0268,0.0718,0.7386
0.4,0.7599,0.35,0.4,0.5,0.2,0.35,42,0,-0.005,-4.596,0.0599,6.5733,0.0505,0.0727,0.7194,0.2891,False,True,0.2051,0.0407,False,False,False,0.2891,0.0254,0.0773,0.7985
0.4,0.7599,0.35,0.4,0.5,0.2,0.35,42,25,-0.0041,-3.5522,0.0697,7.1416,0.0014,0.0277,0.1414,0.2914,True,True,0.2064,0.0405,False,False,False,0.2914,0.0257,0.0767,0.7974
0.4,0.7599,0.35,0.4,0.5,0.2,0.35,42,50,-0.0038,-3.1537,0.0676,7.1248,0.0047,0.0287,0.1413,0.2915,True,True,0.2065,0.0404,False,False,False,0.2915,0.0256,0.0766,0.7972
0.4,0.7599,0.35,0.4,0.5,0.2,0.35,42,75,-0.0048,-4.6421,0.0523,5.4111,0.0116,0.0299,0.1632,0.2917,True,True,0.2065,0.0401,False,False,False,0.2917,0.0256,0.0766,0.7973
0.4,0.7599,0.35,0.4,0.5,0.2,0.35,42,100,-0.0051,-4.6937,0.0611,5.8612,0.0037,0.0327,0.1869,0.291,True,True,0.2062,0.0395,False,False,False,0.291,0.0255,0.0767,0.799
0.4,0.7599,0.35,0.4,0.5,0.2,0.35,137,0,-0.0039,-3.8307,0.0435,4.0704,0.0511,0.0724,0.7189,0.2893,False,True,0.2052,0.04,False,False,False,0.2893,0.0255,0.0773,0.7988
0.4,0.7599,0.35,0.4,0.5,0.2,0.35,137,25,-0.0045,-3.8643,0.0574,6.3967,0.0079,0.0298,0.1374,0.2912,True,True,0.2063,0.04,False,False,False,0.2912,0.0255,0.0767,0.7986
0.4,0.7599,0.35,0.4,0.5,0.2,0.35,137,50,-0.0035,-3.3279,0.0679,6.8614,0.0138,0.0308,0.1377,0.2905,True,True,0.206,0.0406,False,False,False,0.2905,0.0256,0.0769,0.8003
0.4,0.7599,0.35,0.4,0.5,0.2,0.35,137,75,-0.0033,-2.7531,0.0695,6.9977,0.0081,0.0309,0.1378,0.2902,True,True,0.2059,0.0399,False,False,False,0.2902,0.0257,0.0771,0.8025
0.4,0.7599,0.35,0.4,0.5,0.2,0.35,137,100,-0.0033,-2.8811,0.0585,5.5334,0.018,0.0304,0.1364,0.2904,True,True,0.206,0.0402,False,False,False,0.2904,0.0256,0.077,0.8022
0.4,0.7599,0.35,0.4,0.5,0.2,0.35,256,0,-0.004,-3.8496,0.0704,6.6448,0.0516,0.075,0.7379,0.2911,False,True,0.2059,0.04,False,False,False,0.2911,0.0257,0.0769,0.7991
0.4,0.7599,0.35,0.4,0.5,0.2,0.35,256,25,-0.0041,-3.7304,0.0743,7.227,0.0137,0.0303,0.1555,0.2933,True,True,0.2072,0.0391,False,False,False,0.2933,0.0258,0.0763,0.7982
0.4,0.7599,0.35,0.4,0.5,0.2,0.35,256,50,-0.0047,-4.3318,0.0732,7.6517,0.0292,0.0295,0.1453,0.2918,True,True,0.2066,0.0391,False,False,False,0.2918,0.0257,0.0766,0.7991
0.4,0.7599,0.35,0.4,0.5,0.2,0.35,256,75,-0.0059,-5.2826,0.0533,4.9475,0.0255,0.031,0.1621,0.2912,True,True,0.2063,0.0399,False,False,False,0.2912,0.0256,0.0767,0.7997
0.4,0.7599,0.35,0.4,0.5,0.2,0.35,256,100,-0.0056,-4.7917,0.046,4.548,0.0005,0.0325,0.1556,0.2905,True,True,0.206,0.0402,False,False,False,0.2905,0.0256,0.0769,0.799
0.4,0.7599,0.35,0.4,0.5,0.2,0.35,1024,0,-0.0058,-5.2422,0.0769,7.8759,0.0367,0.0714,0.7466,0.2893,False,True,0.2052,0.0398,False,False,False,0.2893,0.0253,0.0772,0.7978
0.4,0.7599,0.35,0.4,0.5,0.2,0.35,1024,25,-0.0055,-4.983,0.0545,6.0907,0.0027,0.0265,0.1248,0.2916,True,True,0.2065,0.04,False,False,False,0.2916,0.0254,0.0766,0.7978
0.4,0.7599,0.35,0.4,0.5,0.2,0.35,1024,50,-0.0057,-5.1414,0.056,5.4783,0.0149,0.0271,0.1304,0.2915,True,True,0.2065,0.0401,False,False,False,0.2915,0.0254,0.0766,0.7987
0.4,0.7599,0.35,0.4,0.5,0.2,0.35,1024,75,-0.0062,-6.3439,0.0491,5.0813,0.012,0.0312,0.2022,0.2928,True,True,0.207,0.0394,False,False,False,0.2928,0.0255,0.0763,0.7986
0.4,0.7599,0.35,0.4,0.5,0.2,0.35,1024,100,-0.0056,-5.2991,0.0333,3.2862,0.0171,0.0337,0.2027,0.2921,True,True,0.2067,0.0399,False,False,False,0.2921,0.0255,0.0765,0.8002
0.4,0.7599,0.35,0.4,0.5,0.2,0.35,31415,0,-0.0042,-3.5777,0.0711,8.0299,0.0649,0.0737,0.7515,0.288,False,True,0.2046,0.0402,False,False,False,0.288,0.0254,0.0777,0.8001
0.4,0.7599,0.35,0.4,0.5,0.2,0.35,31415,25,-0.0048,-4.6067,0.0589,5.8111,0.0085,0.029,0.1483,0.2914,True,True,0.2064,0.0407,False,False,False,0.2914,0.0256,0.0768,0.7999
0.4,0.7599,0.35,0.4,0.5,0.2,0.35,31415,50,-0.0048,-4.2212,0.0432,4.408,0.0048,0.0306,0.1602,0.2922,True,True,0.2067,0.0407,False,False,False,0.2922,0.0258,0.0766,0.7983
0.4,0.7599,0.35,0.4,0.5,0.2,0.35,31415,75,-0.0046,-4.4239,0.0444,4.4384,0.0019,0.0299,0.1497,0.2913,True,True,0.2064,0.0409,False,False,False,0.2913,0.0258,0.0768,0.7982
0.4,0.7599,0.35,0.4,0.5,0.2,0.35,31415,100,-0.0057,-5.0831,0.0493,5.1293,0.0044,0.0327,0.1716,0.2914,True,True,0.2064,0.0397,False,False,False,0.2914,0.0256,0.0767,0.799
