run_id,block_idx,M_block,g_E_value,pre_bound_term,post_bound_term,Delta_j,bound_ratio,bound_active,realized_block_rho,raw_Psi_meanI_state_block,raw_Psi_persistence_I_block
R_E_bounded_kp0_7599_d0_0000_s42,0,0.3714,0.0,0.0,0.0,0.0,0.0,False,0.3653,0.0072,0.0649
R_E_bounded_kp0_7599_d0_0000_s42,1,0.3653,-2.4539,0.0,0.0,0.0,0.0,False,0.3723,0.0018,0.0514
R_E_bounded_kp0_7599_d0_0000_s42,2,0.3723,0.361,0.0,0.0,0.0,0.0,False,0.3701,0.0071,0.0659
R_E_bounded_kp0_7599_d0_0000_s42,3,0.3701,-0.5369,0.0,0.0,0.0,0.0,False,0.3722,0.0055,0.0439
R_E_bounded_kp0_7599_d0_0000_s42,4,0.3722,0.3101,0.0,0.0,0.0,0.0,False,0.3718,0.0063,0.0591
R_E_bounded_kp0_7599_d0_0000_s42,5,0.3718,0.1381,0.0,0.0,0.0,0.0,False,0.3752,0.0047,0.0568
R_E_bounded_kp0_7599_d0_0000_s42,6,0.3752,1.5074,0.0,0.0,0.0,0.0,False,0.3706,0.004,0.0512
R_E_bounded_kp0_7599_d0_0000_s42,7,0.3706,-0.314,0.0,0.0,0.0,0.0,False,0.3711,0.0049,0.0651
R_E_bounded_kp0_7599_d0_0000_s42,8,0.3711,-0.1166,0.0,0.0,0.0,0.0,False,0.3705,0.0014,0.0622
R_E_bounded_kp0_7599_d0_0000_s42,9,0.3705,-0.3586,0.0,0.0,0.0,0.0,False,0.3732,0.0057,0.0897
R_E_bounded_kp0_7599_d0_0000_s42,10,0.3732,0.6986,0.0,0.0,0.0,0.0,False,0.3741,0.0047,0.061
R_E_bounded_kp0_7599_d0_0000_s42,11,0.3741,1.0807,0.0,0.0,0.0,0.0,False,0.3692,0.0061,0.043
R_E_bounded_kp0_7599_d0_0000_s42,12,0.3692,-0.8872,0.0,0.0,0.0,0.0,False,0.3751,0.0034,0.0694
R_E_bounded_kp0_7599_d0_0000_s42,13,0.3751,1.4755,0.0,0.0,0.0,0.0,False,0.3727,-0.0008,0.0506
R_E_bounded_kp0_7599_d0_0000_s42,14,0.3727,0.5011,0.0,0.0,0.0,0.0,False,0.3701,0.0049,0.0591
R_E_bounded_kp0_7599_d0_0000_s42,15,0.3701,-0.5178,0.0,0.0,0.0,0.0,False,0.3731,0.0018,0.0765
R_E_bounded_kp0_7599_d0_0000_s137,0,0.3714,0.0,0.0,0.0,0.0,0.0,False,0.3689,0.0074,0.0627
R_E_bounded_kp0_7599_d0_0000_s137,1,0.3689,-1.0146,0.0,0.0,0.0,0.0,False,0.3721,0.001,0.048
R_E_bounded_kp0_7599_d0_0000_s137,2,0.3721,0.2846,0.0,0.0,0.0,0.0,False,0.3712,0.0068,0.0529
R_E_bounded_kp0_7599_d0_0000_s137,3,0.3712,-0.072,0.0,0.0,0.0,0.0,False,0.3735,0.0062,0.0745
R_E_bounded_kp0_7599_d0_0000_s137,4,0.3735,0.8196,0.0,0.0,0.0,0.0,False,0.3709,0.0068,0.054
R_E_bounded_kp0_7599_d0_0000_s137,5,0.3709,-0.1994,0.0,0.0,0.0,0.0,False,0.3705,0.0084,0.0701
R_E_bounded_kp0_7599_d0_0000_s137,6,0.3705,-0.3777,0.0,0.0,0.0,0.0,False,0.3709,0.0075,0.0436
R_E_bounded_kp0_7599_d0_0000_s137,7,0.3709,-0.2122,0.0,0.0,0.0,0.0,False,0.3741,0.0037,0.0715
R_E_bounded_kp0_7599_d0_0000_s137,8,0.3741,1.0616,0.0,0.0,0.0,0.0,False,0.3691,0.005,0.0628
R_E_bounded_kp0_7599_d0_0000_s137,9,0.3691,-0.9382,0.0,0.0,0.0,0.0,False,0.3698,0.0086,0.087
R_E_bounded_kp0_7599_d0_0000_s137,10,0.3698,-0.6643,0.0,0.0,0.0,0.0,False,0.3717,0.0034,0.0813
R_E_bounded_kp0_7599_d0_0000_s137,11,0.3717,0.1063,0.0,0.0,0.0,0.0,False,0.3713,0.0052,0.0802
R_E_bounded_kp0_7599_d0_0000_s137,12,0.3713,-0.0338,0.0,0.0,0.0,0.0,False,0.3725,0.0055,0.0711
R_E_bounded_kp0_7599_d0_0000_s137,13,0.3725,0.4183,0.0,0.0,0.0,0.0,False,0.37,0.0066,0.0699
R_E_bounded_kp0_7599_d0_0000_s137,14,0.37,-0.5752,0.0,0.0,0.0,0.0,False,0.3736,0.0073,0.0635
R_E_bounded_kp0_7599_d0_0000_s137,15,0.3736,0.8578,0.0,0.0,0.0,0.0,False,0.3713,0.0067,0.0961
R_E_bounded_kp0_7599_d0_0000_s256,0,0.3714,0.0,0.0,0.0,0.0,0.0,False,0.3675,0.0083,0.0739
R_E_bounded_kp0_7599_d0_0000_s256,1,0.3675,-1.575,0.0,0.0,0.0,0.0,False,0.3735,0.0025,0.0562
R_E_bounded_kp0_7599_d0_0000_s256,2,0.3735,0.8196,0.0,0.0,0.0,0.0,False,0.3748,0.004,0.0707
R_E_bounded_kp0_7599_d0_0000_s256,3,0.3748,1.3418,0.0,0.0,0.0,0.0,False,0.3746,0.0075,0.0772
R_E_bounded_kp0_7599_d0_0000_s256,4,0.3746,1.2781,0.0,0.0,0.0,0.0,False,0.3711,0.0072,0.0794
R_E_bounded_kp0_7599_d0_0000_s256,5,0.3711,-0.1357,0.0,0.0,0.0,0.0,False,0.3672,0.0025,0.0402
R_E_bounded_kp0_7599_d0_0000_s256,6,0.3672,-1.6769,0.0,0.0,0.0,0.0,False,0.3717,0.0006,0.0483
R_E_bounded_kp0_7599_d0_0000_s256,7,0.3717,0.1126,0.0,0.0,0.0,0.0,False,0.3741,0.0061,0.0664
R_E_bounded_kp0_7599_d0_0000_s256,8,0.3741,1.0807,0.0,0.0,0.0,0.0,False,0.3722,0.0082,0.0498
R_E_bounded_kp0_7599_d0_0000_s256,9,0.3722,0.291,0.0,0.0,0.0,0.0,False,0.3741,0.0029,0.097
R_E_bounded_kp0_7599_d0_0000_s256,10,0.3741,1.0679,0.0,0.0,0.0,0.0,False,0.37,0.0057,0.0578
R_E_bounded_kp0_7599_d0_0000_s256,11,0.37,-0.5497,0.0,0.0,0.0,0.0,False,0.3709,0.0044,0.0499
R_E_bounded_kp0_7599_d0_0000_s256,12,0.3709,-0.1994,0.0,0.0,0.0,0.0,False,0.3719,0.0037,0.0776
R_E_bounded_kp0_7599_d0_0000_s256,13,0.3719,0.1827,0.0,0.0,0.0,0.0,False,0.3672,0.0095,0.0708
R_E_bounded_kp0_7599_d0_0000_s256,14,0.3672,-1.6833,0.0,0.0,0.0,0.0,False,0.3714,0.0017,0.072
R_E_bounded_kp0_7599_d0_0000_s256,15,0.3714,-0.0084,0.0,0.0,0.0,0.0,False,0.3729,0.005,0.0492
R_E_bounded_kp0_7599_d0_0000_s1024,0,0.3714,0.0,0.0,0.0,0.0,0.0,False,0.3676,0.004,0.0646
R_E_bounded_kp0_7599_d0_0000_s1024,1,0.3676,-1.5368,0.0,0.0,0.0,0.0,False,0.3722,0.0038,0.0627
R_E_bounded_kp0_7599_d0_0000_s1024,2,0.3722,0.291,0.0,0.0,0.0,0.0,False,0.3687,0.0049,0.0661
R_E_bounded_kp0_7599_d0_0000_s1024,3,0.3687,-1.1037,0.0,0.0,0.0,0.0,False,0.3704,0.0067,0.0705
R_E_bounded_kp0_7599_d0_0000_s1024,4,0.3704,-0.4159,0.0,0.0,0.0,0.0,False,0.3707,0.0065,0.0565
R_E_bounded_kp0_7599_d0_0000_s1024,5,0.3707,-0.3077,0.0,0.0,0.0,0.0,False,0.3736,0.0033,0.0587
R_E_bounded_kp0_7599_d0_0000_s1024,6,0.3736,0.8832,0.0,0.0,0.0,0.0,False,0.3767,0.0036,0.0661
R_E_bounded_kp0_7599_d0_0000_s1024,7,0.3767,2.0933,0.0,0.0,0.0,0.0,False,0.3698,0.007,0.0756
R_E_bounded_kp0_7599_d0_0000_s1024,8,0.3698,-0.6388,0.0,0.0,0.0,0.0,False,0.3684,0.0059,0.0869
R_E_bounded_kp0_7599_d0_0000_s1024,9,0.3684,-1.1993,0.0,0.0,0.0,0.0,False,0.3732,0.0033,0.0594
R_E_bounded_kp0_7599_d0_0000_s1024,10,0.3732,0.6858,0.0,0.0,0.0,0.0,False,0.3705,0.0055,0.0658
R_E_bounded_kp0_7599_d0_0000_s1024,11,0.3705,-0.3523,0.0,0.0,0.0,0.0,False,0.3712,0.0062,0.0766
R_E_bounded_kp0_7599_d0_0000_s1024,12,0.3712,-0.0911,0.0,0.0,0.0,0.0,False,0.3715,0.0037,0.0499
R_E_bounded_kp0_7599_d0_0000_s1024,13,0.3715,0.0107,0.0,0.0,0.0,0.0,False,0.3737,0.0042,0.0447
R_E_bounded_kp0_7599_d0_0000_s1024,14,0.3737,0.9087,0.0,0.0,0.0,0.0,False,0.376,0.0061,0.0627
R_E_bounded_kp0_7599_d0_0000_s1024,15,0.376,1.8194,0.0,0.0,0.0,0.0,False,0.3714,0.0061,0.062
R_E_bounded_kp0_7599_d0_0000_s31415,0,0.3714,0.0,0.0,0.0,0.0,0.0,False,0.3612,0.0028,0.0683
R_E_bounded_kp0_7599_d0_0000_s31415,1,0.3612,-4.0651,0.0,0.0,0.0,0.0,False,0.37,0.0068,0.0664
R_E_bounded_kp0_7599_d0_0000_s31415,2,0.37,-0.5561,0.0,0.0,0.0,0.0,False,0.3725,0.0047,0.0554
R_E_bounded_kp0_7599_d0_0000_s31415,3,0.3725,0.4374,0.0,0.0,0.0,0.0,False,0.3716,0.0053,0.0707
R_E_bounded_kp0_7599_d0_0000_s31415,4,0.3716,0.0872,0.0,0.0,0.0,0.0,False,0.3704,0.0039,0.0415
R_E_bounded_kp0_7599_d0_0000_s31415,5,0.3704,-0.4287,0.0,0.0,0.0,0.0,False,0.3723,0.0074,0.0738
R_E_bounded_kp0_7599_d0_0000_s31415,6,0.3723,0.3483,0.0,0.0,0.0,0.0,False,0.3701,0.004,0.0464
R_E_bounded_kp0_7599_d0_0000_s31415,7,0.3701,-0.5369,0.0,0.0,0.0,0.0,False,0.3714,0.0022,0.0539
R_E_bounded_kp0_7599_d0_0000_s31415,8,0.3714,-0.0084,0.0,0.0,0.0,0.0,False,0.3705,0.007,0.059
R_E_bounded_kp0_7599_d0_0000_s31415,9,0.3705,-0.3586,0.0,0.0,0.0,0.0,False,0.3688,0.0046,0.05
R_E_bounded_kp0_7599_d0_0000_s31415,10,0.3688,-1.0528,0.0,0.0,0.0,0.0,False,0.3724,0.0064,0.0729
R_E_bounded_kp0_7599_d0_0000_s31415,11,0.3724,0.3865,0.0,0.0,0.0,0.0,False,0.3695,0.0087,0.039
R_E_bounded_kp0_7599_d0_0000_s31415,12,0.3695,-0.7535,0.0,0.0,0.0,0.0,False,0.3724,0.0032,0.0753
R_E_bounded_kp0_7599_d0_0000_s31415,13,0.3724,0.3992,0.0,0.0,0.0,0.0,False,0.3736,0.0016,0.0588
R_E_bounded_kp0_7599_d0_0000_s31415,14,0.3736,0.8578,0.0,0.0,0.0,0.0,False,0.3702,0.0048,0.0604
R_E_bounded_kp0_7599_d0_0000_s31415,15,0.3702,-0.4796,0.0,0.0,0.0,0.0,False,0.3785,0.0058,0.0662
R_E_bounded_kp0_7599_dp0_0518_s42,0,0.3714,0.0,0.0,0.0,0.0518,0.0,False,0.3653,0.0072,0.0649
R_E_bounded_kp0_7599_dp0_0518_s42,1,0.3653,-2.4539,-0.1272,-0.0511,0.0518,0.9853,True,0.3628,0.0027,0.0527
R_E_bounded_kp0_7599_dp0_0518_s42,2,0.3628,-3.4155,-0.177,-0.0517,0.0518,0.9978,True,0.3599,0.0081,0.0739
R_E_bounded_kp0_7599_dp0_0518_s42,3,0.3599,-4.581,-0.2374,-0.0518,0.0518,0.9998,True,0.3622,0.0065,0.0513
R_E_bounded_kp0_7599_dp0_0518_s42,4,0.3622,-3.6894,-0.1912,-0.0518,0.0518,0.9988,True,0.3624,0.0064,0.0567
R_E_bounded_kp0_7599_dp0_0518_s42,5,0.3624,-3.5939,-0.1863,-0.0517,0.0518,0.9985,True,0.3653,0.006,0.063
R_E_bounded_kp0_7599_dp0_0518_s42,6,0.3653,-2.4475,-0.1268,-0.0511,0.0518,0.9851,True,0.3611,0.004,0.0503
R_E_bounded_kp0_7599_dp0_0518_s42,7,0.3611,-4.097,-0.2123,-0.0518,0.0518,0.9994,True,0.3613,0.0056,0.0718
R_E_bounded_kp0_7599_dp0_0518_s42,8,0.3613,-4.0333,-0.209,-0.0518,0.0518,0.9994,True,0.3607,0.0016,0.063
R_E_bounded_kp0_7599_dp0_0518_s42,9,0.3607,-4.2753,-0.2216,-0.0518,0.0518,0.9996,True,0.3628,0.0079,0.0939
R_E_bounded_kp0_7599_dp0_0518_s42,10,0.3628,-3.4155,-0.177,-0.0517,0.0518,0.9978,True,0.3639,0.0056,0.0713
R_E_bounded_kp0_7599_dp0_0518_s42,11,0.3639,-2.9888,-0.1549,-0.0516,0.0518,0.9949,True,0.3589,0.0064,0.0405
R_E_bounded_kp0_7599_dp0_0518_s42,12,0.3589,-4.9886,-0.2585,-0.0518,0.0518,0.9999,True,0.3658,0.0036,0.0751
R_E_bounded_kp0_7599_dp0_0518_s42,13,0.3658,-2.2374,-0.116,-0.0507,0.0518,0.9775,True,0.3625,0.0001,0.0457
R_E_bounded_kp0_7599_dp0_0518_s42,14,0.3625,-3.5493,-0.1839,-0.0517,0.0518,0.9983,True,0.3607,0.0057,0.056
R_E_bounded_kp0_7599_dp0_0518_s42,15,0.3607,-4.2625,-0.2209,-0.0518,0.0518,0.9996,True,0.3634,0.003,0.0805
R_E_bounded_kp0_7599_dp0_0518_s137,0,0.3714,0.0,0.0,0.0,0.0518,0.0,False,0.3689,0.0074,0.0627
R_E_bounded_kp0_7599_dp0_0518_s137,1,0.3689,-1.0146,-0.0526,-0.0398,0.0518,0.7677,False,0.3645,0.0005,0.0455
R_E_bounded_kp0_7599_dp0_0518_s137,2,0.3645,-2.7468,-0.1424,-0.0514,0.0518,0.9918,True,0.3611,0.0074,0.0504
R_E_bounded_kp0_7599_dp0_0518_s137,3,0.3611,-4.1161,-0.2133,-0.0518,0.0518,0.9995,True,0.3634,0.0063,0.0758
R_E_bounded_kp0_7599_dp0_0518_s137,4,0.3634,-3.199,-0.1658,-0.0517,0.0518,0.9967,True,0.3616,0.0077,0.0579
R_E_bounded_kp0_7599_dp0_0518_s137,5,0.3616,-3.9186,-0.2031,-0.0518,0.0518,0.9992,True,0.3589,0.0094,0.0749
R_E_bounded_kp0_7599_dp0_0518_s137,6,0.3589,-4.9949,-0.2589,-0.0518,0.0518,0.9999,True,0.3608,0.0086,0.0462
R_E_bounded_kp0_7599_dp0_0518_s137,7,0.3608,-4.2498,-0.2202,-0.0518,0.0518,0.9996,True,0.3641,0.0045,0.0723
R_E_bounded_kp0_7599_dp0_0518_s137,8,0.3641,-2.8997,-0.1503,-0.0515,0.0518,0.994,True,0.3592,0.0059,0.0647
R_E_bounded_kp0_7599_dp0_0518_s137,9,0.3592,-4.8739,-0.2526,-0.0518,0.0518,0.9999,True,0.3604,0.0079,0.089
R_E_bounded_kp0_7599_dp0_0518_s137,10,0.3604,-4.409,-0.2285,-0.0518,0.0518,0.9997,True,0.3622,0.0053,0.0856
R_E_bounded_kp0_7599_dp0_0518_s137,11,0.3622,-3.6894,-0.1912,-0.0518,0.0518,0.9988,True,0.3615,0.0061,0.0719
R_E_bounded_kp0_7599_dp0_0518_s137,12,0.3615,-3.9378,-0.2041,-0.0518,0.0518,0.9992,True,0.3625,0.0061,0.0757
R_E_bounded_kp0_7599_dp0_0518_s137,13,0.3625,-3.5493,-0.1839,-0.0517,0.0518,0.9983,True,0.3607,0.0074,0.0743
R_E_bounded_kp0_7599_dp0_0518_s137,14,0.3607,-4.2817,-0.2219,-0.0518,0.0518,0.9996,True,0.3636,0.0078,0.0625
R_E_bounded_kp0_7599_dp0_0518_s137,15,0.3636,-3.1162,-0.1615,-0.0516,0.0518,0.9961,True,0.3618,0.0081,0.0994
R_E_bounded_kp0_7599_dp0_0518_s256,0,0.3714,0.0,0.0,0.0,0.0518,0.0,False,0.3675,0.0083,0.0739
R_E_bounded_kp0_7599_dp0_0518_s256,1,0.3675,-1.575,-0.0816,-0.0476,0.0518,0.9178,True,0.3642,0.003,0.0595
R_E_bounded_kp0_7599_dp0_0518_s256,2,0.3642,-2.8678,-0.1486,-0.0515,0.0518,0.9936,True,0.3644,0.0045,0.0684
R_E_bounded_kp0_7599_dp0_0518_s256,3,0.3644,-2.7787,-0.144,-0.0514,0.0518,0.9923,True,0.3649,0.0083,0.0784
R_E_bounded_kp0_7599_dp0_0518_s256,4,0.3649,-2.5876,-0.1341,-0.0512,0.0518,0.9888,True,0.3627,0.0079,0.0765
R_E_bounded_kp0_7599_dp0_0518_s256,5,0.3627,-3.4601,-0.1793,-0.0517,0.0518,0.998,True,0.3573,0.0034,0.047
R_E_bounded_kp0_7599_dp0_0518_s256,6,0.3573,-5.6318,-0.2919,-0.0518,0.0518,1.0,True,0.362,0.0015,0.048
R_E_bounded_kp0_7599_dp0_0518_s256,7,0.362,-3.7403,-0.1938,-0.0518,0.0518,0.9989,True,0.3636,0.0056,0.0675
R_E_bounded_kp0_7599_dp0_0518_s256,8,0.3636,-3.1098,-0.1612,-0.0516,0.0518,0.996,True,0.3627,0.0091,0.0524
R_E_bounded_kp0_7599_dp0_0518_s256,9,0.3627,-3.4856,-0.1806,-0.0517,0.0518,0.9981,True,0.3645,0.0034,0.0967
R_E_bounded_kp0_7599_dp0_0518_s256,10,0.3645,-2.7532,-0.1427,-0.0514,0.0518,0.9919,True,0.3603,0.0066,0.0575
R_E_bounded_kp0_7599_dp0_0518_s256,11,0.3603,-4.4218,-0.2292,-0.0518,0.0518,0.9997,True,0.3611,0.0058,0.0532
R_E_bounded_kp0_7599_dp0_0518_s256,12,0.3611,-4.097,-0.2123,-0.0518,0.0518,0.9994,True,0.3626,0.0046,0.0806
R_E_bounded_kp0_7599_dp0_0518_s256,13,0.3626,-3.5111,-0.182,-0.0517,0.0518,0.9982,True,0.3577,0.0104,0.072
R_E_bounded_kp0_7599_dp0_0518_s256,14,0.3577,-5.4726,-0.2836,-0.0518,0.0518,1.0,True,0.3609,0.0029,0.073
R_E_bounded_kp0_7599_dp0_0518_s256,15,0.3609,-4.1925,-0.2173,-0.0518,0.0518,0.9995,True,0.3629,0.0063,0.0547
R_E_bounded_kp0_7599_dp0_0518_s1024,0,0.3714,0.0,0.0,0.0,0.0518,0.0,False,0.3676,0.004,0.0646
R_E_bounded_kp0_7599_dp0_0518_s1024,1,0.3676,-1.5368,-0.0796,-0.0472,0.0518,0.9116,True,0.363,0.0039,0.0618
R_E_bounded_kp0_7599_dp0_0518_s1024,2,0.363,-3.3518,-0.1737,-0.0517,0.0518,0.9976,True,0.3588,0.0057,0.0681
R_E_bounded_kp0_7599_dp0_0518_s1024,3,0.3588,-5.014,-0.2599,-0.0518,0.0518,0.9999,True,0.3606,0.0091,0.0741
R_E_bounded_kp0_7599_dp0_0518_s1024,4,0.3606,-4.3008,-0.2229,-0.0518,0.0518,0.9996,True,0.3611,0.0072,0.0543
R_E_bounded_kp0_7599_dp0_0518_s1024,5,0.3611,-4.1033,-0.2127,-0.0518,0.0518,0.9995,True,0.3626,0.0039,0.0586
R_E_bounded_kp0_7599_dp0_0518_s1024,6,0.3626,-3.5111,-0.182,-0.0517,0.0518,0.9982,True,0.3673,0.0047,0.0697
R_E_bounded_kp0_7599_dp0_0518_s1024,7,0.3673,-1.626,-0.0843,-0.048,0.0518,0.9255,True,0.3609,0.0075,0.0736
R_E_bounded_kp0_7599_dp0_0518_s1024,8,0.3609,-4.1925,-0.2173,-0.0518,0.0518,0.9995,True,0.3578,0.0064,0.0848
R_E_bounded_kp0_7599_dp0_0518_s1024,9,0.3578,-5.4089,-0.2803,-0.0518,0.0518,1.0,True,0.3628,0.0053,0.0572
R_E_bounded_kp0_7599_dp0_0518_s1024,10,0.3628,-3.4537,-0.179,-0.0517,0.0518,0.998,True,0.3604,0.0068,0.0694
R_E_bounded_kp0_7599_dp0_0518_s1024,11,0.3604,-4.3836,-0.2272,-0.0518,0.0518,0.9997,True,0.3606,0.0076,0.084
R_E_bounded_kp0_7599_dp0_0518_s1024,12,0.3606,-4.3071,-0.2232,-0.0518,0.0518,0.9996,True,0.3613,0.0042,0.0481
R_E_bounded_kp0_7599_dp0_0518_s1024,13,0.3613,-4.0397,-0.2094,-0.0518,0.0518,0.9994,True,0.3644,0.0041,0.0425
R_E_bounded_kp0_7599_dp0_0518_s1024,14,0.3644,-2.785,-0.1443,-0.0514,0.0518,0.9924,True,0.3658,0.0066,0.0674
R_E_bounded_kp0_7599_dp0_0518_s1024,15,0.3658,-2.2374,-0.116,-0.0507,0.0518,0.9775,True,0.3626,0.0059,0.0609
R_E_bounded_kp0_7599_dp0_0518_s31415,0,0.3714,0.0,0.0,0.0,0.0518,0.0,False,0.3612,0.0028,0.0683
R_E_bounded_kp0_7599_dp0_0518_s31415,1,0.3612,-4.0651,-0.2107,-0.0518,0.0518,0.9994,True,0.3613,0.0071,0.0649
R_E_bounded_kp0_7599_dp0_0518_s31415,2,0.3613,-4.0269,-0.2087,-0.0518,0.0518,0.9994,True,0.3618,0.006,0.0577
R_E_bounded_kp0_7599_dp0_0518_s31415,3,0.3618,-3.8359,-0.1988,-0.0518,0.0518,0.9991,True,0.3614,0.0063,0.0702
R_E_bounded_kp0_7599_dp0_0518_s31415,4,0.3614,-3.9823,-0.2064,-0.0518,0.0518,0.9993,True,0.3605,0.0045,0.0424
R_E_bounded_kp0_7599_dp0_0518_s31415,5,0.3605,-4.3453,-0.2252,-0.0518,0.0518,0.9997,True,0.3621,0.0082,0.0788
R_E_bounded_kp0_7599_dp0_0518_s31415,6,0.3621,-3.6957,-0.1915,-0.0518,0.0518,0.9988,True,0.3596,0.0045,0.0475
R_E_bounded_kp0_7599_dp0_0518_s31415,7,0.3596,-4.7147,-0.2443,-0.0518,0.0518,0.9998,True,0.3622,0.0021,0.056
R_E_bounded_kp0_7599_dp0_0518_s31415,8,0.3622,-3.6703,-0.1902,-0.0518,0.0518,0.9987,True,0.3602,0.0084,0.0634
R_E_bounded_kp0_7599_dp0_0518_s31415,9,0.3602,-4.4536,-0.2308,-0.0518,0.0518,0.9997,True,0.3591,0.0058,0.0544
R_E_bounded_kp0_7599_dp0_0518_s31415,10,0.3591,-4.9185,-0.2549,-0.0518,0.0518,0.9999,True,0.3628,0.0075,0.0794
R_E_bounded_kp0_7599_dp0_0518_s31415,11,0.3628,-3.4474,-0.1787,-0.0517,0.0518,0.998,True,0.3599,0.0093,0.04
R_E_bounded_kp0_7599_dp0_0518_s31415,12,0.3599,-4.5937,-0.2381,-0.0518,0.0518,0.9998,True,0.3623,0.0037,0.0754
R_E_bounded_kp0_7599_dp0_0518_s31415,13,0.3623,-3.6193,-0.1876,-0.0518,0.0518,0.9986,True,0.3627,0.0033,0.064
R_E_bounded_kp0_7599_dp0_0518_s31415,14,0.3627,-3.492,-0.181,-0.0517,0.0518,0.9981,True,0.3602,0.006,0.0635
R_E_bounded_kp0_7599_dp0_0518_s31415,15,0.3602,-4.4663,-0.2315,-0.0518,0.0518,0.9997,True,0.3679,0.0071,0.0696
R_E_bounded_kp0_7599_dp0_1032_s42,0,0.3714,0.0,0.0,0.0,0.1032,0.0,False,0.3653,0.0072,0.0649
R_E_bounded_kp0_7599_dp0_1032_s42,1,0.3653,-2.4539,-0.2532,-0.1017,0.1032,0.9853,True,0.3531,0.0039,0.0505
R_E_bounded_kp0_7599_dp0_1032_s42,2,0.3531,-7.294,-0.7526,-0.1032,0.1032,1.0,True,0.3487,0.0081,0.0708
R_E_bounded_kp0_7599_dp0_1032_s42,3,0.3487,-9.0581,-0.9346,-0.1032,0.1032,1.0,True,0.3516,0.0073,0.0558
R_E_bounded_kp0_7599_dp0_1032_s42,4,0.3516,-7.9117,-0.8164,-0.1032,0.1032,1.0,True,0.3524,0.0065,0.0621
R_E_bounded_kp0_7599_dp0_1032_s42,5,0.3524,-7.5869,-0.7829,-0.1032,0.1032,1.0,True,0.3545,0.0079,0.0588
R_E_bounded_kp0_7599_dp0_1032_s42,6,0.3545,-6.7335,-0.6948,-0.1032,0.1032,1.0,True,0.3509,0.0049,0.0571
R_E_bounded_kp0_7599_dp0_1032_s42,7,0.3509,-8.1537,-0.8413,-0.1032,0.1032,1.0,True,0.3501,0.0074,0.0738
R_E_bounded_kp0_7599_dp0_1032_s42,8,0.3501,-8.4849,-0.8755,-0.1032,0.1032,1.0,True,0.3505,0.0016,0.0651
R_E_bounded_kp0_7599_dp0_1032_s42,9,0.3505,-8.3384,-0.8604,-0.1032,0.1032,1.0,True,0.3535,0.0084,0.0915
R_E_bounded_kp0_7599_dp0_1032_s42,10,0.3535,-7.1284,-0.7355,-0.1032,0.1032,1.0,True,0.3536,0.0066,0.0695
R_E_bounded_kp0_7599_dp0_1032_s42,11,0.3536,-7.1093,-0.7336,-0.1032,0.1032,1.0,True,0.3493,0.0071,0.0429
R_E_bounded_kp0_7599_dp0_1032_s42,12,0.3493,-8.8033,-0.9084,-0.1032,0.1032,1.0,True,0.3561,0.0047,0.0748
R_E_bounded_kp0_7599_dp0_1032_s42,13,0.3561,-6.1094,-0.6304,-0.1032,0.1032,1.0,True,0.3513,0.0013,0.0476
R_E_bounded_kp0_7599_dp0_1032_s42,14,0.3513,-8.0073,-0.8262,-0.1032,0.1032,1.0,True,0.3507,0.0061,0.0572
R_E_bounded_kp0_7599_dp0_1032_s42,15,0.3507,-8.262,-0.8525,-0.1032,0.1032,1.0,True,0.3525,0.0039,0.0726
R_E_bounded_kp0_7599_dp0_1032_s137,0,0.3714,0.0,0.0,0.0,0.1032,0.0,False,0.3689,0.0074,0.0627
R_E_bounded_kp0_7599_dp0_1032_s137,1,0.3689,-1.0146,-0.1047,-0.0792,0.1032,0.7677,False,0.3563,0.0019,0.0436
R_E_bounded_kp0_7599_dp0_1032_s137,2,0.3563,-6.0266,-0.6219,-0.1032,0.1032,1.0,True,0.3508,0.0082,0.0529
R_E_bounded_kp0_7599_dp0_1032_s137,3,0.3508,-8.2047,-0.8466,-0.1032,0.1032,1.0,True,0.3524,0.0076,0.0786
R_E_bounded_kp0_7599_dp0_1032_s137,4,0.3524,-7.5933,-0.7835,-0.1032,0.1032,1.0,True,0.3502,0.008,0.0605
R_E_bounded_kp0_7599_dp0_1032_s137,5,0.3502,-8.4467,-0.8716,-0.1032,0.1032,1.0,True,0.3493,0.0099,0.0651
R_E_bounded_kp0_7599_dp0_1032_s137,6,0.3493,-8.8224,-0.9103,-0.1032,0.1032,1.0,True,0.3504,0.0099,0.043
R_E_bounded_kp0_7599_dp0_1032_s137,7,0.3504,-8.3639,-0.863,-0.1032,0.1032,1.0,True,0.3544,0.0053,0.0747
R_E_bounded_kp0_7599_dp0_1032_s137,8,0.3544,-6.759,-0.6974,-0.1032,0.1032,1.0,True,0.3488,0.0064,0.0668
R_E_bounded_kp0_7599_dp0_1032_s137,9,0.3488,-9.0135,-0.93,-0.1032,0.1032,1.0,True,0.3491,0.0082,0.0889
R_E_bounded_kp0_7599_dp0_1032_s137,10,0.3491,-8.8734,-0.9156,-0.1032,0.1032,1.0,True,0.3524,0.0068,0.0817
R_E_bounded_kp0_7599_dp0_1032_s137,11,0.3524,-7.5806,-0.7822,-0.1032,0.1032,1.0,True,0.3499,0.0077,0.0793
R_E_bounded_kp0_7599_dp0_1032_s137,12,0.3499,-8.5741,-0.8847,-0.1032,0.1032,1.0,True,0.3521,0.0071,0.0709
R_E_bounded_kp0_7599_dp0_1032_s137,13,0.3521,-7.6761,-0.7921,-0.1032,0.1032,1.0,True,0.3509,0.0092,0.0834
R_E_bounded_kp0_7599_dp0_1032_s137,14,0.3509,-8.1665,-0.8427,-0.1032,0.1032,1.0,True,0.3531,0.0088,0.0629
R_E_bounded_kp0_7599_dp0_1032_s137,15,0.3531,-7.3131,-0.7546,-0.1032,0.1032,1.0,True,0.3527,0.0089,0.1005
R_E_bounded_kp0_7599_dp0_1032_s256,0,0.3714,0.0,0.0,0.0,0.1032,0.0,False,0.3675,0.0083,0.0739
R_E_bounded_kp0_7599_dp0_1032_s256,1,0.3675,-1.575,-0.1625,-0.0947,0.1032,0.9178,True,0.3544,0.0036,0.0612
R_E_bounded_kp0_7599_dp0_1032_s256,2,0.3544,-6.7718,-0.6987,-0.1032,0.1032,1.0,True,0.3536,0.0052,0.0678
R_E_bounded_kp0_7599_dp0_1032_s256,3,0.3536,-7.1093,-0.7336,-0.1032,0.1032,1.0,True,0.3548,0.0091,0.0795
R_E_bounded_kp0_7599_dp0_1032_s256,4,0.3548,-6.638,-0.6849,-0.1032,0.1032,1.0,True,0.3516,0.0092,0.0848
R_E_bounded_kp0_7599_dp0_1032_s256,5,0.3516,-7.8799,-0.8131,-0.1032,0.1032,1.0,True,0.3473,0.0046,0.049
R_E_bounded_kp0_7599_dp0_1032_s256,6,0.3473,-9.6121,-0.9918,-0.1032,0.1032,1.0,True,0.3514,0.0025,0.0576
R_E_bounded_kp0_7599_dp0_1032_s256,7,0.3514,-7.9818,-0.8236,-0.1032,0.1032,1.0,True,0.3546,0.0066,0.0634
R_E_bounded_kp0_7599_dp0_1032_s256,8,0.3546,-6.7017,-0.6915,-0.1032,0.1032,1.0,True,0.3537,0.0093,0.056
R_E_bounded_kp0_7599_dp0_1032_s256,9,0.3537,-7.0456,-0.727,-0.1032,0.1032,1.0,True,0.3545,0.0038,0.0932
R_E_bounded_kp0_7599_dp0_1032_s256,10,0.3545,-6.7335,-0.6948,-0.1032,0.1032,1.0,True,0.3496,0.0072,0.0612
R_E_bounded_kp0_7599_dp0_1032_s256,11,0.3496,-8.6823,-0.8959,-0.1032,0.1032,1.0,True,0.3512,0.0068,0.0519
R_E_bounded_kp0_7599_dp0_1032_s256,12,0.3512,-8.0518,-0.8308,-0.1032,0.1032,1.0,True,0.3521,0.0061,0.0737
R_E_bounded_kp0_7599_dp0_1032_s256,13,0.3521,-7.7079,-0.7953,-0.1032,0.1032,1.0,True,0.3462,0.0103,0.0683
R_E_bounded_kp0_7599_dp0_1032_s256,14,0.3462,-10.0452,-1.0365,-0.1032,0.1032,1.0,True,0.3509,0.0042,0.0668
R_E_bounded_kp0_7599_dp0_1032_s256,15,0.3509,-8.1728,-0.8433,-0.1032,0.1032,1.0,True,0.3522,0.0064,0.0596
R_E_bounded_kp0_7599_dp0_1032_s1024,0,0.3714,0.0,0.0,0.0,0.1032,0.0,False,0.3676,0.004,0.0646
R_E_bounded_kp0_7599_dp0_1032_s1024,1,0.3676,-1.5368,-0.1586,-0.0941,0.1032,0.9116,True,0.3546,0.0048,0.0662
R_E_bounded_kp0_7599_dp0_1032_s1024,2,0.3546,-6.689,-0.6902,-0.1032,0.1032,1.0,True,0.3484,0.0066,0.0728
R_E_bounded_kp0_7599_dp0_1032_s1024,3,0.3484,-9.1791,-0.9471,-0.1032,0.1032,1.0,True,0.35,0.0099,0.0731
R_E_bounded_kp0_7599_dp0_1032_s1024,4,0.35,-8.5422,-0.8814,-0.1032,0.1032,1.0,True,0.3512,0.0076,0.056
R_E_bounded_kp0_7599_dp0_1032_s1024,5,0.3512,-8.0518,-0.8308,-0.1032,0.1032,1.0,True,0.3524,0.005,0.0561
R_E_bounded_kp0_7599_dp0_1032_s1024,6,0.3524,-7.5806,-0.7822,-0.1032,0.1032,1.0,True,0.3577,0.0056,0.0742
R_E_bounded_kp0_7599_dp0_1032_s1024,7,0.3577,-5.4726,-0.5647,-0.1032,0.1032,1.0,True,0.3497,0.0085,0.0739
R_E_bounded_kp0_7599_dp0_1032_s1024,8,0.3497,-8.6377,-0.8913,-0.1032,0.1032,1.0,True,0.3473,0.007,0.0823
R_E_bounded_kp0_7599_dp0_1032_s1024,9,0.3473,-9.6058,-0.9912,-0.1032,0.1032,1.0,True,0.3526,0.0065,0.0586
R_E_bounded_kp0_7599_dp0_1032_s1024,10,0.3526,-7.485,-0.7723,-0.1032,0.1032,1.0,True,0.3496,0.0066,0.0678
R_E_bounded_kp0_7599_dp0_1032_s1024,11,0.3496,-8.6696,-0.8946,-0.1032,0.1032,1.0,True,0.3502,0.0081,0.0816
R_E_bounded_kp0_7599_dp0_1032_s1024,12,0.3502,-8.4339,-0.8703,-0.1032,0.1032,1.0,True,0.3518,0.0039,0.0437
R_E_bounded_kp0_7599_dp0_1032_s1024,13,0.3518,-7.8098,-0.8059,-0.1032,0.1032,1.0,True,0.3539,0.0049,0.0447
R_E_bounded_kp0_7599_dp0_1032_s1024,14,0.3539,-6.9756,-0.7198,-0.1032,0.1032,1.0,True,0.3554,0.0071,0.0749
R_E_bounded_kp0_7599_dp0_1032_s1024,15,0.3554,-6.3769,-0.658,-0.1032,0.1032,1.0,True,0.352,0.0065,0.0612
R_E_bounded_kp0_7599_dp0_1032_s31415,0,0.3714,0.0,0.0,0.0,0.1032,0.0,False,0.3612,0.0028,0.0683
R_E_bounded_kp0_7599_dp0_1032_s31415,1,0.3612,-4.0651,-0.4195,-0.1031,0.1032,0.9994,True,0.3516,0.0078,0.0659
R_E_bounded_kp0_7599_dp0_1032_s31415,2,0.3516,-7.8863,-0.8137,-0.1032,0.1032,1.0,True,0.3521,0.0054,0.0548
R_E_bounded_kp0_7599_dp0_1032_s31415,3,0.3521,-7.6761,-0.7921,-0.1032,0.1032,1.0,True,0.35,0.0074,0.0704
R_E_bounded_kp0_7599_dp0_1032_s31415,4,0.35,-8.5358,-0.8808,-0.1032,0.1032,1.0,True,0.3502,0.0051,0.046
R_E_bounded_kp0_7599_dp0_1032_s31415,5,0.3502,-8.4403,-0.8709,-0.1032,0.1032,1.0,True,0.3527,0.0095,0.0784
R_E_bounded_kp0_7599_dp0_1032_s31415,6,0.3527,-7.4532,-0.7691,-0.1032,0.1032,1.0,True,0.3499,0.0064,0.0509
R_E_bounded_kp0_7599_dp0_1032_s31415,7,0.3499,-8.5741,-0.8847,-0.1032,0.1032,1.0,True,0.3515,0.0037,0.0538
R_E_bounded_kp0_7599_dp0_1032_s31415,8,0.3515,-7.9499,-0.8203,-0.1032,0.1032,1.0,True,0.3499,0.0089,0.0647
R_E_bounded_kp0_7599_dp0_1032_s31415,9,0.3499,-8.555,-0.8827,-0.1032,0.1032,1.0,True,0.3489,0.0064,0.0517
R_E_bounded_kp0_7599_dp0_1032_s31415,10,0.3489,-8.9498,-0.9235,-0.1032,0.1032,1.0,True,0.3517,0.0081,0.0765
R_E_bounded_kp0_7599_dp0_1032_s31415,11,0.3517,-7.848,-0.8098,-0.1032,0.1032,1.0,True,0.3499,0.0102,0.0458
R_E_bounded_kp0_7599_dp0_1032_s31415,12,0.3499,-8.5804,-0.8854,-0.1032,0.1032,1.0,True,0.3524,0.0049,0.077
R_E_bounded_kp0_7599_dp0_1032_s31415,13,0.3524,-7.5615,-0.7802,-0.1032,0.1032,1.0,True,0.3518,0.0041,0.0648
R_E_bounded_kp0_7599_dp0_1032_s31415,14,0.3518,-7.8098,-0.8059,-0.1032,0.1032,1.0,True,0.35,0.0079,0.0671
R_E_bounded_kp0_7599_dp0_1032_s31415,15,0.35,-8.5358,-0.8808,-0.1032,0.1032,1.0,True,0.3585,0.0086,0.0743
R_E_bounded_kp0_7599_dp0_2048_s42,0,0.3714,0.0,0.0,0.0,0.2048,0.0,False,0.3653,0.0072,0.0649
R_E_bounded_kp0_7599_dp0_2048_s42,1,0.3653,-2.4539,-0.5025,-0.2018,0.2048,0.9853,True,0.3342,0.0049,0.0491
R_E_bounded_kp0_7599_dp0_2048_s42,2,0.3342,-14.8152,-3.0341,-0.2048,0.2048,1.0,True,0.3272,0.0086,0.0737
R_E_bounded_kp0_7599_dp0_2048_s42,3,0.3272,-17.6047,-3.6053,-0.2048,0.2048,1.0,True,0.3312,0.0086,0.0539
R_E_bounded_kp0_7599_dp0_2048_s42,4,0.3312,-15.9998,-3.2767,-0.2048,0.2048,1.0,True,0.3314,0.0083,0.0656
R_E_bounded_kp0_7599_dp0_2048_s42,5,0.3314,-15.9488,-3.2662,-0.2048,0.2048,1.0,True,0.3338,0.0082,0.0598
R_E_bounded_kp0_7599_dp0_2048_s42,6,0.3338,-14.9745,-3.0667,-0.2048,0.2048,1.0,True,0.3319,0.0064,0.0652
R_E_bounded_kp0_7599_dp0_2048_s42,7,0.3319,-15.7196,-3.2193,-0.2048,0.2048,1.0,True,0.3287,0.0091,0.073
R_E_bounded_kp0_7599_dp0_2048_s42,8,0.3287,-16.9996,-3.4814,-0.2048,0.2048,1.0,True,0.3293,0.0048,0.0663
R_E_bounded_kp0_7599_dp0_2048_s42,9,0.3293,-16.7513,-3.4306,-0.2048,0.2048,1.0,True,0.3324,0.0095,0.0857
R_E_bounded_kp0_7599_dp0_2048_s42,10,0.3324,-15.5476,-3.1841,-0.2048,0.2048,1.0,True,0.3327,0.0086,0.0703
R_E_bounded_kp0_7599_dp0_2048_s42,11,0.3327,-15.4202,-3.158,-0.2048,0.2048,1.0,True,0.3293,0.0081,0.0433
R_E_bounded_kp0_7599_dp0_2048_s42,12,0.3293,-16.764,-3.4332,-0.2048,0.2048,1.0,True,0.3346,0.007,0.0807
R_E_bounded_kp0_7599_dp0_2048_s42,13,0.3346,-14.6624,-3.0028,-0.2048,0.2048,1.0,True,0.3307,0.0045,0.0484
R_E_bounded_kp0_7599_dp0_2048_s42,14,0.3307,-16.1972,-3.3171,-0.2048,0.2048,1.0,True,0.3297,0.0058,0.0586
R_E_bounded_kp0_7599_dp0_2048_s42,15,0.3297,-16.5921,-3.398,-0.2048,0.2048,1.0,True,0.3314,0.0064,0.0711
R_E_bounded_kp0_7599_dp0_2048_s137,0,0.3714,0.0,0.0,0.0,0.2048,0.0,False,0.3689,0.0074,0.0627
R_E_bounded_kp0_7599_dp0_2048_s137,1,0.3689,-1.0146,-0.2078,-0.1572,0.2048,0.7677,False,0.341,0.0032,0.0504
R_E_bounded_kp0_7599_dp0_2048_s137,2,0.341,-12.115,-2.4811,-0.2048,0.2048,1.0,True,0.3317,0.0097,0.0567
R_E_bounded_kp0_7599_dp0_2048_s137,3,0.3317,-15.796,-3.2349,-0.2048,0.2048,1.0,True,0.332,0.0101,0.0797
R_E_bounded_kp0_7599_dp0_2048_s137,4,0.332,-15.7132,-3.218,-0.2048,0.2048,1.0,True,0.329,0.0083,0.0584
R_E_bounded_kp0_7599_dp0_2048_s137,5,0.329,-16.8978,-3.4606,-0.2048,0.2048,1.0,True,0.3294,0.0107,0.0633
R_E_bounded_kp0_7599_dp0_2048_s137,6,0.3294,-16.7258,-3.4254,-0.2048,0.2048,1.0,True,0.3315,0.0111,0.0509
R_E_bounded_kp0_7599_dp0_2048_s137,7,0.3315,-15.8979,-3.2558,-0.2048,0.2048,1.0,True,0.3324,0.0076,0.0726
R_E_bounded_kp0_7599_dp0_2048_s137,8,0.3324,-15.554,-3.1854,-0.2048,0.2048,1.0,True,0.3287,0.0078,0.0702
R_E_bounded_kp0_7599_dp0_2048_s137,9,0.3287,-16.9996,-3.4814,-0.2048,0.2048,1.0,True,0.3286,0.0091,0.0895
R_E_bounded_kp0_7599_dp0_2048_s137,10,0.3286,-17.0315,-3.488,-0.2048,0.2048,1.0,True,0.3321,0.0074,0.0913
R_E_bounded_kp0_7599_dp0_2048_s137,11,0.3321,-15.6559,-3.2062,-0.2048,0.2048,1.0,True,0.3291,0.0094,0.0805
R_E_bounded_kp0_7599_dp0_2048_s137,12,0.3291,-16.8404,-3.4488,-0.2048,0.2048,1.0,True,0.3325,0.0085,0.0664
R_E_bounded_kp0_7599_dp0_2048_s137,13,0.3325,-15.4839,-3.171,-0.2048,0.2048,1.0,True,0.3297,0.0097,0.0885
R_E_bounded_kp0_7599_dp0_2048_s137,14,0.3297,-16.6112,-3.4019,-0.2048,0.2048,1.0,True,0.3335,0.0096,0.0603
R_E_bounded_kp0_7599_dp0_2048_s137,15,0.3335,-15.1018,-3.0928,-0.2048,0.2048,1.0,True,0.3319,0.0111,0.1043
R_E_bounded_kp0_7599_dp0_2048_s256,0,0.3714,0.0,0.0,0.0,0.2048,0.0,False,0.3675,0.0083,0.0739
R_E_bounded_kp0_7599_dp0_2048_s256,1,0.3675,-1.575,-0.3226,-0.188,0.2048,0.9178,True,0.3362,0.0051,0.0679
R_E_bounded_kp0_7599_dp0_2048_s256,2,0.3362,-14.0128,-2.8697,-0.2048,0.2048,1.0,True,0.3329,0.0075,0.0667
R_E_bounded_kp0_7599_dp0_2048_s256,3,0.3329,-15.3438,-3.1423,-0.2048,0.2048,1.0,True,0.3335,0.0114,0.0922
R_E_bounded_kp0_7599_dp0_2048_s256,4,0.3335,-15.0891,-3.0902,-0.2048,0.2048,1.0,True,0.3317,0.0114,0.081
R_E_bounded_kp0_7599_dp0_2048_s256,5,0.3317,-15.8087,-3.2375,-0.2048,0.2048,1.0,True,0.3255,0.0068,0.0554
R_E_bounded_kp0_7599_dp0_2048_s256,6,0.3255,-18.2861,-3.7449,-0.2048,0.2048,1.0,True,0.3311,0.0036,0.0606
R_E_bounded_kp0_7599_dp0_2048_s256,7,0.3311,-16.038,-3.2845,-0.2048,0.2048,1.0,True,0.3349,0.0088,0.0656
R_E_bounded_kp0_7599_dp0_2048_s256,8,0.3349,-14.535,-2.9767,-0.2048,0.2048,1.0,True,0.3339,0.0086,0.0515
R_E_bounded_kp0_7599_dp0_2048_s256,9,0.3339,-14.9299,-3.0576,-0.2048,0.2048,1.0,True,0.3333,0.0052,0.0955
R_E_bounded_kp0_7599_dp0_2048_s256,10,0.3333,-15.1719,-3.1071,-0.2048,0.2048,1.0,True,0.3291,0.0099,0.0591
R_E_bounded_kp0_7599_dp0_2048_s256,11,0.3291,-16.8659,-3.454,-0.2048,0.2048,1.0,True,0.3293,0.0093,0.0528
R_E_bounded_kp0_7599_dp0_2048_s256,12,0.3293,-16.7767,-3.4358,-0.2048,0.2048,1.0,True,0.3329,0.0079,0.069
R_E_bounded_kp0_7599_dp0_2048_s256,13,0.3329,-15.3247,-3.1384,-0.2048,0.2048,1.0,True,0.3255,0.0124,0.0637
R_E_bounded_kp0_7599_dp0_2048_s256,14,0.3255,-18.2925,-3.7462,-0.2048,0.2048,1.0,True,0.3302,0.0057,0.0715
R_E_bounded_kp0_7599_dp0_2048_s256,15,0.3302,-16.4201,-3.3627,-0.2048,0.2048,1.0,True,0.331,0.0081,0.0621
R_E_bounded_kp0_7599_dp0_2048_s1024,0,0.3714,0.0,0.0,0.0,0.2048,0.0,False,0.3676,0.004,0.0646
R_E_bounded_kp0_7599_dp0_2048_s1024,1,0.3676,-1.5368,-0.3147,-0.1867,0.2048,0.9116,True,0.337,0.0064,0.0648
R_E_bounded_kp0_7599_dp0_2048_s1024,2,0.337,-13.6944,-2.8045,-0.2048,0.2048,1.0,True,0.3272,0.009,0.0762
R_E_bounded_kp0_7599_dp0_2048_s1024,3,0.3272,-17.6047,-3.6053,-0.2048,0.2048,1.0,True,0.3303,0.0107,0.0736
R_E_bounded_kp0_7599_dp0_2048_s1024,4,0.3303,-16.3883,-3.3562,-0.2048,0.2048,1.0,True,0.3305,0.0084,0.0485
R_E_bounded_kp0_7599_dp0_2048_s1024,5,0.3305,-16.2736,-3.3327,-0.2048,0.2048,1.0,True,0.3331,0.0052,0.0518
R_E_bounded_kp0_7599_dp0_2048_s1024,6,0.3331,-15.2483,-3.1228,-0.2048,0.2048,1.0,True,0.337,0.0072,0.0767
R_E_bounded_kp0_7599_dp0_2048_s1024,7,0.337,-13.7135,-2.8084,-0.2048,0.2048,1.0,True,0.3297,0.0082,0.0638
R_E_bounded_kp0_7599_dp0_2048_s1024,8,0.3297,-16.6112,-3.4019,-0.2048,0.2048,1.0,True,0.3263,0.0079,0.0765
R_E_bounded_kp0_7599_dp0_2048_s1024,9,0.3263,-17.9486,-3.6758,-0.2048,0.2048,1.0,True,0.332,0.0083,0.0558
R_E_bounded_kp0_7599_dp0_2048_s1024,10,0.332,-15.6941,-3.2141,-0.2048,0.2048,1.0,True,0.3295,0.0066,0.0619
R_E_bounded_kp0_7599_dp0_2048_s1024,11,0.3295,-16.694,-3.4188,-0.2048,0.2048,1.0,True,0.3282,0.0088,0.0725
R_E_bounded_kp0_7599_dp0_2048_s1024,12,0.3282,-17.2098,-3.5245,-0.2048,0.2048,1.0,True,0.3331,0.0052,0.0419
R_E_bounded_kp0_7599_dp0_2048_s1024,13,0.3331,-15.2738,-3.128,-0.2048,0.2048,1.0,True,0.3327,0.006,0.0464
R_E_bounded_kp0_7599_dp0_2048_s1024,14,0.3327,-15.4202,-3.158,-0.2048,0.2048,1.0,True,0.3336,0.0071,0.0774
R_E_bounded_kp0_7599_dp0_2048_s1024,15,0.3336,-15.0445,-3.081,-0.2048,0.2048,1.0,True,0.3321,0.0079,0.069
R_E_bounded_kp0_7599_dp0_2048_s31415,0,0.3714,0.0,0.0,0.0,0.2048,0.0,False,0.3612,0.0028,0.0683
R_E_bounded_kp0_7599_dp0_2048_s31415,1,0.3612,-4.0651,-0.8325,-0.2047,0.2048,0.9994,True,0.3325,0.0097,0.071
R_E_bounded_kp0_7599_dp0_2048_s31415,2,0.3325,-15.4839,-3.171,-0.2048,0.2048,1.0,True,0.3321,0.0068,0.0638
R_E_bounded_kp0_7599_dp0_2048_s31415,3,0.3321,-15.6495,-3.2049,-0.2048,0.2048,1.0,True,0.3305,0.0081,0.078
R_E_bounded_kp0_7599_dp0_2048_s31415,4,0.3305,-16.2864,-3.3354,-0.2048,0.2048,1.0,True,0.33,0.0071,0.0467
R_E_bounded_kp0_7599_dp0_2048_s31415,5,0.33,-16.4711,-3.3732,-0.2048,0.2048,1.0,True,0.3326,0.0092,0.0826
R_E_bounded_kp0_7599_dp0_2048_s31415,6,0.3326,-15.4712,-3.1684,-0.2048,0.2048,1.0,True,0.3289,0.0072,0.0574
R_E_bounded_kp0_7599_dp0_2048_s31415,7,0.3289,-16.936,-3.4684,-0.2048,0.2048,1.0,True,0.3307,0.0053,0.0542
R_E_bounded_kp0_7599_dp0_2048_s31415,8,0.3307,-16.2036,-3.3184,-0.2048,0.2048,1.0,True,0.3308,0.0099,0.0702
R_E_bounded_kp0_7599_dp0_2048_s31415,9,0.3308,-16.159,-3.3093,-0.2048,0.2048,1.0,True,0.3303,0.0061,0.0569
R_E_bounded_kp0_7599_dp0_2048_s31415,10,0.3303,-16.3692,-3.3523,-0.2048,0.2048,1.0,True,0.33,0.0097,0.0795
R_E_bounded_kp0_7599_dp0_2048_s31415,11,0.33,-16.4965,-3.3784,-0.2048,0.2048,1.0,True,0.3295,0.0115,0.0518
R_E_bounded_kp0_7599_dp0_2048_s31415,12,0.3295,-16.7067,-3.4214,-0.2048,0.2048,1.0,True,0.3333,0.0056,0.0793
R_E_bounded_kp0_7599_dp0_2048_s31415,13,0.3333,-15.1719,-3.1071,-0.2048,0.2048,1.0,True,0.3328,0.0055,0.069
R_E_bounded_kp0_7599_dp0_2048_s31415,14,0.3328,-15.3948,-3.1528,-0.2048,0.2048,1.0,True,0.3313,0.0094,0.0652
R_E_bounded_kp0_7599_dp0_2048_s31415,15,0.3313,-15.9679,-3.2701,-0.2048,0.2048,1.0,True,0.3371,0.0093,0.0699
R_E_bounded_kp0_7599_dp0_4055_s42,0,0.3714,0.0,0.0,0.0,0.4055,0.0,False,0.3653,0.0072,0.0649
R_E_bounded_kp0_7599_dp0_4055_s42,1,0.3653,-2.4539,-0.995,-0.3995,0.4055,0.9853,True,0.2953,0.008,0.0576
R_E_bounded_kp0_7599_dp0_4055_s42,2,0.2953,-30.2844,-12.2793,-0.4055,0.4055,1.0,True,0.2876,0.0103,0.0742
R_E_bounded_kp0_7599_dp0_4055_s42,3,0.2876,-33.3732,-13.5317,-0.4055,0.4055,1.0,True,0.2921,0.0111,0.0586
R_E_bounded_kp0_7599_dp0_4055_s42,4,0.2921,-31.5582,-12.7957,-0.4055,0.4055,1.0,True,0.2915,0.0101,0.0677
R_E_bounded_kp0_7599_dp0_4055_s42,5,0.2915,-31.8129,-12.899,-0.4055,0.4055,1.0,True,0.293,0.0105,0.0631
R_E_bounded_kp0_7599_dp0_4055_s42,6,0.293,-31.2079,-12.6537,-0.4055,0.4055,1.0,True,0.2929,0.0091,0.063
R_E_bounded_kp0_7599_dp0_4055_s42,7,0.2929,-31.2461,-12.6692,-0.4055,0.4055,1.0,True,0.2892,0.0118,0.0683
R_E_bounded_kp0_7599_dp0_4055_s42,8,0.2892,-32.7363,-13.2734,-0.4055,0.4055,1.0,True,0.2894,0.0084,0.0536
R_E_bounded_kp0_7599_dp0_4055_s42,9,0.2894,-32.6408,-13.2347,-0.4055,0.4055,1.0,True,0.2926,0.01,0.0769
R_E_bounded_kp0_7599_dp0_4055_s42,10,0.2926,-31.3735,-12.7208,-0.4055,0.4055,1.0,True,0.2915,0.0118,0.0755
R_E_bounded_kp0_7599_dp0_4055_s42,11,0.2915,-31.8002,-12.8939,-0.4055,0.4055,1.0,True,0.2895,0.0105,0.0441
R_E_bounded_kp0_7599_dp0_4055_s42,12,0.2895,-32.609,-13.2218,-0.4055,0.4055,1.0,True,0.2927,0.0071,0.0895
R_E_bounded_kp0_7599_dp0_4055_s42,13,0.2927,-31.3416,-12.7079,-0.4055,0.4055,1.0,True,0.29,0.0076,0.0579
R_E_bounded_kp0_7599_dp0_4055_s42,14,0.29,-32.4243,-13.1469,-0.4055,0.4055,1.0,True,0.2905,0.0079,0.0591
R_E_bounded_kp0_7599_dp0_4055_s42,15,0.2905,-32.2205,-13.0643,-0.4055,0.4055,1.0,True,0.2909,0.0079,0.0648
R_E_bounded_kp0_7599_dp0_4055_s137,0,0.3714,0.0,0.0,0.0,0.4055,0.0,False,0.3689,0.0074,0.0627
R_E_bounded_kp0_7599_dp0_4055_s137,1,0.3689,-1.0146,-0.4114,-0.3113,0.4055,0.7677,False,0.3112,0.0065,0.0544
R_E_bounded_kp0_7599_dp0_4055_s137,2,0.3112,-23.9605,-9.7151,-0.4055,0.4055,1.0,True,0.2908,0.0123,0.0538
R_E_bounded_kp0_7599_dp0_4055_s137,3,0.2908,-32.0867,-13.0101,-0.4055,0.4055,1.0,True,0.2915,0.0132,0.0766
R_E_bounded_kp0_7599_dp0_4055_s137,4,0.2915,-31.832,-12.9068,-0.4055,0.4055,1.0,True,0.2888,0.0123,0.0691
R_E_bounded_kp0_7599_dp0_4055_s137,5,0.2888,-32.9019,-13.3406,-0.4055,0.4055,1.0,True,0.2895,0.0125,0.0592
R_E_bounded_kp0_7599_dp0_4055_s137,6,0.2895,-32.6153,-13.2244,-0.4055,0.4055,1.0,True,0.2881,0.0133,0.051
R_E_bounded_kp0_7599_dp0_4055_s137,7,0.2881,-33.1694,-13.449,-0.4055,0.4055,1.0,True,0.2923,0.0106,0.0833
R_E_bounded_kp0_7599_dp0_4055_s137,8,0.2923,-31.4945,-12.7699,-0.4055,0.4055,1.0,True,0.288,0.0089,0.0714
R_E_bounded_kp0_7599_dp0_4055_s137,9,0.288,-33.214,-13.4671,-0.4055,0.4055,1.0,True,0.2857,0.013,0.0937
R_E_bounded_kp0_7599_dp0_4055_s137,10,0.2857,-34.1056,-13.8286,-0.4055,0.4055,1.0,True,0.2925,0.0081,0.0862
R_E_bounded_kp0_7599_dp0_4055_s137,11,0.2925,-31.418,-12.7389,-0.4055,0.4055,1.0,True,0.2909,0.01,0.0765
R_E_bounded_kp0_7599_dp0_4055_s137,12,0.2909,-32.0422,-12.992,-0.4055,0.4055,1.0,True,0.2928,0.0087,0.0521
R_E_bounded_kp0_7599_dp0_4055_s137,13,0.2928,-31.2907,-12.6873,-0.4055,0.4055,1.0,True,0.289,0.0098,0.0773
R_E_bounded_kp0_7599_dp0_4055_s137,14,0.289,-32.8128,-13.3044,-0.4055,0.4055,1.0,True,0.2932,0.0093,0.0649
R_E_bounded_kp0_7599_dp0_4055_s137,15,0.2932,-31.1506,-12.6305,-0.4055,0.4055,1.0,True,0.2914,0.0126,0.0912
R_E_bounded_kp0_7599_dp0_4055_s256,0,0.3714,0.0,0.0,0.0,0.4055,0.0,False,0.3675,0.0083,0.0739
R_E_bounded_kp0_7599_dp0_4055_s256,1,0.3675,-1.575,-0.6386,-0.3721,0.4055,0.9178,True,0.2984,0.0081,0.0649
R_E_bounded_kp0_7599_dp0_4055_s256,2,0.2984,-29.0681,-11.7861,-0.4055,0.4055,1.0,True,0.2928,0.0099,0.0796
R_E_bounded_kp0_7599_dp0_4055_s256,3,0.2928,-31.2907,-12.6873,-0.4055,0.4055,1.0,True,0.2933,0.015,0.089
R_E_bounded_kp0_7599_dp0_4055_s256,4,0.2933,-31.1124,-12.615,-0.4055,0.4055,1.0,True,0.2918,0.0134,0.0831
R_E_bounded_kp0_7599_dp0_4055_s256,5,0.2918,-31.6983,-12.8525,-0.4055,0.4055,1.0,True,0.2857,0.0094,0.0604
R_E_bounded_kp0_7599_dp0_4055_s256,6,0.2857,-34.1374,-13.8415,-0.4055,0.4055,1.0,True,0.2915,0.0059,0.066
R_E_bounded_kp0_7599_dp0_4055_s256,7,0.2915,-31.832,-12.9068,-0.4055,0.4055,1.0,True,0.2927,0.0117,0.0632
R_E_bounded_kp0_7599_dp0_4055_s256,8,0.2927,-31.348,-12.7105,-0.4055,0.4055,1.0,True,0.2948,0.0103,0.0508
R_E_bounded_kp0_7599_dp0_4055_s256,9,0.2948,-30.4882,-12.3619,-0.4055,0.4055,1.0,True,0.2932,0.0072,0.0858
R_E_bounded_kp0_7599_dp0_4055_s256,10,0.2932,-31.1187,-12.6176,-0.4055,0.4055,1.0,True,0.2878,0.0113,0.0701
R_E_bounded_kp0_7599_dp0_4055_s256,11,0.2878,-33.2777,-13.4929,-0.4055,0.4055,1.0,True,0.2892,0.0117,0.0599
R_E_bounded_kp0_7599_dp0_4055_s256,12,0.2892,-32.7491,-13.2786,-0.4055,0.4055,1.0,True,0.2901,0.0082,0.0681
R_E_bounded_kp0_7599_dp0_4055_s256,13,0.2901,-32.3861,-13.1314,-0.4055,0.4055,1.0,True,0.2851,0.0126,0.0621
R_E_bounded_kp0_7599_dp0_4055_s256,14,0.2851,-34.3539,-13.9293,-0.4055,0.4055,1.0,True,0.2891,0.0056,0.0711
R_E_bounded_kp0_7599_dp0_4055_s256,15,0.2891,-32.7809,-13.2915,-0.4055,0.4055,1.0,True,0.2891,0.0097,0.0634
R_E_bounded_kp0_7599_dp0_4055_s1024,0,0.3714,0.0,0.0,0.0,0.4055,0.0,False,0.3676,0.004,0.0646
R_E_bounded_kp0_7599_dp0_4055_s1024,1,0.3676,-1.5368,-0.6231,-0.3696,0.4055,0.9116,True,0.3006,0.0088,0.0776
R_E_bounded_kp0_7599_dp0_4055_s1024,2,0.3006,-28.1892,-11.4297,-0.4055,0.4055,1.0,True,0.288,0.0108,0.0688
R_E_bounded_kp0_7599_dp0_4055_s1024,3,0.288,-33.2203,-13.4697,-0.4055,0.4055,1.0,True,0.2875,0.0125,0.0761
R_E_bounded_kp0_7599_dp0_4055_s1024,4,0.2875,-33.3987,-13.542,-0.4055,0.4055,1.0,True,0.2895,0.0106,0.0566
R_E_bounded_kp0_7599_dp0_4055_s1024,5,0.2895,-32.6217,-13.227,-0.4055,0.4055,1.0,True,0.2947,0.0097,0.055
R_E_bounded_kp0_7599_dp0_4055_s1024,6,0.2947,-30.5519,-12.3877,-0.4055,0.4055,1.0,True,0.2948,0.0094,0.0762
R_E_bounded_kp0_7599_dp0_4055_s1024,7,0.2948,-30.4882,-12.3619,-0.4055,0.4055,1.0,True,0.2897,0.0099,0.066
R_E_bounded_kp0_7599_dp0_4055_s1024,8,0.2897,-32.5262,-13.1882,-0.4055,0.4055,1.0,True,0.2852,0.0097,0.0592
R_E_bounded_kp0_7599_dp0_4055_s1024,9,0.2852,-34.3094,-13.9113,-0.4055,0.4055,1.0,True,0.2887,0.0101,0.0556
R_E_bounded_kp0_7599_dp0_4055_s1024,10,0.2887,-32.9338,-13.3535,-0.4055,0.4055,1.0,True,0.2905,0.0077,0.0692
R_E_bounded_kp0_7599_dp0_4055_s1024,11,0.2905,-32.2269,-13.0669,-0.4055,0.4055,1.0,True,0.2869,0.0123,0.0733
R_E_bounded_kp0_7599_dp0_4055_s1024,12,0.2869,-33.6343,-13.6375,-0.4055,0.4055,1.0,True,0.2929,0.0096,0.0483
R_E_bounded_kp0_7599_dp0_4055_s1024,13,0.2929,-31.2525,-12.6718,-0.4055,0.4055,1.0,True,0.293,0.008,0.0417
R_E_bounded_kp0_7599_dp0_4055_s1024,14,0.293,-31.2079,-12.6537,-0.4055,0.4055,1.0,True,0.2922,0.0085,0.0726
R_E_bounded_kp0_7599_dp0_4055_s1024,15,0.2922,-31.5454,-12.7906,-0.4055,0.4055,1.0,True,0.2913,0.01,0.0634
R_E_bounded_kp0_7599_dp0_4055_s31415,0,0.3714,0.0,0.0,0.0,0.4055,0.0,False,0.3612,0.0028,0.0683
R_E_bounded_kp0_7599_dp0_4055_s31415,1,0.3612,-4.0651,-1.6483,-0.4052,0.4055,0.9994,True,0.293,0.0127,0.0698
R_E_bounded_kp0_7599_dp0_4055_s31415,2,0.293,-31.2015,-12.6511,-0.4055,0.4055,1.0,True,0.2915,0.0104,0.0637
R_E_bounded_kp0_7599_dp0_4055_s31415,3,0.2915,-31.8256,-12.9042,-0.4055,0.4055,1.0,True,0.2896,0.0106,0.085
R_E_bounded_kp0_7599_dp0_4055_s31415,4,0.2896,-32.5644,-13.2037,-0.4055,0.4055,1.0,True,0.2887,0.0093,0.0576
R_E_bounded_kp0_7599_dp0_4055_s31415,5,0.2887,-32.9338,-13.3535,-0.4055,0.4055,1.0,True,0.2928,0.0097,0.0757
R_E_bounded_kp0_7599_dp0_4055_s31415,6,0.2928,-31.3098,-12.695,-0.4055,0.4055,1.0,True,0.289,0.0105,0.0518
R_E_bounded_kp0_7599_dp0_4055_s31415,7,0.289,-32.7937,-13.2967,-0.4055,0.4055,1.0,True,0.2876,0.0085,0.0649
R_E_bounded_kp0_7599_dp0_4055_s31415,8,0.2876,-33.3859,-13.5368,-0.4055,0.4055,1.0,True,0.2876,0.0101,0.0654
R_E_bounded_kp0_7599_dp0_4055_s31415,9,0.2876,-33.3668,-13.5291,-0.4055,0.4055,1.0,True,0.2899,0.007,0.0492
R_E_bounded_kp0_7599_dp0_4055_s31415,10,0.2899,-32.4561,-13.1598,-0.4055,0.4055,1.0,True,0.2881,0.0122,0.0701
R_E_bounded_kp0_7599_dp0_4055_s31415,11,0.2881,-33.1821,-13.4542,-0.4055,0.4055,1.0,True,0.2895,0.0118,0.0474
R_E_bounded_kp0_7599_dp0_4055_s31415,12,0.2895,-32.609,-13.2218,-0.4055,0.4055,1.0,True,0.2916,0.0078,0.0814
R_E_bounded_kp0_7599_dp0_4055_s31415,13,0.2916,-31.7556,-12.8758,-0.4055,0.4055,1.0,True,0.2917,0.0107,0.0755
R_E_bounded_kp0_7599_dp0_4055_s31415,14,0.2917,-31.7365,-12.868,-0.4055,0.4055,1.0,True,0.2918,0.0088,0.0581
R_E_bounded_kp0_7599_dp0_4055_s31415,15,0.2918,-31.7046,-12.8551,-0.4055,0.4055,1.0,True,0.2962,0.0124,0.0757
R_E_bounded_km0_7599_d0_0000_s42,0,0.4187,0.0,0.0,0.0,0.0,0.0,False,0.4221,0.0045,-0.034
R_E_bounded_km0_7599_d0_0000_s42,1,0.4221,1.9429,0.0,0.0,0.0,0.0,False,0.4184,0.001,-0.056
R_E_bounded_km0_7599_d0_0000_s42,2,0.4184,-0.1719,0.0,0.0,0.0,0.0,False,0.4173,0.0048,-0.0344
R_E_bounded_km0_7599_d0_0000_s42,3,0.4173,-0.8127,0.0,0.0,0.0,0.0,False,0.4192,0.0038,-0.058
R_E_bounded_km0_7599_d0_0000_s42,4,0.4192,0.2859,0.0,0.0,0.0,0.0,False,0.4188,0.0067,-0.05
R_E_bounded_km0_7599_d0_0000_s42,5,0.4188,0.0661,0.0,0.0,0.0,0.0,False,0.4203,0.0054,-0.0508
R_E_bounded_km0_7599_d0_0000_s42,6,0.4203,0.9084,0.0,0.0,0.0,0.0,False,0.4182,0.0032,-0.0525
R_E_bounded_km0_7599_d0_0000_s42,7,0.4182,-0.2817,0.0,0.0,0.0,0.0,False,0.4191,0.0054,-0.0531
R_E_bounded_km0_7599_d0_0000_s42,8,0.4191,0.1943,0.0,0.0,0.0,0.0,False,0.4171,0.0029,-0.0372
R_E_bounded_km0_7599_d0_0000_s42,9,0.4171,-0.9317,0.0,0.0,0.0,0.0,False,0.419,0.0061,-0.0303
R_E_bounded_km0_7599_d0_0000_s42,10,0.419,0.1577,0.0,0.0,0.0,0.0,False,0.4201,0.0071,-0.0444
R_E_bounded_km0_7599_d0_0000_s42,11,0.4201,0.8077,0.0,0.0,0.0,0.0,False,0.4165,0.0034,-0.0506
R_E_bounded_km0_7599_d0_0000_s42,12,0.4165,-1.2613,0.0,0.0,0.0,0.0,False,0.4193,0.0024,-0.0451
R_E_bounded_km0_7599_d0_0000_s42,13,0.4193,0.3408,0.0,0.0,0.0,0.0,False,0.4181,-0.0002,-0.0565
R_E_bounded_km0_7599_d0_0000_s42,14,0.4181,-0.3641,0.0,0.0,0.0,0.0,False,0.4177,0.0036,-0.0399
R_E_bounded_km0_7599_d0_0000_s42,15,0.4177,-0.6022,0.0,0.0,0.0,0.0,False,0.4202,0.001,-0.0351
R_E_bounded_km0_7599_d0_0000_s137,0,0.4187,0.0,0.0,0.0,0.0,0.0,False,0.4245,0.0057,-0.04
R_E_bounded_km0_7599_d0_0000_s137,1,0.4245,3.3253,0.0,0.0,0.0,0.0,False,0.4174,0.0019,-0.0501
R_E_bounded_km0_7599_d0_0000_s137,2,0.4174,-0.7761,0.0,0.0,0.0,0.0,False,0.4169,0.0052,-0.0576
R_E_bounded_km0_7599_d0_0000_s137,3,0.4169,-1.0507,0.0,0.0,0.0,0.0,False,0.419,0.0049,-0.0421
R_E_bounded_km0_7599_d0_0000_s137,4,0.419,0.1668,0.0,0.0,0.0,0.0,False,0.4197,0.0065,-0.0484
R_E_bounded_km0_7599_d0_0000_s137,5,0.4197,0.5422,0.0,0.0,0.0,0.0,False,0.4171,0.0069,-0.0384
R_E_bounded_km0_7599_d0_0000_s137,6,0.4171,-0.9134,0.0,0.0,0.0,0.0,False,0.4175,0.0036,-0.0509
R_E_bounded_km0_7599_d0_0000_s137,7,0.4175,-0.7029,0.0,0.0,0.0,0.0,False,0.4189,0.0031,-0.04
R_E_bounded_km0_7599_d0_0000_s137,8,0.4189,0.0936,0.0,0.0,0.0,0.0,False,0.418,0.0033,-0.049
R_E_bounded_km0_7599_d0_0000_s137,9,0.418,-0.4191,0.0,0.0,0.0,0.0,False,0.4185,0.0077,-0.0335
R_E_bounded_km0_7599_d0_0000_s137,10,0.4185,-0.1353,0.0,0.0,0.0,0.0,False,0.4189,0.0017,-0.0349
R_E_bounded_km0_7599_d0_0000_s137,11,0.4189,0.1211,0.0,0.0,0.0,0.0,False,0.4188,0.0056,-0.035
R_E_bounded_km0_7599_d0_0000_s137,12,0.4188,0.0661,0.0,0.0,0.0,0.0,False,0.4182,0.0016,-0.0446
R_E_bounded_km0_7599_d0_0000_s137,13,0.4182,-0.3275,0.0,0.0,0.0,0.0,False,0.4174,0.0044,-0.0446
R_E_bounded_km0_7599_d0_0000_s137,14,0.4174,-0.7395,0.0,0.0,0.0,0.0,False,0.4193,0.0047,-0.0408
R_E_bounded_km0_7599_d0_0000_s137,15,0.4193,0.3316,0.0,0.0,0.0,0.0,False,0.418,0.0024,-0.0214
R_E_bounded_km0_7599_d0_0000_s256,0,0.4187,0.0,0.0,0.0,0.0,0.0,False,0.4239,0.0072,-0.0438
R_E_bounded_km0_7599_d0_0000_s256,1,0.4239,2.9682,0.0,0.0,0.0,0.0,False,0.4193,0.002,-0.0523
R_E_bounded_km0_7599_d0_0000_s256,2,0.4193,0.3225,0.0,0.0,0.0,0.0,False,0.4195,0.003,-0.0464
R_E_bounded_km0_7599_d0_0000_s256,3,0.4195,0.4232,0.0,0.0,0.0,0.0,False,0.4207,0.0056,-0.037
R_E_bounded_km0_7599_d0_0000_s256,4,0.4207,1.1373,0.0,0.0,0.0,0.0,False,0.4181,0.0064,-0.0312
R_E_bounded_km0_7599_d0_0000_s256,5,0.4181,-0.3641,0.0,0.0,0.0,0.0,False,0.4149,0.0051,-0.0568
R_E_bounded_km0_7599_d0_0000_s256,6,0.4149,-2.2134,0.0,0.0,0.0,0.0,False,0.4178,-0.001,-0.0466
R_E_bounded_km0_7599_d0_0000_s256,7,0.4178,-0.5381,0.0,0.0,0.0,0.0,False,0.4208,0.0045,-0.0443
R_E_bounded_km0_7599_d0_0000_s256,8,0.4208,1.183,0.0,0.0,0.0,0.0,False,0.4199,0.0076,-0.0487
R_E_bounded_km0_7599_d0_0000_s256,9,0.4199,0.6612,0.0,0.0,0.0,0.0,False,0.4203,0.0015,-0.0307
R_E_bounded_km0_7599_d0_0000_s256,10,0.4203,0.9084,0.0,0.0,0.0,0.0,False,0.4172,0.0022,-0.0478
R_E_bounded_km0_7599_d0_0000_s256,11,0.4172,-0.8951,0.0,0.0,0.0,0.0,False,0.4184,0.0031,-0.0454
R_E_bounded_km0_7599_d0_0000_s256,12,0.4184,-0.2085,0.0,0.0,0.0,0.0,False,0.418,0.0039,-0.044
R_E_bounded_km0_7599_d0_0000_s256,13,0.418,-0.4191,0.0,0.0,0.0,0.0,False,0.4171,0.0103,-0.0396
R_E_bounded_km0_7599_d0_0000_s256,14,0.4171,-0.9317,0.0,0.0,0.0,0.0,False,0.419,0.0015,-0.0197
R_E_bounded_km0_7599_d0_0000_s256,15,0.419,0.1668,0.0,0.0,0.0,0.0,False,0.418,0.0045,-0.0449
R_E_bounded_km0_7599_d0_0000_s1024,0,0.4187,0.0,0.0,0.0,0.0,0.0,False,0.424,0.0024,-0.0487
R_E_bounded_km0_7599_d0_0000_s1024,1,0.424,2.9957,0.0,0.0,0.0,0.0,False,0.4197,0.0042,-0.0521
R_E_bounded_km0_7599_d0_0000_s1024,2,0.4197,0.5697,0.0,0.0,0.0,0.0,False,0.4164,0.0059,-0.038
R_E_bounded_km0_7599_d0_0000_s1024,3,0.4164,-1.3437,0.0,0.0,0.0,0.0,False,0.4189,0.0053,-0.0397
R_E_bounded_km0_7599_d0_0000_s1024,4,0.4189,0.0845,0.0,0.0,0.0,0.0,False,0.4196,0.0059,-0.0398
R_E_bounded_km0_7599_d0_0000_s1024,5,0.4196,0.5056,0.0,0.0,0.0,0.0,False,0.4195,0.0042,-0.0467
R_E_bounded_km0_7599_d0_0000_s1024,6,0.4195,0.4323,0.0,0.0,0.0,0.0,False,0.4221,0.0018,-0.0434
R_E_bounded_km0_7599_d0_0000_s1024,7,0.4221,1.9063,0.0,0.0,0.0,0.0,False,0.416,0.0044,-0.0363
R_E_bounded_km0_7599_d0_0000_s1024,8,0.416,-1.5451,0.0,0.0,0.0,0.0,False,0.4153,0.004,-0.035
R_E_bounded_km0_7599_d0_0000_s1024,9,0.4153,-1.9388,0.0,0.0,0.0,0.0,False,0.4184,0.0008,-0.0461
R_E_bounded_km0_7599_d0_0000_s1024,10,0.4184,-0.2085,0.0,0.0,0.0,0.0,False,0.4187,0.0056,-0.0421
R_E_bounded_km0_7599_d0_0000_s1024,11,0.4187,-0.0162,0.0,0.0,0.0,0.0,False,0.4188,0.0058,-0.0426
R_E_bounded_km0_7599_d0_0000_s1024,12,0.4188,0.057,0.0,0.0,0.0,0.0,False,0.4182,0.004,-0.0568
R_E_bounded_km0_7599_d0_0000_s1024,13,0.4182,-0.2909,0.0,0.0,0.0,0.0,False,0.4204,0.0032,-0.0717
R_E_bounded_km0_7599_d0_0000_s1024,14,0.4204,0.945,0.0,0.0,0.0,0.0,False,0.4204,0.0035,-0.0377
R_E_bounded_km0_7599_d0_0000_s1024,15,0.4204,0.9725,0.0,0.0,0.0,0.0,False,0.419,0.0058,-0.0352
R_E_bounded_km0_7599_d0_0000_s31415,0,0.4187,0.0,0.0,0.0,0.0,0.0,False,0.4184,0.0001,-0.0336
R_E_bounded_km0_7599_d0_0000_s31415,1,0.4184,-0.1719,0.0,0.0,0.0,0.0,False,0.4172,0.0049,-0.0337
R_E_bounded_km0_7599_d0_0000_s31415,2,0.4172,-0.886,0.0,0.0,0.0,0.0,False,0.4187,0.0051,-0.051
R_E_bounded_km0_7599_d0_0000_s31415,3,0.4187,-0.0071,0.0,0.0,0.0,0.0,False,0.4186,0.0002,-0.0476
R_E_bounded_km0_7599_d0_0000_s31415,4,0.4186,-0.0712,0.0,0.0,0.0,0.0,False,0.4174,0.0048,-0.0617
R_E_bounded_km0_7599_d0_0000_s31415,5,0.4174,-0.7761,0.0,0.0,0.0,0.0,False,0.4172,0.0045,-0.0434
R_E_bounded_km0_7599_d0_0000_s31415,6,0.4172,-0.886,0.0,0.0,0.0,0.0,False,0.4181,0.0062,-0.043
R_E_bounded_km0_7599_d0_0000_s31415,7,0.4181,-0.3824,0.0,0.0,0.0,0.0,False,0.4178,0.0018,-0.0602
R_E_bounded_km0_7599_d0_0000_s31415,8,0.4178,-0.5381,0.0,0.0,0.0,0.0,False,0.4178,0.0073,-0.0441
R_E_bounded_km0_7599_d0_0000_s31415,9,0.4178,-0.5564,0.0,0.0,0.0,0.0,False,0.4164,0.0039,-0.0485
R_E_bounded_km0_7599_d0_0000_s31415,10,0.4164,-1.3254,0.0,0.0,0.0,0.0,False,0.4193,0.003,-0.0419
R_E_bounded_km0_7599_d0_0000_s31415,11,0.4193,0.3499,0.0,0.0,0.0,0.0,False,0.4169,0.0063,-0.0451
R_E_bounded_km0_7599_d0_0000_s31415,12,0.4169,-1.0416,0.0,0.0,0.0,0.0,False,0.4179,0.0014,-0.0306
R_E_bounded_km0_7599_d0_0000_s31415,13,0.4179,-0.4648,0.0,0.0,0.0,0.0,False,0.4188,-0.0014,-0.0459
R_E_bounded_km0_7599_d0_0000_s31415,14,0.4188,0.0112,0.0,0.0,0.0,0.0,False,0.4177,0.0042,-0.0468
R_E_bounded_km0_7599_d0_0000_s31415,15,0.4177,-0.6113,0.0,0.0,0.0,0.0,False,0.4223,0.003,-0.0563
R_E_bounded_km0_7599_dm0_0524_s42,0,0.4187,0.0,-0.0,-0.0,-0.0524,0.0,False,0.4221,0.0045,-0.034
R_E_bounded_km0_7599_dm0_0524_s42,1,0.4221,1.9429,-0.1017,-0.0503,-0.0524,0.9598,True,0.4123,-0.0004,-0.0588
R_E_bounded_km0_7599_dm0_0524_s42,2,0.4123,-3.6782,0.1926,0.0523,-0.0524,0.9987,True,0.4229,0.0046,-0.0345
R_E_bounded_km0_7599_dm0_0524_s42,3,0.4229,2.4098,-0.1262,-0.0515,-0.0524,0.984,True,0.4134,0.0037,-0.0578
R_E_bounded_km0_7599_dm0_0524_s42,4,0.4134,-3.074,0.161,0.0521,-0.0524,0.9957,True,0.425,0.0081,-0.0475
R_E_bounded_km0_7599_dm0_0524_s42,5,0.425,3.5724,-0.1871,-0.0523,-0.0524,0.9984,True,0.4145,0.0058,-0.0519
R_E_bounded_km0_7599_dm0_0524_s42,6,0.4145,-2.4331,0.1274,0.0516,-0.0524,0.9847,True,0.424,0.0036,-0.0533
R_E_bounded_km0_7599_dm0_0524_s42,7,0.424,3.0415,-0.1593,-0.0521,-0.0524,0.9954,True,0.4134,0.0061,-0.0497
R_E_bounded_km0_7599_dm0_0524_s42,8,0.4134,-3.0282,0.1586,0.0521,-0.0524,0.9953,True,0.4234,0.004,-0.0358
R_E_bounded_km0_7599_dm0_0524_s42,9,0.4234,2.6844,-0.1406,-0.0519,-0.0524,0.9907,True,0.4128,0.005,-0.032
R_E_bounded_km0_7599_dm0_0524_s42,10,0.4128,-3.3669,0.1763,0.0522,-0.0524,0.9976,True,0.4256,0.0063,-0.0426
R_E_bounded_km0_7599_dm0_0524_s42,11,0.4256,3.9478,-0.2067,-0.0523,-0.0524,0.9993,True,0.4101,0.0033,-0.0545
R_E_bounded_km0_7599_dm0_0524_s42,12,0.4101,-4.9141,0.2573,0.0524,-0.0524,0.9999,True,0.4257,0.0033,-0.0429
R_E_bounded_km0_7599_dm0_0524_s42,13,0.4257,4.0119,-0.2101,-0.0523,-0.0524,0.9993,True,0.4122,-0.0007,-0.0538
R_E_bounded_km0_7599_dm0_0524_s42,14,0.4122,-3.7514,0.1965,0.0523,-0.0524,0.9989,True,0.4239,0.0045,-0.0398
R_E_bounded_km0_7599_dm0_0524_s42,15,0.4239,2.9316,-0.1535,-0.0521,-0.0524,0.9943,True,0.4142,0.0001,-0.0379
R_E_bounded_km0_7599_dm0_0524_s137,0,0.4187,0.0,-0.0,-0.0,-0.0524,0.0,False,0.4245,0.0057,-0.04
R_E_bounded_km0_7599_dm0_0524_s137,1,0.4245,3.3253,-0.1741,-0.0522,-0.0524,0.9974,True,0.4109,0.0001,-0.0501
R_E_bounded_km0_7599_dm0_0524_s137,2,0.4109,-4.4563,0.2334,0.0524,-0.0524,0.9997,True,0.4228,0.0057,-0.0517
R_E_bounded_km0_7599_dm0_0524_s137,3,0.4228,2.3457,-0.1228,-0.0514,-0.0524,0.9818,True,0.4131,0.005,-0.042
R_E_bounded_km0_7599_dm0_0524_s137,4,0.4131,-3.2113,0.1682,0.0522,-0.0524,0.9968,True,0.4258,0.0064,-0.0502
R_E_bounded_km0_7599_dm0_0524_s137,5,0.4258,4.0485,-0.212,-0.0523,-0.0524,0.9994,True,0.4109,0.0058,-0.039
R_E_bounded_km0_7599_dm0_0524_s137,6,0.4109,-4.5021,0.2358,0.0524,-0.0524,0.9998,True,0.4231,0.0033,-0.0532
R_E_bounded_km0_7599_dm0_0524_s137,7,0.4231,2.4922,-0.1305,-0.0517,-0.0524,0.9864,True,0.4132,0.0027,-0.038
R_E_bounded_km0_7599_dm0_0524_s137,8,0.4132,-3.1564,0.1653,0.0522,-0.0524,0.9964,True,0.4239,0.0042,-0.0466
R_E_bounded_km0_7599_dm0_0524_s137,9,0.4239,2.9408,-0.154,-0.0521,-0.0524,0.9944,True,0.4125,0.0067,-0.0377
R_E_bounded_km0_7599_dm0_0524_s137,10,0.4125,-3.5683,0.1869,0.0523,-0.0524,0.9984,True,0.4247,0.0027,-0.0298
R_E_bounded_km0_7599_dm0_0524_s137,11,0.4247,3.4351,-0.1799,-0.0523,-0.0524,0.9979,True,0.4123,0.005,-0.0414
R_E_bounded_km0_7599_dm0_0524_s137,12,0.4123,-3.669,0.1921,0.0523,-0.0524,0.9987,True,0.424,0.0028,-0.0404
R_E_bounded_km0_7599_dm0_0524_s137,13,0.424,2.9865,-0.1564,-0.0521,-0.0524,0.9949,True,0.412,0.0032,-0.0414
R_E_bounded_km0_7599_dm0_0524_s137,14,0.412,-3.8338,0.2008,0.0523,-0.0524,0.9991,True,0.4247,0.0045,-0.042
R_E_bounded_km0_7599_dm0_0524_s137,15,0.4247,3.4077,-0.1785,-0.0523,-0.0524,0.9978,True,0.4123,0.0023,-0.0269
R_E_bounded_km0_7599_dm0_0524_s256,0,0.4187,0.0,-0.0,-0.0,-0.0524,0.0,False,0.4239,0.0072,-0.0438
R_E_bounded_km0_7599_dm0_0524_s256,1,0.4239,2.9682,-0.1554,-0.0521,-0.0524,0.9947,True,0.413,0.0011,-0.0543
R_E_bounded_km0_7599_dm0_0524_s256,2,0.413,-3.2754,0.1715,0.0522,-0.0524,0.9971,True,0.4261,0.0042,-0.0497
R_E_bounded_km0_7599_dm0_0524_s256,3,0.4261,4.2133,-0.2206,-0.0523,-0.0524,0.9996,True,0.4146,0.0051,-0.0374
R_E_bounded_km0_7599_dm0_0524_s256,4,0.4146,-2.369,0.1241,0.0515,-0.0524,0.9826,True,0.4242,0.0075,-0.0322
R_E_bounded_km0_7599_dm0_0524_s256,5,0.4242,3.1055,-0.1626,-0.0522,-0.0524,0.996,True,0.4094,0.0045,-0.0577
R_E_bounded_km0_7599_dm0_0524_s256,6,0.4094,-5.3261,0.2789,0.0524,-0.0524,1.0,True,0.4236,-0.0011,-0.0427
R_E_bounded_km0_7599_dm0_0524_s256,7,0.4236,2.7577,-0.1444,-0.0519,-0.0524,0.992,True,0.4146,0.0035,-0.0499
R_E_bounded_km0_7599_dm0_0524_s256,8,0.4146,-2.369,0.1241,0.0515,-0.0524,0.9826,True,0.4257,0.0078,-0.0523
R_E_bounded_km0_7599_dm0_0524_s256,9,0.4257,4.0119,-0.2101,-0.0523,-0.0524,0.9993,True,0.4145,0.0007,-0.032
R_E_bounded_km0_7599_dm0_0524_s256,10,0.4145,-2.424,0.1269,0.0516,-0.0524,0.9844,True,0.4232,0.0016,-0.0411
R_E_bounded_km0_7599_dm0_0524_s256,11,0.4232,2.5654,-0.1343,-0.0518,-0.0524,0.9882,True,0.4123,0.0023,-0.0469
R_E_bounded_km0_7599_dm0_0524_s256,12,0.4123,-3.7056,0.1941,0.0523,-0.0524,0.9988,True,0.4244,0.0054,-0.0425
R_E_bounded_km0_7599_dm0_0524_s256,13,0.4244,3.2429,-0.1698,-0.0522,-0.0524,0.997,True,0.4111,0.0097,-0.0345
R_E_bounded_km0_7599_dm0_0524_s256,14,0.4111,-4.3465,0.2276,0.0524,-0.0524,0.9997,True,0.4246,0.0016,-0.0151
R_E_bounded_km0_7599_dm0_0524_s256,15,0.4246,3.3802,-0.177,-0.0522,-0.0524,0.9977,True,0.4123,0.0043,-0.0453
R_E_bounded_km0_7599_dm0_0524_s1024,0,0.4187,0.0,-0.0,-0.0,-0.0524,0.0,False,0.424,0.0024,-0.0487
R_E_bounded_km0_7599_dm0_0524_s1024,1,0.424,2.9957,-0.1569,-0.0521,-0.0524,0.995,True,0.4136,0.0042,-0.0531
R_E_bounded_km0_7599_dm0_0524_s1024,2,0.4136,-2.9183,0.1528,0.0521,-0.0524,0.9942,True,0.4226,0.0063,-0.0348
R_E_bounded_km0_7599_dm0_0524_s1024,3,0.4226,2.2267,-0.1166,-0.0512,-0.0524,0.977,True,0.4134,0.0057,-0.0393
R_E_bounded_km0_7599_dm0_0524_s1024,4,0.4134,-3.0648,0.1605,0.0521,-0.0524,0.9957,True,0.4256,0.0065,-0.0419
R_E_bounded_km0_7599_dm0_0524_s1024,5,0.4256,3.9203,-0.2053,-0.0523,-0.0524,0.9992,True,0.4137,0.0026,-0.0433
R_E_bounded_km0_7599_dm0_0524_s1024,6,0.4137,-2.8726,0.1504,0.052,-0.0524,0.9936,True,0.428,0.0032,-0.0445
R_E_bounded_km0_7599_dm0_0524_s1024,7,0.428,5.2752,-0.2763,-0.0524,-0.0524,0.9999,True,0.4099,0.0032,-0.0362
R_E_bounded_km0_7599_dm0_0524_s1024,8,0.4099,-5.0514,0.2645,0.0524,-0.0524,0.9999,True,0.4214,0.0042,-0.0347
R_E_bounded_km0_7599_dm0_0524_s1024,9,0.4214,1.5218,-0.0797,-0.0476,-0.0524,0.909,True,0.4128,0.0,-0.0483
R_E_bounded_km0_7599_dm0_0524_s1024,10,0.4128,-3.4218,0.1792,0.0523,-0.0524,0.9979,True,0.4242,0.0057,-0.0444
R_E_bounded_km0_7599_dm0_0524_s1024,11,0.4242,3.1239,-0.1636,-0.0522,-0.0524,0.9961,True,0.4125,0.0054,-0.0435
R_E_bounded_km0_7599_dm0_0524_s1024,12,0.4125,-3.5775,0.1873,0.0523,-0.0524,0.9984,True,0.4241,0.0039,-0.0568
R_E_bounded_km0_7599_dm0_0524_s1024,13,0.4241,3.0506,-0.1598,-0.0521,-0.0524,0.9955,True,0.4146,0.0017,-0.0752
R_E_bounded_km0_7599_dm0_0524_s1024,14,0.4146,-2.3416,0.1226,0.0514,-0.0524,0.9817,True,0.4265,0.0042,-0.0371
R_E_bounded_km0_7599_dm0_0524_s1024,15,0.4265,4.4696,-0.2341,-0.0524,-0.0524,0.9997,True,0.4128,0.004,-0.0343
R_E_bounded_km0_7599_dm0_0524_s31415,0,0.4187,0.0,-0.0,-0.0,-0.0524,0.0,False,0.4184,0.0001,-0.0336
R_E_bounded_km0_7599_dm0_0524_s31415,1,0.4184,-0.1719,0.009,0.0089,-0.0524,0.1702,False,0.4183,0.0051,-0.0351
R_E_bounded_km0_7599_dm0_0524_s31415,2,0.4183,-0.2634,0.0138,0.0135,-0.0524,0.2575,False,0.4201,0.0052,-0.05
R_E_bounded_km0_7599_dm0_0524_s31415,3,0.4201,0.7711,-0.0404,-0.0339,-0.0524,0.6475,False,0.4148,-0.0001,-0.0514
R_E_bounded_km0_7599_dm0_0524_s31415,4,0.4148,-2.2592,0.1183,0.0512,-0.0524,0.9784,True,0.4237,0.0055,-0.0599
R_E_bounded_km0_7599_dm0_0524_s31415,5,0.4237,2.8675,-0.1502,-0.052,-0.0524,0.9936,True,0.4113,0.0042,-0.0416
R_E_bounded_km0_7599_dm0_0524_s31415,6,0.4113,-4.2732,0.2238,0.0523,-0.0524,0.9996,True,0.424,0.007,-0.0421
R_E_bounded_km0_7599_dm0_0524_s31415,7,0.424,3.0232,-0.1583,-0.0521,-0.0524,0.9953,True,0.4116,0.0003,-0.059
R_E_bounded_km0_7599_dm0_0524_s31415,8,0.4116,-4.0718,0.2132,0.0523,-0.0524,0.9994,True,0.4232,0.0076,-0.0433
R_E_bounded_km0_7599_dm0_0524_s31415,9,0.4232,2.5654,-0.1343,-0.0518,-0.0524,0.9882,True,0.4105,0.003,-0.0483
R_E_bounded_km0_7599_dm0_0524_s31415,10,0.4105,-4.6944,0.2458,0.0524,-0.0524,0.9998,True,0.425,0.0036,-0.043
R_E_bounded_km0_7599_dm0_0524_s31415,11,0.425,3.5816,-0.1876,-0.0523,-0.0524,0.9985,True,0.4107,0.0067,-0.0477
R_E_bounded_km0_7599_dm0_0524_s31415,12,0.4107,-4.5754,0.2396,0.0524,-0.0524,0.9998,True,0.4234,0.0012,-0.0294
R_E_bounded_km0_7599_dm0_0524_s31415,13,0.4234,2.6936,-0.1411,-0.0519,-0.0524,0.9909,True,0.4128,-0.0016,-0.0452
R_E_bounded_km0_7599_dm0_0524_s31415,14,0.4128,-3.3761,0.1768,0.0522,-0.0524,0.9977,True,0.4241,0.0054,-0.0473
R_E_bounded_km0_7599_dm0_0524_s31415,15,0.4241,3.0689,-0.1607,-0.0521,-0.0524,0.9957,True,0.4157,0.0035,-0.054
R_E_bounded_km0_7599_dm0_1054_s42,0,0.4187,0.0,-0.0,-0.0,-0.1054,0.0,False,0.4221,0.0045,-0.034
R_E_bounded_km0_7599_dm0_1054_s42,1,0.4221,1.9429,-0.2047,-0.1011,-0.1054,0.9598,True,0.4067,-0.0006,-0.0582
R_E_bounded_km0_7599_dm0_1054_s42,2,0.4067,-6.9098,0.728,0.1054,-0.1054,1.0,True,0.4289,0.0046,-0.0331
R_E_bounded_km0_7599_dm0_1054_s42,3,0.4289,5.8245,-0.6137,-0.1054,-0.1054,1.0,True,0.4066,0.0032,-0.0602
R_E_bounded_km0_7599_dm0_1054_s42,4,0.4066,-6.9465,0.7319,0.1054,-0.1054,1.0,True,0.4316,0.0094,-0.0484
R_E_bounded_km0_7599_dm0_1054_s42,5,0.4316,7.3534,-0.7748,-0.1054,-0.1054,1.0,True,0.4087,0.006,-0.0462
R_E_bounded_km0_7599_dm0_1054_s42,6,0.4087,-5.7563,0.6065,0.1054,-0.1054,1.0,True,0.4302,0.0044,-0.0559
R_E_bounded_km0_7599_dm0_1054_s42,7,0.4302,6.5661,-0.6918,-0.1054,-0.1054,1.0,True,0.407,0.0053,-0.0502
R_E_bounded_km0_7599_dm0_1054_s42,8,0.407,-6.7084,0.7068,0.1054,-0.1054,1.0,True,0.4294,0.004,-0.0386
R_E_bounded_km0_7599_dm0_1054_s42,9,0.4294,6.1266,-0.6455,-0.1054,-0.1054,1.0,True,0.4065,0.0053,-0.0335
R_E_bounded_km0_7599_dm0_1054_s42,10,0.4065,-7.0105,0.7386,0.1054,-0.1054,1.0,True,0.4315,0.0066,-0.0423
R_E_bounded_km0_7599_dm0_1054_s42,11,0.4315,7.2802,-0.767,-0.1054,-0.1054,1.0,True,0.4036,0.0034,-0.0566
R_E_bounded_km0_7599_dm0_1054_s42,12,0.4036,-8.6859,0.9151,0.1054,-0.1054,1.0,True,0.4315,0.0037,-0.0417
R_E_bounded_km0_7599_dm0_1054_s42,13,0.4315,7.3076,-0.7699,-0.1054,-0.1054,1.0,True,0.406,-0.0008,-0.0534
R_E_bounded_km0_7599_dm0_1054_s42,14,0.406,-7.2943,0.7685,0.1054,-0.1054,1.0,True,0.4298,0.0056,-0.0381
R_E_bounded_km0_7599_dm0_1054_s42,15,0.4298,6.3555,-0.6696,-0.1054,-0.1054,1.0,True,0.4077,-0.0008,-0.0405
R_E_bounded_km0_7599_dm0_1054_s137,0,0.4187,0.0,-0.0,-0.0,-0.1054,0.0,False,0.4245,0.0057,-0.04
R_E_bounded_km0_7599_dm0_1054_s137,1,0.4245,3.3253,-0.3504,-0.1051,-0.1054,0.9974,True,0.4047,-0.0009,-0.0535
R_E_bounded_km0_7599_dm0_1054_s137,2,0.4047,-8.0084,0.8438,0.1054,-0.1054,1.0,True,0.429,0.0067,-0.0461
R_E_bounded_km0_7599_dm0_1054_s137,3,0.429,5.8978,-0.6214,-0.1054,-0.1054,1.0,True,0.4067,0.0035,-0.0436
R_E_bounded_km0_7599_dm0_1054_s137,4,0.4067,-6.8915,0.7261,0.1054,-0.1054,1.0,True,0.4316,0.0066,-0.0503
R_E_bounded_km0_7599_dm0_1054_s137,5,0.4316,7.39,-0.7786,-0.1054,-0.1054,1.0,True,0.4043,0.0047,-0.0375
R_E_bounded_km0_7599_dm0_1054_s137,6,0.4043,-8.2464,0.8689,0.1054,-0.1054,1.0,True,0.4293,0.0042,-0.0517
R_E_bounded_km0_7599_dm0_1054_s137,7,0.4293,6.0443,-0.6368,-0.1054,-0.1054,1.0,True,0.4071,0.0013,-0.043
R_E_bounded_km0_7599_dm0_1054_s137,8,0.4071,-6.6535,0.701,0.1054,-0.1054,1.0,True,0.4294,0.005,-0.0484
R_E_bounded_km0_7599_dm0_1054_s137,9,0.4294,6.09,-0.6416,-0.1054,-0.1054,1.0,True,0.4059,0.0067,-0.0348
R_E_bounded_km0_7599_dm0_1054_s137,10,0.4059,-7.331,0.7724,0.1054,-0.1054,1.0,True,0.4308,0.0025,-0.0314
R_E_bounded_km0_7599_dm0_1054_s137,11,0.4308,6.914,-0.7285,-0.1054,-0.1054,1.0,True,0.4059,0.0046,-0.0385
R_E_bounded_km0_7599_dm0_1054_s137,12,0.4059,-7.3584,0.7753,0.1054,-0.1054,1.0,True,0.4301,0.0032,-0.0421
R_E_bounded_km0_7599_dm0_1054_s137,13,0.4301,6.5203,-0.687,-0.1054,-0.1054,1.0,True,0.4058,0.0029,-0.0418
R_E_bounded_km0_7599_dm0_1054_s137,14,0.4058,-7.3767,0.7772,0.1054,-0.1054,1.0,True,0.4308,0.006,-0.0437
R_E_bounded_km0_7599_dm0_1054_s137,15,0.4308,6.914,-0.7285,-0.1054,-0.1054,1.0,True,0.4059,0.0019,-0.0271
R_E_bounded_km0_7599_dm0_1054_s256,0,0.4187,0.0,-0.0,-0.0,-0.1054,0.0,False,0.4239,0.0072,-0.0438
R_E_bounded_km0_7599_dm0_1054_s256,1,0.4239,2.9682,-0.3127,-0.1048,-0.1054,0.9947,True,0.4071,0.0015,-0.0537
R_E_bounded_km0_7599_dm0_1054_s256,2,0.4071,-6.6627,0.702,0.1054,-0.1054,1.0,True,0.4325,0.0051,-0.0462
R_E_bounded_km0_7599_dm0_1054_s256,3,0.4325,7.8661,-0.8288,-0.1054,-0.1054,1.0,True,0.4084,0.004,-0.0426
R_E_bounded_km0_7599_dm0_1054_s256,4,0.4084,-5.9028,0.6219,0.1054,-0.1054,1.0,True,0.43,0.0083,-0.0336
R_E_bounded_km0_7599_dm0_1054_s256,5,0.43,6.4654,-0.6812,-0.1054,-0.1054,1.0,True,0.403,0.0032,-0.061
R_E_bounded_km0_7599_dm0_1054_s256,6,0.403,-9.0063,0.9489,0.1054,-0.1054,1.0,True,0.429,-0.0015,-0.0441
R_E_bounded_km0_7599_dm0_1054_s256,7,0.429,5.8978,-0.6214,-0.1054,-0.1054,1.0,True,0.4086,0.0034,-0.0462
R_E_bounded_km0_7599_dm0_1054_s256,8,0.4086,-5.7838,0.6094,0.1054,-0.1054,1.0,True,0.4318,0.0091,-0.0481
R_E_bounded_km0_7599_dm0_1054_s256,9,0.4318,7.4633,-0.7863,-0.1054,-0.1054,1.0,True,0.408,0.0008,-0.0306
R_E_bounded_km0_7599_dm0_1054_s256,10,0.408,-6.1134,0.6441,0.1054,-0.1054,1.0,True,0.4289,0.0018,-0.0431
R_E_bounded_km0_7599_dm0_1054_s256,11,0.4289,5.8245,-0.6137,-0.1054,-0.1054,1.0,True,0.4062,0.002,-0.0507
R_E_bounded_km0_7599_dm0_1054_s256,12,0.4062,-7.1936,0.7579,0.1054,-0.1054,1.0,True,0.4305,0.0053,-0.0449
R_E_bounded_km0_7599_dm0_1054_s256,13,0.4305,6.74,-0.7101,-0.1054,-0.1054,1.0,True,0.4046,0.0088,-0.0368
R_E_bounded_km0_7599_dm0_1054_s256,14,0.4046,-8.0634,0.8496,0.1054,-0.1054,1.0,True,0.4303,0.0022,-0.0179
R_E_bounded_km0_7599_dm0_1054_s256,15,0.4303,6.6027,-0.6957,-0.1054,-0.1054,1.0,True,0.406,0.0031,-0.046
R_E_bounded_km0_7599_dm0_1054_s1024,0,0.4187,0.0,-0.0,-0.0,-0.1054,0.0,False,0.424,0.0024,-0.0487
R_E_bounded_km0_7599_dm0_1054_s1024,1,0.424,2.9957,-0.3156,-0.1048,-0.1054,0.995,True,0.4074,0.0031,-0.054
R_E_bounded_km0_7599_dm0_1054_s1024,2,0.4074,-6.4887,0.6837,0.1054,-0.1054,1.0,True,0.4286,0.0069,-0.0358
R_E_bounded_km0_7599_dm0_1054_s1024,3,0.4286,5.6231,-0.5925,-0.1054,-0.1054,1.0,True,0.4065,0.0052,-0.0431
R_E_bounded_km0_7599_dm0_1054_s1024,4,0.4065,-7.0014,0.7377,0.1054,-0.1054,1.0,True,0.4314,0.0063,-0.0396
R_E_bounded_km0_7599_dm0_1054_s1024,5,0.4314,7.271,-0.7661,-0.1054,-0.1054,1.0,True,0.4072,0.0023,-0.0451
R_E_bounded_km0_7599_dm0_1054_s1024,6,0.4072,-6.6077,0.6962,0.1054,-0.1054,1.0,True,0.4342,0.0041,-0.0441
R_E_bounded_km0_7599_dm0_1054_s1024,7,0.4342,8.8273,-0.9301,-0.1054,-0.1054,1.0,True,0.4034,0.0032,-0.0344
R_E_bounded_km0_7599_dm0_1054_s1024,8,0.4034,-8.7957,0.9267,0.1054,-0.1054,1.0,True,0.4275,0.0046,-0.0375
R_E_bounded_km0_7599_dm0_1054_s1024,9,0.4275,4.9914,-0.5259,-0.1054,-0.1054,0.9999,True,0.4058,0.0002,-0.0495
R_E_bounded_km0_7599_dm0_1054_s1024,10,0.4058,-7.4134,0.7811,0.1054,-0.1054,1.0,True,0.43,0.0057,-0.0433
R_E_bounded_km0_7599_dm0_1054_s1024,11,0.43,6.4562,-0.6802,-0.1054,-0.1054,1.0,True,0.406,0.0049,-0.0421
R_E_bounded_km0_7599_dm0_1054_s1024,12,0.406,-7.2852,0.7676,0.1054,-0.1054,1.0,True,0.4297,0.0043,-0.0563
R_E_bounded_km0_7599_dm0_1054_s1024,13,0.4297,6.2914,-0.6629,-0.1054,-0.1054,1.0,True,0.4084,0.001,-0.078
R_E_bounded_km0_7599_dm0_1054_s1024,14,0.4084,-5.9394,0.6258,0.1054,-0.1054,1.0,True,0.4329,0.0045,-0.0364
R_E_bounded_km0_7599_dm0_1054_s1024,15,0.4329,8.0949,-0.8529,-0.1054,-0.1054,1.0,True,0.4067,0.0032,-0.0344
R_E_bounded_km0_7599_dm0_1054_s31415,0,0.4187,0.0,-0.0,-0.0,-0.1054,0.0,False,0.4184,0.0001,-0.0336
R_E_bounded_km0_7599_dm0_1054_s31415,1,0.4184,-0.1719,0.0181,0.0179,-0.1054,0.1702,False,0.4191,0.005,-0.0351
R_E_bounded_km0_7599_dm0_1054_s31415,2,0.4191,0.2035,-0.0214,-0.0211,-0.1054,0.2007,False,0.4164,0.0044,-0.0533
R_E_bounded_km0_7599_dm0_1054_s31415,3,0.4164,-1.362,0.1435,0.0924,-0.1054,0.8769,False,0.4298,0.0018,-0.0462
R_E_bounded_km0_7599_dm0_1054_s31415,4,0.4298,6.3555,-0.6696,-0.1054,-0.1054,1.0,True,0.4053,0.0034,-0.0593
R_E_bounded_km0_7599_dm0_1054_s31415,5,0.4053,-7.7063,0.8119,0.1054,-0.1054,1.0,True,0.4295,0.0068,-0.0379
R_E_bounded_km0_7599_dm0_1054_s31415,6,0.4295,6.1541,-0.6484,-0.1054,-0.1054,1.0,True,0.4057,0.0047,-0.0494
R_E_bounded_km0_7599_dm0_1054_s31415,7,0.4057,-7.4774,0.7878,0.1054,-0.1054,1.0,True,0.4303,0.0041,-0.0555
R_E_bounded_km0_7599_dm0_1054_s31415,8,0.4303,6.6393,-0.6995,-0.1054,-0.1054,1.0,True,0.4056,0.0065,-0.0452
R_E_bounded_km0_7599_dm0_1054_s31415,9,0.4056,-7.5049,0.7907,0.1054,-0.1054,1.0,True,0.4283,0.0057,-0.0445
R_E_bounded_km0_7599_dm0_1054_s31415,10,0.4283,5.4492,-0.5741,-0.1054,-0.1054,1.0,True,0.4065,0.0006,-0.0417
R_E_bounded_km0_7599_dm0_1054_s31415,11,0.4065,-6.9922,0.7367,0.1054,-0.1054,1.0,True,0.4295,0.0081,-0.0455
R_E_bounded_km0_7599_dm0_1054_s31415,12,0.4295,6.1724,-0.6503,-0.1054,-0.1054,1.0,True,0.4058,0.0004,-0.0338
R_E_bounded_km0_7599_dm0_1054_s31415,13,0.4058,-7.3859,0.7782,0.1054,-0.1054,1.0,True,0.431,-0.0003,-0.048
R_E_bounded_km0_7599_dm0_1054_s31415,14,0.431,6.9964,-0.7371,-0.1054,-0.1054,1.0,True,0.4048,0.0023,-0.0491
R_E_bounded_km0_7599_dm0_1054_s31415,15,0.4048,-7.9718,0.8399,0.1054,-0.1054,1.0,True,0.4342,0.0049,-0.0588
R_E_bounded_km0_7599_dm0_2136_s42,0,0.4187,0.0,-0.0,-0.0,-0.2136,0.0,False,0.4221,0.0045,-0.034
R_E_bounded_km0_7599_dm0_2136_s42,1,0.4221,1.9429,-0.415,-0.205,-0.2136,0.9598,True,0.3941,-0.0013,-0.0597
R_E_bounded_km0_7599_dm0_2136_s42,2,0.3941,-14.0872,3.0087,0.2136,-0.2136,1.0,True,0.4411,0.0046,-0.0328
R_E_bounded_km0_7599_dm0_2136_s42,3,0.4411,12.7822,-2.7299,-0.2136,-0.2136,1.0,True,0.3938,0.003,-0.0578
R_E_bounded_km0_7599_dm0_2136_s42,4,0.3938,-14.2886,3.0517,0.2136,-0.2136,1.0,True,0.4436,0.0094,-0.0441
R_E_bounded_km0_7599_dm0_2136_s42,5,0.4436,14.2104,-3.035,-0.2136,-0.2136,1.0,True,0.3955,0.0035,-0.0533
R_E_bounded_km0_7599_dm0_2136_s42,6,0.3955,-13.2816,2.8366,0.2136,-0.2136,1.0,True,0.4422,0.0045,-0.0545
R_E_bounded_km0_7599_dm0_2136_s42,7,0.4422,13.4322,-2.8688,-0.2136,-0.2136,1.0,True,0.3941,0.0039,-0.0538
R_E_bounded_km0_7599_dm0_2136_s42,8,0.3941,-14.1147,3.0145,0.2136,-0.2136,1.0,True,0.4417,0.0055,-0.0325
R_E_bounded_km0_7599_dm0_2136_s42,9,0.4417,13.1393,-2.8062,-0.2136,-0.2136,1.0,True,0.3934,0.0038,-0.0264
R_E_bounded_km0_7599_dm0_2136_s42,10,0.3934,-14.4992,3.0967,0.2136,-0.2136,1.0,True,0.4431,0.0078,-0.0467
R_E_bounded_km0_7599_dm0_2136_s42,11,0.4431,13.9357,-2.9763,-0.2136,-0.2136,1.0,True,0.3911,0.0014,-0.0587
R_E_bounded_km0_7599_dm0_2136_s42,12,0.3911,-15.7992,3.3743,0.2136,-0.2136,1.0,True,0.4431,0.0045,-0.0437
R_E_bounded_km0_7599_dm0_2136_s42,13,0.4431,13.9266,-2.9744,-0.2136,-0.2136,1.0,True,0.3936,-0.0013,-0.0513
R_E_bounded_km0_7599_dm0_2136_s42,14,0.3936,-14.3985,3.0751,0.2136,-0.2136,1.0,True,0.4423,0.0073,-0.0306
R_E_bounded_km0_7599_dm0_2136_s42,15,0.4423,13.478,-2.8785,-0.2136,-0.2136,1.0,True,0.3947,-0.0013,-0.0409
R_E_bounded_km0_7599_dm0_2136_s137,0,0.4187,0.0,-0.0,-0.0,-0.2136,0.0,False,0.4245,0.0057,-0.04
R_E_bounded_km0_7599_dm0_2136_s137,1,0.4245,3.3253,-0.7102,-0.213,-0.2136,0.9974,True,0.3921,-0.0025,-0.0566
R_E_bounded_km0_7599_dm0_2136_s137,2,0.3921,-15.2407,3.255,0.2136,-0.2136,1.0,True,0.4414,0.008,-0.0429
R_E_bounded_km0_7599_dm0_2136_s137,3,0.4414,12.9745,-2.771,-0.2136,-0.2136,1.0,True,0.3936,0.0028,-0.0409
R_E_bounded_km0_7599_dm0_2136_s137,4,0.3936,-14.3802,3.0712,0.2136,-0.2136,1.0,True,0.4434,0.0066,-0.0479
R_E_bounded_km0_7599_dm0_2136_s137,5,0.4434,14.1371,-3.0193,-0.2136,-0.2136,1.0,True,0.3919,0.0037,-0.0408
R_E_bounded_km0_7599_dm0_2136_s137,6,0.3919,-15.3598,3.2804,0.2136,-0.2136,1.0,True,0.4414,0.0045,-0.0498
R_E_bounded_km0_7599_dm0_2136_s137,7,0.4414,12.9745,-2.771,-0.2136,-0.2136,1.0,True,0.394,0.0012,-0.0403
R_E_bounded_km0_7599_dm0_2136_s137,8,0.394,-14.1696,3.0263,0.2136,-0.2136,1.0,True,0.442,0.006,-0.0455
R_E_bounded_km0_7599_dm0_2136_s137,9,0.442,13.3223,-2.8453,-0.2136,-0.2136,1.0,True,0.3933,0.0065,-0.0323
R_E_bounded_km0_7599_dm0_2136_s137,10,0.3933,-14.545,3.1064,0.2136,-0.2136,1.0,True,0.4428,0.0044,-0.0318
R_E_bounded_km0_7599_dm0_2136_s137,11,0.4428,13.7801,-2.9431,-0.2136,-0.2136,1.0,True,0.3931,0.0033,-0.0374
R_E_bounded_km0_7599_dm0_2136_s137,12,0.3931,-14.6823,3.1358,0.2136,-0.2136,1.0,True,0.4423,0.0032,-0.0355
R_E_bounded_km0_7599_dm0_2136_s137,13,0.4423,13.5054,-2.8844,-0.2136,-0.2136,1.0,True,0.3926,0.0027,-0.0416
R_E_bounded_km0_7599_dm0_2136_s137,14,0.3926,-14.9386,3.1905,0.2136,-0.2136,1.0,True,0.4432,0.0071,-0.043
R_E_bounded_km0_7599_dm0_2136_s137,15,0.4432,14.009,-2.992,-0.2136,-0.2136,1.0,True,0.3927,0.0014,-0.0299
R_E_bounded_km0_7599_dm0_2136_s256,0,0.4187,0.0,-0.0,-0.0,-0.2136,0.0,False,0.4239,0.0072,-0.0438
R_E_bounded_km0_7599_dm0_2136_s256,1,0.4239,2.9682,-0.6339,-0.2124,-0.2136,0.9947,True,0.3945,-0.0003,-0.0561
R_E_bounded_km0_7599_dm0_2136_s256,2,0.3945,-13.8858,2.9657,0.2136,-0.2136,1.0,True,0.4438,0.007,-0.0489
R_E_bounded_km0_7599_dm0_2136_s256,3,0.4438,14.3568,-3.0663,-0.2136,-0.2136,1.0,True,0.3955,0.0027,-0.0392
R_E_bounded_km0_7599_dm0_2136_s256,4,0.3955,-13.2908,2.8386,0.2136,-0.2136,1.0,True,0.4424,0.0089,-0.0285
R_E_bounded_km0_7599_dm0_2136_s256,5,0.4424,13.5512,-2.8942,-0.2136,-0.2136,1.0,True,0.3904,0.0027,-0.064
R_E_bounded_km0_7599_dm0_2136_s256,6,0.3904,-16.2112,3.4623,0.2136,-0.2136,1.0,True,0.4413,-0.0001,-0.0424
R_E_bounded_km0_7599_dm0_2136_s256,7,0.4413,12.9012,-2.7554,-0.2136,-0.2136,1.0,True,0.396,0.0024,-0.0508
R_E_bounded_km0_7599_dm0_2136_s256,8,0.396,-13.0253,2.7819,0.2136,-0.2136,1.0,True,0.4432,0.0095,-0.0487
R_E_bounded_km0_7599_dm0_2136_s256,9,0.4432,13.9815,-2.9861,-0.2136,-0.2136,1.0,True,0.3948,-0.0006,-0.0343
R_E_bounded_km0_7599_dm0_2136_s256,10,0.3948,-13.7027,2.9265,0.2136,-0.2136,1.0,True,0.4407,0.003,-0.0477
R_E_bounded_km0_7599_dm0_2136_s256,11,0.4407,12.5533,-2.6811,-0.2136,-0.2136,1.0,True,0.3932,0.0005,-0.0539
R_E_bounded_km0_7599_dm0_2136_s256,12,0.3932,-14.6182,3.1221,0.2136,-0.2136,1.0,True,0.4423,0.0059,-0.0439
R_E_bounded_km0_7599_dm0_2136_s256,13,0.4423,13.4688,-2.8766,-0.2136,-0.2136,1.0,True,0.3917,0.0081,-0.0407
R_E_bounded_km0_7599_dm0_2136_s256,14,0.3917,-15.4788,3.3059,0.2136,-0.2136,1.0,True,0.4425,0.0045,-0.0153
R_E_bounded_km0_7599_dm0_2136_s256,15,0.4425,13.5787,-2.9001,-0.2136,-0.2136,1.0,True,0.3933,0.0021,-0.052
R_E_bounded_km0_7599_dm0_2136_s1024,0,0.4187,0.0,-0.0,-0.0,-0.2136,0.0,False,0.424,0.0024,-0.0487
R_E_bounded_km0_7599_dm0_2136_s1024,1,0.424,2.9957,-0.6398,-0.2125,-0.2136,0.995,True,0.3947,0.0023,-0.0511
R_E_bounded_km0_7599_dm0_2136_s1024,2,0.3947,-13.7302,2.9324,0.2136,-0.2136,1.0,True,0.4411,0.0078,-0.0312
R_E_bounded_km0_7599_dm0_2136_s1024,3,0.4411,12.7731,-2.728,-0.2136,-0.2136,1.0,True,0.3939,0.0027,-0.0489
R_E_bounded_km0_7599_dm0_2136_s1024,4,0.3939,-14.2062,3.0341,0.2136,-0.2136,1.0,True,0.4433,0.0073,-0.0371
R_E_bounded_km0_7599_dm0_2136_s1024,5,0.4433,14.0364,-2.9978,-0.2136,-0.2136,1.0,True,0.3947,0.0009,-0.0505
R_E_bounded_km0_7599_dm0_2136_s1024,6,0.3947,-13.7302,2.9324,0.2136,-0.2136,1.0,True,0.446,0.0049,-0.0459
R_E_bounded_km0_7599_dm0_2136_s1024,7,0.446,15.6019,-3.3322,-0.2136,-0.2136,1.0,True,0.391,0.0025,-0.0327
R_E_bounded_km0_7599_dm0_2136_s1024,8,0.391,-15.8724,3.3899,0.2136,-0.2136,1.0,True,0.4397,0.0065,-0.0311
R_E_bounded_km0_7599_dm0_2136_s1024,9,0.4397,12.0224,-2.5677,-0.2136,-0.2136,1.0,True,0.3936,-0.0009,-0.046
R_E_bounded_km0_7599_dm0_2136_s1024,10,0.3936,-14.3985,3.0751,0.2136,-0.2136,1.0,True,0.4422,0.0063,-0.0442
R_E_bounded_km0_7599_dm0_2136_s1024,11,0.4422,13.4139,-2.8649,-0.2136,-0.2136,1.0,True,0.3922,0.0029,-0.0481
R_E_bounded_km0_7599_dm0_2136_s1024,12,0.3922,-15.1767,3.2413,0.2136,-0.2136,1.0,True,0.4414,0.0052,-0.0564
R_E_bounded_km0_7599_dm0_2136_s1024,13,0.4414,12.9653,-2.7691,-0.2136,-0.2136,1.0,True,0.3949,0.0005,-0.076
R_E_bounded_km0_7599_dm0_2136_s1024,14,0.3949,-13.6386,2.9129,0.2136,-0.2136,1.0,True,0.4448,0.006,-0.0359
R_E_bounded_km0_7599_dm0_2136_s1024,15,0.4448,14.8878,-3.1797,-0.2136,-0.2136,1.0,True,0.3941,0.0027,-0.0422
R_E_bounded_km0_7599_dm0_2136_s31415,0,0.4187,0.0,-0.0,-0.0,-0.2136,0.0,False,0.4184,0.0001,-0.0336
R_E_bounded_km0_7599_dm0_2136_s31415,1,0.4184,-0.1719,0.0367,0.0364,-0.2136,0.1702,False,0.4211,0.0052,-0.0345
R_E_bounded_km0_7599_dm0_2136_s31415,2,0.4211,1.357,-0.2898,-0.187,-0.2136,0.8757,False,0.3972,0.002,-0.0582
R_E_bounded_km0_7599_dm0_2136_s31415,3,0.3972,-12.3112,2.6294,0.2136,-0.2136,1.0,True,0.4423,0.0021,-0.0487
R_E_bounded_km0_7599_dm0_2136_s31415,4,0.4423,13.4871,-2.8805,-0.2136,-0.2136,1.0,True,0.3929,0.0032,-0.0625
R_E_bounded_km0_7599_dm0_2136_s31415,5,0.3929,-14.8013,3.1612,0.2136,-0.2136,1.0,True,0.441,0.0085,-0.0349
R_E_bounded_km0_7599_dm0_2136_s31415,6,0.441,12.7547,-2.7241,-0.2136,-0.2136,1.0,True,0.3928,0.0029,-0.053
R_E_bounded_km0_7599_dm0_2136_s31415,7,0.3928,-14.8471,3.171,0.2136,-0.2136,1.0,True,0.4422,0.0054,-0.0538
R_E_bounded_km0_7599_dm0_2136_s31415,8,0.4422,13.4414,-2.8707,-0.2136,-0.2136,1.0,True,0.3925,0.005,-0.0459
R_E_bounded_km0_7599_dm0_2136_s31415,9,0.3925,-15.0027,3.2042,0.2136,-0.2136,1.0,True,0.4401,0.0077,-0.0423
R_E_bounded_km0_7599_dm0_2136_s31415,10,0.4401,12.2238,-2.6107,-0.2136,-0.2136,1.0,True,0.3936,-0.0002,-0.0439
R_E_bounded_km0_7599_dm0_2136_s31415,11,0.3936,-14.3619,3.0673,0.2136,-0.2136,1.0,True,0.4413,0.0109,-0.0446
R_E_bounded_km0_7599_dm0_2136_s31415,12,0.4413,12.9378,-2.7632,-0.2136,-0.2136,1.0,True,0.3925,-0.0008,-0.0352
R_E_bounded_km0_7599_dm0_2136_s31415,13,0.3925,-15.0119,3.2061,0.2136,-0.2136,1.0,True,0.4428,0.0016,-0.0502
R_E_bounded_km0_7599_dm0_2136_s31415,14,0.4428,13.7801,-2.9431,-0.2136,-0.2136,1.0,True,0.3921,0.0009,-0.0456
R_E_bounded_km0_7599_dm0_2136_s31415,15,0.3921,-15.2499,3.257,0.2136,-0.2136,1.0,True,0.4462,0.006,-0.0588
R_E_bounded_km0_7599_dm0_4418_s42,0,0.4187,0.0,-0.0,-0.0,-0.4418,0.0,False,0.4221,0.0045,-0.034
R_E_bounded_km0_7599_dm0_4418_s42,1,0.4221,1.9429,-0.8584,-0.4241,-0.4418,0.9598,True,0.3676,-0.0052,-0.0584
R_E_bounded_km0_7599_dm0_4418_s42,2,0.3676,-29.2385,12.9185,0.4418,-0.4418,1.0,True,0.4653,0.0079,-0.0312
R_E_bounded_km0_7599_dm0_4418_s42,3,0.4653,26.6609,-11.7797,-0.4418,-0.4418,1.0,True,0.3661,-0.0005,-0.0645
R_E_bounded_km0_7599_dm0_4418_s42,4,0.3661,-30.1082,13.3028,0.4418,-0.4418,1.0,True,0.4682,0.0122,-0.0428
R_E_bounded_km0_7599_dm0_4418_s42,5,0.4682,28.2997,-12.5037,-0.4418,-0.4418,1.0,True,0.3676,0.0015,-0.0536
R_E_bounded_km0_7599_dm0_4418_s42,6,0.3676,-29.266,12.9307,0.4418,-0.4418,1.0,True,0.4661,0.0081,-0.0532
R_E_bounded_km0_7599_dm0_4418_s42,7,0.4661,27.1187,-11.9819,-0.4418,-0.4418,1.0,True,0.3665,0.0007,-0.0576
R_E_bounded_km0_7599_dm0_4418_s42,8,0.3665,-29.8885,13.2057,0.4418,-0.4418,1.0,True,0.4667,0.0088,-0.0308
R_E_bounded_km0_7599_dm0_4418_s42,9,0.4667,27.43,-12.1195,-0.4418,-0.4418,1.0,True,0.3652,0.0001,-0.0315
R_E_bounded_km0_7599_dm0_4418_s42,10,0.3652,-30.63,13.5333,0.4418,-0.4418,1.0,True,0.4679,0.0092,-0.0409
R_E_bounded_km0_7599_dm0_4418_s42,11,0.4679,28.1166,-12.4228,-0.4418,-0.4418,1.0,True,0.3628,0.0007,-0.0664
R_E_bounded_km0_7599_dm0_4418_s42,12,0.3628,-31.9849,14.132,0.4418,-0.4418,1.0,True,0.4675,0.006,-0.0513
R_E_bounded_km0_7599_dm0_4418_s42,13,0.4675,27.8877,-12.3217,-0.4418,-0.4418,1.0,True,0.3655,-0.0032,-0.052
R_E_bounded_km0_7599_dm0_4418_s42,14,0.3655,-30.4652,13.4605,0.4418,-0.4418,1.0,True,0.4677,0.0112,-0.034
R_E_bounded_km0_7599_dm0_4418_s42,15,0.4677,28.0159,-12.3783,-0.4418,-0.4418,1.0,True,0.3664,-0.0032,-0.0409
R_E_bounded_km0_7599_dm0_4418_s137,0,0.4187,0.0,-0.0,-0.0,-0.4418,0.0,False,0.4245,0.0057,-0.04
R_E_bounded_km0_7599_dm0_4418_s137,1,0.4245,3.3253,-1.4692,-0.4407,-0.4418,0.9974,True,0.3645,-0.0048,-0.0589
R_E_bounded_km0_7599_dm0_4418_s137,2,0.3645,-31.0145,13.7032,0.4418,-0.4418,1.0,True,0.4658,0.0086,-0.0417
R_E_bounded_km0_7599_dm0_4418_s137,3,0.4658,26.9081,-11.8889,-0.4418,-0.4418,1.0,True,0.3664,0.0001,-0.0395
R_E_bounded_km0_7599_dm0_4418_s137,4,0.3664,-29.9251,13.2219,0.4418,-0.4418,1.0,True,0.4677,0.0087,-0.049
R_E_bounded_km0_7599_dm0_4418_s137,5,0.4677,28.0067,-12.3743,-0.4418,-0.4418,1.0,True,0.3642,0.0021,-0.046
R_E_bounded_km0_7599_dm0_4418_s137,6,0.3642,-31.2068,13.7882,0.4418,-0.4418,1.0,True,0.4666,0.0073,-0.043
R_E_bounded_km0_7599_dm0_4418_s137,7,0.4666,27.375,-12.0952,-0.4418,-0.4418,1.0,True,0.367,0.0001,-0.0416
R_E_bounded_km0_7599_dm0_4418_s137,8,0.367,-29.5955,13.0763,0.4418,-0.4418,1.0,True,0.4665,0.0079,-0.0467
R_E_bounded_km0_7599_dm0_4418_s137,9,0.4665,27.3109,-12.0669,-0.4418,-0.4418,1.0,True,0.365,0.002,-0.0339
R_E_bounded_km0_7599_dm0_4418_s137,10,0.365,-30.749,13.5859,0.4418,-0.4418,1.0,True,0.466,0.0054,-0.028
R_E_bounded_km0_7599_dm0_4418_s137,11,0.466,27.018,-11.9374,-0.4418,-0.4418,1.0,True,0.3649,0.0018,-0.0345
R_E_bounded_km0_7599_dm0_4418_s137,12,0.3649,-30.7765,13.5981,0.4418,-0.4418,1.0,True,0.4673,0.0074,-0.0351
R_E_bounded_km0_7599_dm0_4418_s137,13,0.4673,27.8053,-12.2853,-0.4418,-0.4418,1.0,True,0.3651,0.0,-0.0437
R_E_bounded_km0_7599_dm0_4418_s137,14,0.3651,-30.7033,13.5657,0.4418,-0.4418,1.0,True,0.4677,0.0108,-0.0423
R_E_bounded_km0_7599_dm0_4418_s137,15,0.4677,28.0342,-12.3864,-0.4418,-0.4418,1.0,True,0.3657,0.0001,-0.0388
R_E_bounded_km0_7599_dm0_4418_s256,0,0.4187,0.0,-0.0,-0.0,-0.4418,0.0,False,0.4239,0.0072,-0.0438
R_E_bounded_km0_7599_dm0_4418_s256,1,0.4239,2.9682,-1.3115,-0.4395,-0.4418,0.9947,True,0.3668,-0.0027,-0.0574
R_E_bounded_km0_7599_dm0_4418_s256,2,0.3668,-29.7145,13.1289,0.4418,-0.4418,1.0,True,0.4683,0.0088,-0.0417
R_E_bounded_km0_7599_dm0_4418_s256,3,0.4683,28.3546,-12.528,-0.4418,-0.4418,1.0,True,0.3681,0.0004,-0.0385
R_E_bounded_km0_7599_dm0_4418_s256,4,0.3681,-28.9455,12.7891,0.4418,-0.4418,1.0,True,0.4665,0.0115,-0.025
R_E_bounded_km0_7599_dm0_4418_s256,5,0.4665,27.3384,-12.079,-0.4418,-0.4418,1.0,True,0.3622,-0.0017,-0.0685
R_E_bounded_km0_7599_dm0_4418_s256,6,0.3622,-32.3694,14.3019,0.4418,-0.4418,1.0,True,0.4659,0.0042,-0.0354
R_E_bounded_km0_7599_dm0_4418_s256,7,0.4659,26.9631,-11.9132,-0.4418,-0.4418,1.0,True,0.3683,0.0002,-0.0556
R_E_bounded_km0_7599_dm0_4418_s256,8,0.3683,-28.8723,12.7567,0.4418,-0.4418,1.0,True,0.4672,0.0117,-0.0473
R_E_bounded_km0_7599_dm0_4418_s256,9,0.4672,27.7412,-12.257,-0.4418,-0.4418,1.0,True,0.367,-0.0039,-0.036
R_E_bounded_km0_7599_dm0_4418_s256,10,0.367,-29.5955,13.0763,0.4418,-0.4418,1.0,True,0.4653,0.0063,-0.0428
R_E_bounded_km0_7599_dm0_4418_s256,11,0.4653,26.6518,-11.7756,-0.4418,-0.4418,1.0,True,0.3654,-0.0017,-0.0494
R_E_bounded_km0_7599_dm0_4418_s256,12,0.3654,-30.5385,13.4929,0.4418,-0.4418,1.0,True,0.4665,0.009,-0.0387
R_E_bounded_km0_7599_dm0_4418_s256,13,0.4665,27.3109,-12.0669,-0.4418,-0.4418,1.0,True,0.3627,0.0047,-0.044
R_E_bounded_km0_7599_dm0_4418_s256,14,0.3627,-32.0582,14.1644,0.4418,-0.4418,1.0,True,0.4667,0.0066,-0.0113
R_E_bounded_km0_7599_dm0_4418_s256,15,0.4667,27.4208,-12.1154,-0.4418,-0.4418,1.0,True,0.3657,-0.0016,-0.0565
R_E_bounded_km0_7599_dm0_4418_s1024,0,0.4187,0.0,-0.0,-0.0,-0.4418,0.0,False,0.424,0.0024,-0.0487
R_E_bounded_km0_7599_dm0_4418_s1024,1,0.424,2.9957,-1.3236,-0.4396,-0.4418,0.995,True,0.3662,-0.0006,-0.0568
R_E_bounded_km0_7599_dm0_4418_s1024,2,0.3662,-30.0716,13.2866,0.4418,-0.4418,1.0,True,0.4656,0.0119,-0.0282
R_E_bounded_km0_7599_dm0_4418_s1024,3,0.4656,26.8257,-11.8525,-0.4418,-0.4418,1.0,True,0.3655,0.0003,-0.0528
R_E_bounded_km0_7599_dm0_4418_s1024,4,0.3655,-30.4652,13.4605,0.4418,-0.4418,1.0,True,0.4668,0.0088,-0.0319
R_E_bounded_km0_7599_dm0_4418_s1024,5,0.4668,27.5307,-12.1639,-0.4418,-0.4418,1.0,True,0.3666,-0.0003,-0.049
R_E_bounded_km0_7599_dm0_4418_s1024,6,0.3666,-29.8152,13.1734,0.4418,-0.4418,1.0,True,0.47,0.0074,-0.0373
R_E_bounded_km0_7599_dm0_4418_s1024,7,0.47,29.3433,-12.9648,-0.4418,-0.4418,1.0,True,0.3626,-0.0005,-0.0294
R_E_bounded_km0_7599_dm0_4418_s1024,8,0.3626,-32.1131,14.1886,0.4418,-0.4418,1.0,True,0.4642,0.0088,-0.0309
R_E_bounded_km0_7599_dm0_4418_s1024,9,0.4642,26.0201,-11.4965,-0.4418,-0.4418,1.0,True,0.3661,-0.0028,-0.0553
R_E_bounded_km0_7599_dm0_4418_s1024,10,0.3661,-30.1357,13.3149,0.4418,-0.4418,1.0,True,0.4668,0.008,-0.0411
R_E_bounded_km0_7599_dm0_4418_s1024,11,0.4668,27.4849,-12.1437,-0.4418,-0.4418,1.0,True,0.3647,-0.0003,-0.0488
R_E_bounded_km0_7599_dm0_4418_s1024,12,0.3647,-30.9321,13.6668,0.4418,-0.4418,1.0,True,0.4667,0.0094,-0.0457
R_E_bounded_km0_7599_dm0_4418_s1024,13,0.4667,27.4391,-12.1235,-0.4418,-0.4418,1.0,True,0.3671,-0.0022,-0.0736
R_E_bounded_km0_7599_dm0_4418_s1024,14,0.3671,-29.5314,13.048,0.4418,-0.4418,1.0,True,0.4691,0.0085,-0.0347
R_E_bounded_km0_7599_dm0_4418_s1024,15,0.4691,28.8306,-12.7383,-0.4418,-0.4418,1.0,True,0.3666,0.0005,-0.0532
R_E_bounded_km0_7599_dm0_4418_s31415,0,0.4187,0.0,-0.0,-0.0,-0.4418,0.0,False,0.4184,0.0001,-0.0336
R_E_bounded_km0_7599_dm0_4418_s31415,1,0.4184,-0.1719,0.0759,0.0752,-0.4418,0.1702,False,0.4256,0.0057,-0.0323
R_E_bounded_km0_7599_dm0_4418_s31415,2,0.4256,3.9569,-1.7483,-0.4415,-0.4418,0.9993,True,0.3655,0.0001,-0.0594
R_E_bounded_km0_7599_dm0_4418_s31415,3,0.3655,-30.4652,13.4605,0.4418,-0.4418,1.0,True,0.4663,0.0046,-0.04
R_E_bounded_km0_7599_dm0_4418_s31415,4,0.4663,27.2285,-12.0305,-0.4418,-0.4418,1.0,True,0.3649,0.0006,-0.064
R_E_bounded_km0_7599_dm0_4418_s31415,5,0.3649,-30.7857,13.6021,0.4418,-0.4418,1.0,True,0.4668,0.0095,-0.0334
R_E_bounded_km0_7599_dm0_4418_s31415,6,0.4668,27.4849,-12.1437,-0.4418,-0.4418,1.0,True,0.3637,0.0008,-0.0522
R_E_bounded_km0_7599_dm0_4418_s31415,7,0.3637,-31.4997,13.9176,0.4418,-0.4418,1.0,True,0.4662,0.0068,-0.0518
R_E_bounded_km0_7599_dm0_4418_s31415,8,0.4662,27.1553,-11.9981,-0.4418,-0.4418,1.0,True,0.3644,0.002,-0.0537
R_E_bounded_km0_7599_dm0_4418_s31415,9,0.3644,-31.0969,13.7396,0.4418,-0.4418,1.0,True,0.4644,0.0087,-0.0449
R_E_bounded_km0_7599_dm0_4418_s31415,10,0.4644,26.1391,-11.5491,-0.4418,-0.4418,1.0,True,0.3663,-0.0009,-0.0459
R_E_bounded_km0_7599_dm0_4418_s31415,11,0.3663,-29.9983,13.2543,0.4418,-0.4418,1.0,True,0.4657,0.0127,-0.0435
R_E_bounded_km0_7599_dm0_4418_s31415,12,0.4657,26.8898,-11.8808,-0.4418,-0.4418,1.0,True,0.3644,-0.0036,-0.0403
R_E_bounded_km0_7599_dm0_4418_s31415,13,0.3644,-31.0878,13.7356,0.4418,-0.4418,1.0,True,0.4672,0.0039,-0.0519
R_E_bounded_km0_7599_dm0_4418_s31415,14,0.4672,27.7504,-12.261,-0.4418,-0.4418,1.0,True,0.3653,-0.0017,-0.0453
R_E_bounded_km0_7599_dm0_4418_s31415,15,0.3653,-30.5843,13.5131,0.4418,-0.4418,1.0,True,0.4707,0.0067,-0.051
