Lambda_anchor,kappa,target_c,realized_delta_p,seed,window_start,Psi_meanI_state,Psi_meanI_state_z,Psi_persistence_I,Psi_persistence_I_z,relative_drift,rho_cv,rho_range_over_mean,mean_rho,Steady_State_Candidate,Lifted_Activation_Candidate,mean_active_state_variance,persistence_std,extinction_degenerate,saturation_degenerate,LowLow_Nondegenerate_Candidate
0.2,-2.863,-0.8,-0.8,42,0,0.1011,101.8252,-0.1107,-11.3704,0.0087,0.1404,1.5334,0.354,False,True,0.2262,0.0403,False,False,False
0.2,-2.863,-0.8,-0.8,42,25,0.1062,102.1989,-0.0965,-9.5179,0.0031,0.0444,0.228,0.3543,True,True,0.2285,0.0397,False,False,False
0.2,-2.863,-0.8,-0.8,42,50,0.1088,112.4715,-0.0908,-8.9086,0.0066,0.0458,0.2162,0.3552,True,True,0.2288,0.0399,False,False,False
0.2,-2.863,-0.8,-0.8,42,75,0.1097,119.3163,-0.102,-10.6668,0.0068,0.05,0.2454,0.3554,True,True,0.2288,0.0401,False,False,False
0.2,-2.863,-0.8,-0.8,42,100,0.113,119.5651,-0.1008,-10.1353,0.0034,0.0502,0.235,0.3557,True,True,0.2289,0.0395,False,False,False
0.2,-2.863,-0.8,-0.8,137,0,0.1064,105.4576,-0.1153,-10.7498,0.0052,0.1469,1.5469,0.3553,False,True,0.2263,0.0401,False,False,False
0.2,-2.863,-0.8,-0.8,137,25,0.1088,115.3205,-0.0952,-10.8854,0.0061,0.0508,0.2266,0.3548,True,True,0.2286,0.04,False,False,False
0.2,-2.863,-0.8,-0.8,137,50,0.1075,114.1858,-0.0928,-9.8905,0.0033,0.0527,0.2324,0.3545,True,True,0.2285,0.0396,False,False,False
0.2,-2.863,-0.8,-0.8,137,75,0.1109,115.2458,-0.0936,-9.4856,0.0013,0.0531,0.2321,0.355,True,True,0.2286,0.039,False,False,False
0.2,-2.863,-0.8,-0.8,137,100,0.1095,115.8564,-0.094,-9.3762,0.0035,0.0533,0.2325,0.3544,True,True,0.2284,0.0386,False,False,False
0.2,-2.863,-0.8,-0.8,256,0,0.1073,118.681,-0.105,-10.4086,0.0076,0.1386,1.5268,0.3553,False,True,0.2266,0.0392,False,False,False
0.2,-2.863,-0.8,-0.8,256,25,0.1112,115.4793,-0.1,-9.6548,0.0061,0.0362,0.2228,0.3555,True,True,0.2289,0.0387,False,False,False
0.2,-2.863,-0.8,-0.8,256,50,0.1129,112.8754,-0.0959,-9.7024,0.0064,0.0385,0.2092,0.3556,True,True,0.229,0.0386,False,False,False
0.2,-2.863,-0.8,-0.8,256,75,0.1109,105.6717,-0.0905,-9.0095,0.0094,0.0494,0.3064,0.3551,False,True,0.2287,0.0392,False,False,False
0.2,-2.863,-0.8,-0.8,256,100,0.1094,107.5225,-0.1029,-10.2608,0.0039,0.0572,0.3069,0.3545,False,True,0.2284,0.0393,False,False,False
0.2,-2.863,-0.8,-0.8,1024,0,0.1059,104.6137,-0.1034,-11.187,0.0018,0.1435,1.5571,0.3545,False,True,0.2262,0.0392,False,False,False
0.2,-2.863,-0.8,-0.8,1024,25,0.1092,104.4611,-0.1033,-11.1597,0.0008,0.0471,0.2132,0.3546,True,True,0.2286,0.0398,False,False,False
0.2,-2.863,-0.8,-0.8,1024,50,0.1089,108.7361,-0.1074,-9.8925,0.0027,0.046,0.2132,0.3547,True,True,0.2286,0.0402,False,False,False
0.2,-2.863,-0.8,-0.8,1024,75,0.108,111.9646,-0.1045,-10.9224,0.0102,0.0436,0.2025,0.3556,True,True,0.2289,0.0395,False,False,False
0.2,-2.863,-0.8,-0.8,1024,100,0.1096,107.2525,-0.1048,-11.3098,0.0019,0.042,0.2115,0.3555,True,True,0.2289,0.0405,False,False,False
0.2,-2.863,-0.8,-0.8,31415,0,0.1012,103.6537,-0.0984,-9.834,0.0111,0.1566,1.5872,0.3538,False,True,0.2256,0.0396,False,False,False
0.2,-2.863,-0.8,-0.8,31415,25,0.1064,113.694,-0.0877,-9.104,0.0089,0.0554,0.2643,0.3541,False,True,0.2283,0.0392,False,False,False
0.2,-2.863,-0.8,-0.8,31415,50,0.109,101.6018,-0.1018,-10.7525,0.0025,0.0593,0.2862,0.355,False,True,0.2285,0.0396,False,False,False
0.2,-2.863,-0.8,-0.8,31415,75,0.1088,116.852,-0.0988,-10.4263,0.001,0.0635,0.2864,0.3548,False,True,0.2284,0.0396,False,False,False
0.2,-2.863,-0.8,-0.8,31415,100,0.1067,113.1509,-0.1055,-10.0135,0.0045,0.0663,0.2864,0.3547,False,True,0.2283,0.039,False,False,False
0.2,-1.9388,-0.6,-0.6,42,0,0.0457,48.9244,-0.1087,-11.1015,0.0198,0.1042,1.2768,0.3136,False,True,0.2142,0.0418,False,False,False
0.2,-1.9388,-0.6,-0.6,42,25,0.0473,49.0249,-0.0857,-9.1061,0.0076,0.0369,0.1602,0.3147,True,True,0.2155,0.0407,False,False,False
0.2,-1.9388,-0.6,-0.6,42,50,0.0483,50.6894,-0.086,-8.7344,0.0048,0.0394,0.1712,0.3154,True,True,0.2158,0.0406,False,False,False
0.2,-1.9388,-0.6,-0.6,42,75,0.0489,51.735,-0.0982,-9.8512,0.01,0.0405,0.1713,0.3153,True,True,0.2157,0.0402,False,False,False
0.2,-1.9388,-0.6,-0.6,42,100,0.051,50.2379,-0.0893,-8.7696,0.0032,0.0403,0.1711,0.3155,True,True,0.2158,0.0402,False,False,False
0.2,-1.9388,-0.6,-0.6,137,0,0.0482,51.0529,-0.0955,-9.4153,0.0128,0.1089,1.2635,0.314,False,True,0.2142,0.04,False,False,False
0.2,-1.9388,-0.6,-0.6,137,25,0.0484,52.096,-0.0888,-9.3979,0.0018,0.0436,0.2023,0.3143,True,True,0.2153,0.0402,False,False,False
0.2,-1.9388,-0.6,-0.6,137,50,0.0485,52.2965,-0.0917,-9.5169,0.0017,0.0473,0.2113,0.3143,True,True,0.2153,0.041,False,False,False
0.2,-1.9388,-0.6,-0.6,137,75,0.049,47.3065,-0.087,-9.255,0.0031,0.0419,0.2061,0.3144,True,True,0.2154,0.0404,False,False,False
0.2,-1.9388,-0.6,-0.6,137,100,0.0499,52.3913,-0.091,-9.0192,0.0027,0.039,0.2063,0.3141,True,True,0.2153,0.0406,False,False,False
0.2,-1.9388,-0.6,-0.6,256,0,0.0498,47.4908,-0.0951,-9.8121,0.0154,0.1029,1.2583,0.315,False,True,0.2147,0.0401,False,False,False
0.2,-1.9388,-0.6,-0.6,256,25,0.0503,53.6687,-0.0864,-7.9413,0.0084,0.0348,0.2168,0.3155,True,True,0.2158,0.0399,False,False,False
0.2,-1.9388,-0.6,-0.6,256,50,0.0513,53.2768,-0.0895,-9.1204,0.0134,0.0361,0.2169,0.3153,True,True,0.2158,0.0393,False,False,False
0.2,-1.9388,-0.6,-0.6,256,75,0.0498,51.7058,-0.0869,-8.3077,0.0108,0.0376,0.2238,0.3145,True,True,0.2155,0.0403,False,False,False
0.2,-1.9388,-0.6,-0.6,256,100,0.0512,48.9957,-0.0937,-9.4305,0.0046,0.0411,0.2263,0.3146,True,True,0.2155,0.0407,False,False,False
0.2,-1.9388,-0.6,-0.6,1024,0,0.0479,50.0919,-0.0822,-8.0134,0.0054,0.107,1.3224,0.314,False,True,0.2143,0.0401,False,False,False
0.2,-1.9388,-0.6,-0.6,1024,25,0.0489,47.4779,-0.0845,-8.3497,0.0034,0.034,0.1653,0.3145,True,True,0.2155,0.0409,False,False,False
0.2,-1.9388,-0.6,-0.6,1024,50,0.0487,48.675,-0.0886,-8.709,0.0113,0.0344,0.1796,0.314,True,True,0.2153,0.0413,False,False,False
0.2,-1.9388,-0.6,-0.6,1024,75,0.0492,50.365,-0.1002,-10.8559,0.0047,0.0369,0.1942,0.3151,True,True,0.2157,0.0409,False,False,False
0.2,-1.9388,-0.6,-0.6,1024,100,0.0496,50.7173,-0.0974,-10.169,0.0112,0.0379,0.1946,0.3145,True,True,0.2154,0.0412,False,False,False
0.2,-1.9388,-0.6,-0.6,31415,0,0.0454,44.2439,-0.0776,-8.5,0.0209,0.1141,1.3073,0.3136,False,True,0.214,0.0405,False,False,False
0.2,-1.9388,-0.6,-0.6,31415,25,0.0477,46.1392,-0.0774,-7.669,0.0056,0.0409,0.2036,0.3143,True,True,0.2154,0.0402,False,False,False
0.2,-1.9388,-0.6,-0.6,31415,50,0.0491,47.4123,-0.0815,-8.0155,0.004,0.0413,0.1918,0.3149,True,True,0.2156,0.0404,False,False,False
0.2,-1.9388,-0.6,-0.6,31415,75,0.0495,52.1774,-0.083,-7.6564,0.0015,0.0412,0.2226,0.3145,True,True,0.2154,0.0403,False,False,False
0.2,-1.9388,-0.6,-0.6,31415,100,0.0484,54.0951,-0.0931,-9.3454,0.0006,0.0435,0.2227,0.3143,True,True,0.2153,0.0396,False,False,False
0.2,-1.5824,-0.5,-0.5,42,0,0.0284,29.4469,-0.0936,-9.3259,0.0245,0.0901,1.133,0.2962,False,True,0.2078,0.0412,False,False,False
0.2,-1.5824,-0.5,-0.5,42,25,0.0299,31.4732,-0.0738,-7.6848,0.0101,0.0337,0.1466,0.2975,True,True,0.2089,0.0404,False,False,False
0.2,-1.5824,-0.5,-0.5,42,50,0.0318,33.1761,-0.0671,-6.6705,0.0022,0.0347,0.1436,0.2981,True,True,0.2091,0.0405,False,False,False
0.2,-1.5824,-0.5,-0.5,42,75,0.0326,34.7722,-0.0751,-7.6846,0.0124,0.0384,0.1719,0.2979,True,True,0.209,0.0408,False,False,False
0.2,-1.5824,-0.5,-0.5,42,100,0.0338,33.0186,-0.0703,-6.7258,0.0014,0.0401,0.1812,0.298,True,True,0.2091,0.0408,False,False,False
0.2,-1.5824,-0.5,-0.5,137,0,0.0313,34.5804,-0.087,-8.62,0.0164,0.0963,1.1412,0.2965,False,True,0.2078,0.04,False,False,False
0.2,-1.5824,-0.5,-0.5,137,25,0.0308,31.9413,-0.0808,-8.584,0.0056,0.0404,0.1777,0.2972,True,True,0.2087,0.0402,False,False,False
0.2,-1.5824,-0.5,-0.5,137,50,0.0313,33.9616,-0.0862,-9.137,0.0014,0.0421,0.1751,0.2969,True,True,0.2086,0.0407,False,False,False
0.2,-1.5824,-0.5,-0.5,137,75,0.0319,33.0279,-0.0796,-7.9322,0.0009,0.039,0.1655,0.2973,True,True,0.2088,0.0406,False,False,False
0.2,-1.5824,-0.5,-0.5,137,100,0.0326,33.8499,-0.0742,-7.2479,0.0059,0.0363,0.1655,0.2973,True,True,0.2088,0.0405,False,False,False
0.2,-1.5824,-0.5,-0.5,256,0,0.0337,32.1036,-0.0764,-7.9893,0.0201,0.0935,1.1515,0.2981,False,True,0.2084,0.04,False,False,False
0.2,-1.5824,-0.5,-0.5,256,25,0.0338,35.893,-0.0733,-6.7427,0.0111,0.0348,0.1674,0.2987,True,True,0.2094,0.04,False,False,False
0.2,-1.5824,-0.5,-0.5,256,50,0.0336,35.3024,-0.0741,-7.2859,0.0192,0.0348,0.1624,0.298,True,True,0.2091,0.0392,False,False,False
0.2,-1.5824,-0.5,-0.5,256,75,0.0314,33.5069,-0.0787,-7.4391,0.0194,0.0364,0.21,0.2972,True,True,0.2087,0.0399,False,False,False
0.2,-1.5824,-0.5,-0.5,256,100,0.0314,30.0399,-0.0826,-8.1791,0.0023,0.0367,0.2101,0.297,True,True,0.2087,0.0407,False,False,False
0.2,-1.5824,-0.5,-0.5,1024,0,0.0313,31.7175,-0.0738,-6.9517,0.0126,0.0944,1.193,0.2964,False,True,0.2078,0.0401,False,False,False
0.2,-1.5824,-0.5,-0.5,1024,25,0.0319,29.7824,-0.0772,-8.0418,0.0007,0.0335,0.1654,0.2975,True,True,0.2089,0.0411,False,False,False
0.2,-1.5824,-0.5,-0.5,1024,50,0.0322,32.9491,-0.0775,-7.6829,0.0134,0.0334,0.1654,0.2974,True,True,0.2089,0.0412,False,False,False
0.2,-1.5824,-0.5,-0.5,1024,75,0.0319,33.5114,-0.0906,-10.1762,0.0072,0.0347,0.2064,0.2984,True,True,0.2093,0.0408,False,False,False
0.2,-1.5824,-0.5,-0.5,1024,100,0.0324,34.4119,-0.0913,-9.6099,0.0161,0.0372,0.2068,0.2978,True,True,0.209,0.0415,False,False,False
0.2,-1.5824,-0.5,-0.5,31415,0,0.0276,28.4311,-0.0727,-7.7198,0.0264,0.0983,1.1745,0.2963,False,True,0.2077,0.0407,False,False,False
0.2,-1.5824,-0.5,-0.5,31415,25,0.0302,30.0136,-0.0748,-7.3604,0.0048,0.0355,0.1709,0.2973,True,True,0.2088,0.0406,False,False,False
0.2,-1.5824,-0.5,-0.5,31415,50,0.0313,29.7142,-0.081,-8.3763,0.0095,0.0381,0.1749,0.2974,True,True,0.2088,0.041,False,False,False
0.2,-1.5824,-0.5,-0.5,31415,75,0.0321,34.2327,-0.0868,-8.6461,0.0001,0.0422,0.2235,0.297,True,True,0.2086,0.0411,False,False,False
0.2,-1.5824,-0.5,-0.5,31415,100,0.0314,32.5329,-0.0833,-8.9204,0.0036,0.0444,0.2236,0.297,True,True,0.2086,0.0402,False,False,False
0.2,-1.0934,-0.35,-0.35,42,0,0.0118,12.6262,-0.0603,-6.0581,0.0363,0.0765,0.9184,0.27,False,True,0.1967,0.0413,False,False,False
0.2,-1.0934,-0.35,-0.35,42,25,0.0136,13.7519,-0.0547,-5.5707,0.0117,0.0335,0.1603,0.2719,True,True,0.1979,0.0405,False,False,False
0.2,-1.0934,-0.35,-0.35,42,50,0.0149,16.0609,-0.0463,-4.7685,0.0074,0.0341,0.1628,0.2728,True,True,0.1983,0.0403,False,False,False
0.2,-1.0934,-0.35,-0.35,42,75,0.0151,16.3959,-0.064,-6.3062,0.0136,0.0364,0.1805,0.2726,True,True,0.1982,0.041,False,False,False
0.2,-1.0934,-0.35,-0.35,42,100,0.016,16.1005,-0.0599,-5.4605,0.01,0.0381,0.1806,0.2724,True,True,0.1981,0.0412,False,False,False
0.2,-1.0934,-0.35,-0.35,137,0,0.0146,15.6757,-0.0627,-6.2282,0.0233,0.0821,0.963,0.2708,False,True,0.197,0.0405,False,False,False
0.2,-1.0934,-0.35,-0.35,137,25,0.0139,13.8047,-0.0637,-6.8533,0.0024,0.0391,0.1752,0.2717,True,True,0.1978,0.0405,False,False,False
0.2,-1.0934,-0.35,-0.35,137,50,0.0147,15.9622,-0.0698,-7.2591,0.0003,0.0422,0.1753,0.2716,True,True,0.1977,0.0411,False,False,False
0.2,-1.0934,-0.35,-0.35,137,75,0.0147,14.3439,-0.0571,-5.7468,0.001,0.0403,0.1649,0.2717,True,True,0.1978,0.0407,False,False,False
0.2,-1.0934,-0.35,-0.35,137,100,0.0153,15.7392,-0.0463,-4.3841,0.0061,0.0366,0.1649,0.2717,True,True,0.1978,0.0406,False,False,False
0.2,-1.0934,-0.35,-0.35,256,0,0.0158,15.3473,-0.0566,-5.6552,0.0294,0.078,0.9121,0.2719,False,True,0.1975,0.0401,False,False,False
0.2,-1.0934,-0.35,-0.35,256,25,0.0156,15.7985,-0.0565,-5.2402,0.0086,0.0344,0.17,0.273,True,True,0.1984,0.0399,False,False,False
0.2,-1.0934,-0.35,-0.35,256,50,0.0155,15.8637,-0.0561,-5.4667,0.0231,0.0309,0.1543,0.2722,True,True,0.198,0.0394,False,False,False
0.2,-1.0934,-0.35,-0.35,256,75,0.0141,14.6762,-0.0619,-5.7993,0.0229,0.0343,0.2018,0.2716,True,True,0.1978,0.0403,False,False,False
0.2,-1.0934,-0.35,-0.35,256,100,0.0139,13.9667,-0.0639,-6.1207,0.0013,0.0361,0.202,0.2713,True,True,0.1976,0.0406,False,False,False
0.2,-1.0934,-0.35,-0.35,1024,0,0.0131,13.1203,-0.0597,-5.5464,0.0158,0.0789,0.9691,0.2708,False,True,0.197,0.0399,False,False,False
0.2,-1.0934,-0.35,-0.35,1024,25,0.0133,12.9662,-0.07,-7.1732,0.0012,0.031,0.1604,0.2719,True,True,0.1979,0.0407,False,False,False
0.2,-1.0934,-0.35,-0.35,1024,50,0.0135,13.9392,-0.0634,-5.8314,0.0131,0.0308,0.1604,0.2718,True,True,0.1979,0.0409,False,False,False
0.2,-1.0934,-0.35,-0.35,1024,75,0.013,13.4681,-0.0714,-7.8653,0.0022,0.0309,0.1864,0.2726,True,True,0.1982,0.0403,False,False,False
0.2,-1.0934,-0.35,-0.35,1024,100,0.0142,15.6387,-0.0727,-7.226,0.0219,0.0339,0.1869,0.2718,True,True,0.1979,0.0411,False,False,False
0.2,-1.0934,-0.35,-0.35,31415,0,0.012,12.6585,-0.0464,-5.146,0.0331,0.082,0.97,0.2701,False,True,0.1967,0.0409,False,False,False
0.2,-1.0934,-0.35,-0.35,31415,25,0.0132,13.2999,-0.0509,-5.022,0.003,0.0335,0.1929,0.2716,True,True,0.1977,0.0412,False,False,False
0.2,-1.0934,-0.35,-0.35,31415,50,0.0134,12.5981,-0.0664,-6.7085,0.0066,0.0383,0.1927,0.2719,True,True,0.1979,0.0415,False,False,False
0.2,-1.0934,-0.35,-0.35,31415,75,0.0135,14.4314,-0.0727,-7.172,0.0006,0.0412,0.2285,0.2714,True,True,0.1976,0.0412,False,False,False
0.2,-1.0934,-0.35,-0.35,31415,100,0.0124,12.9257,-0.0648,-6.4832,0.0004,0.0436,0.2284,0.2714,True,True,0.1976,0.0399,False,False,False
0.2,-0.6239,-0.2,-0.2,42,0,0.003,3.4664,-0.0327,-3.3578,0.0397,0.0693,0.743,0.2423,False,True,0.1833,0.0412,False,False,False
0.2,-0.6239,-0.2,-0.2,42,25,0.0042,4.3812,-0.0298,-3.3037,0.0054,0.035,0.1754,0.2441,True,True,0.1844,0.0406,False,False,False
0.2,-0.6239,-0.2,-0.2,42,50,0.0046,5.0329,-0.0314,-3.1969,0.0081,0.0357,0.1751,0.2444,True,True,0.1846,0.0404,False,False,False
0.2,-0.6239,-0.2,-0.2,42,75,0.0048,5.2188,-0.0419,-4.2612,0.0111,0.0384,0.2092,0.2448,True,True,0.1848,0.0409,False,False,False
0.2,-0.6239,-0.2,-0.2,42,100,0.0054,5.4404,-0.0349,-3.2697,0.0111,0.0395,0.2096,0.2442,True,True,0.1845,0.0407,False,False,False
0.2,-0.6239,-0.2,-0.2,137,0,0.0054,5.7989,-0.0337,-3.268,0.0275,0.0715,0.7517,0.2432,False,True,0.1837,0.0402,False,False,False
0.2,-0.6239,-0.2,-0.2,137,25,0.0043,4.4427,-0.035,-3.499,0.0057,0.0389,0.1788,0.2439,True,True,0.1843,0.0399,False,False,False
0.2,-0.6239,-0.2,-0.2,137,50,0.0043,5.0215,-0.0429,-4.2198,0.0049,0.041,0.1873,0.2435,True,True,0.1841,0.0408,False,False,False
0.2,-0.6239,-0.2,-0.2,137,75,0.0045,4.7736,-0.0295,-2.9076,0.0031,0.0403,0.1873,0.2434,True,True,0.1841,0.0401,False,False,False
0.2,-0.6239,-0.2,-0.2,137,100,0.0047,4.9838,-0.0202,-1.9681,0.0069,0.0368,0.1875,0.2431,True,True,0.1839,0.0405,False,False,False
0.2,-0.6239,-0.2,-0.2,256,0,0.0057,6.2062,-0.0299,-2.9549,0.0277,0.0701,0.6823,0.2433,False,True,0.1838,0.0405,False,False,False
0.2,-0.6239,-0.2,-0.2,256,25,0.0056,5.9836,-0.0252,-2.2444,0.013,0.0368,0.1979,0.2446,True,True,0.1847,0.04,False,False,False
0.2,-0.6239,-0.2,-0.2,256,50,0.0051,5.4762,-0.0344,-3.3041,0.0218,0.0338,0.1988,0.2435,True,True,0.1841,0.0389,False,False,False
0.2,-0.6239,-0.2,-0.2,256,75,0.0039,4.3828,-0.0474,-4.8676,0.0146,0.0355,0.1989,0.2434,True,True,0.1841,0.0401,False,False,False
0.2,-0.6239,-0.2,-0.2,256,100,0.0045,4.8496,-0.0475,-4.7672,0.0002,0.0371,0.1842,0.2432,True,True,0.184,0.0401,False,False,False
0.2,-0.6239,-0.2,-0.2,1024,0,0.0028,3.2631,-0.0307,-2.9442,0.0214,0.0698,0.7851,0.2425,False,True,0.1834,0.0408,False,False,False
0.2,-0.6239,-0.2,-0.2,1024,25,0.0026,2.8791,-0.0506,-5.5441,0.0035,0.0303,0.156,0.2436,True,True,0.1842,0.0411,False,False,False
0.2,-0.6239,-0.2,-0.2,1024,50,0.0024,2.7761,-0.0369,-3.4147,0.0218,0.0296,0.1542,0.2438,True,True,0.1843,0.0407,False,False,False
0.2,-0.6239,-0.2,-0.2,1024,75,0.002,2.4635,-0.0441,-4.4711,0.0085,0.0318,0.2108,0.2448,True,True,0.1848,0.0404,False,False,False
0.2,-0.6239,-0.2,-0.2,1024,100,0.0032,3.5831,-0.0489,-4.8403,0.0153,0.0355,0.2114,0.2441,True,True,0.1844,0.041,False,False,False
0.2,-0.6239,-0.2,-0.2,31415,0,0.0039,4.3427,-0.016,-1.7167,0.0428,0.0723,0.7786,0.2425,False,True,0.1834,0.0407,False,False,False
0.2,-0.6239,-0.2,-0.2,31415,25,0.0046,5.2406,-0.0303,-2.9656,0.0021,0.0352,0.2065,0.2441,True,True,0.1844,0.0406,False,False,False
0.2,-0.6239,-0.2,-0.2,31415,50,0.0043,4.3084,-0.0414,-3.9578,0.0073,0.0405,0.2063,0.2443,True,True,0.1845,0.0407,False,False,False
0.2,-0.6239,-0.2,-0.2,31415,75,0.0037,4.4288,-0.0445,-4.4221,0.0029,0.042,0.2265,0.2437,True,True,0.1842,0.0409,False,False,False
0.2,-0.6239,-0.2,-0.2,31415,100,0.003,3.4916,-0.039,-3.9815,0.0024,0.0446,0.2267,0.2434,True,True,0.1841,0.0402,False,False,False
0.2,-0.3123,-0.1,-0.1,42,0,0.0008,1.3282,-0.0156,-1.5953,0.0458,0.066,0.645,0.2214,False,True,0.1722,0.041,False,False,True
0.2,-0.3123,-0.1,-0.1,42,25,0.0019,2.0345,-0.0075,-0.742,0.0116,0.0358,0.1754,0.2235,True,True,0.1735,0.0405,False,False,False
0.2,-0.3123,-0.1,-0.1,42,50,0.0016,1.971,-0.0111,-1.2072,0.0103,0.0358,0.1752,0.2238,True,True,0.1736,0.04,False,False,True
0.2,-0.3123,-0.1,-0.1,42,75,0.0017,2.0101,-0.0192,-1.8222,0.0107,0.0383,0.2034,0.2242,True,True,0.1739,0.0405,False,False,False
0.2,-0.3123,-0.1,-0.1,42,100,0.0021,2.305,-0.0133,-1.1735,0.022,0.0394,0.2042,0.2233,True,True,0.1734,0.0403,False,False,False
0.2,-0.3123,-0.1,-0.1,137,0,0.0021,2.4868,-0.0166,-1.5741,0.0282,0.0678,0.6496,0.2223,False,True,0.1726,0.0403,False,False,False
0.2,-0.3123,-0.1,-0.1,137,25,0.001,1.3131,-0.017,-1.5907,0.0113,0.042,0.1994,0.2227,True,True,0.173,0.0398,False,False,True
0.2,-0.3123,-0.1,-0.1,137,50,0.0006,0.9783,-0.0223,-2.1996,0.0074,0.0418,0.1998,0.2222,True,True,0.1728,0.0405,False,False,False
0.2,-0.3123,-0.1,-0.1,137,75,0.001,1.3111,-0.0084,-0.7122,0.0043,0.0399,0.2,0.222,True,True,0.1726,0.0399,False,False,True
0.2,-0.3123,-0.1,-0.1,137,100,0.0015,1.7639,-0.0059,-0.506,0.0087,0.0353,0.1678,0.2217,True,True,0.1725,0.0397,False,False,True
0.2,-0.3123,-0.1,-0.1,256,0,0.0019,2.39,-0.0175,-1.7151,0.0306,0.066,0.6285,0.2221,False,True,0.1726,0.0405,False,False,False
0.2,-0.3123,-0.1,-0.1,256,25,0.002,2.2059,-0.0103,-0.9295,0.0083,0.0372,0.2005,0.2235,True,True,0.1735,0.0396,False,False,False
0.2,-0.3123,-0.1,-0.1,256,50,0.0012,1.6201,-0.0132,-1.1427,0.0185,0.0357,0.2014,0.2225,True,True,0.1729,0.0385,False,False,True
0.2,-0.3123,-0.1,-0.1,256,75,0.0005,0.9697,-0.0233,-2.2311,0.0159,0.0391,0.2119,0.2227,True,True,0.1731,0.0397,False,False,False
0.2,-0.3123,-0.1,-0.1,256,100,0.0014,1.7305,-0.0297,-2.859,0.0005,0.0412,0.2138,0.2226,True,True,0.173,0.0396,False,False,False
0.2,-0.3123,-0.1,-0.1,1024,0,0.0001,0.5263,-0.0039,-0.2496,0.023,0.0659,0.6542,0.2213,False,True,0.1721,0.0405,False,False,True
0.2,-0.3123,-0.1,-0.1,1024,25,-0.0004,0.0288,-0.0276,-2.9665,0.0057,0.0341,0.1905,0.2226,True,True,0.173,0.041,False,False,False
0.2,-0.3123,-0.1,-0.1,1024,50,-0.0008,-0.4177,-0.0179,-1.5305,0.0247,0.0325,0.1707,0.2227,True,True,0.173,0.041,False,False,True
0.2,-0.3123,-0.1,-0.1,1024,75,-0.0013,-0.8577,-0.0258,-2.5482,0.0157,0.0344,0.2074,0.2237,True,True,0.1736,0.0406,False,False,False
0.2,-0.3123,-0.1,-0.1,1024,100,-0.0006,-0.2381,-0.0369,-3.6706,0.0179,0.038,0.208,0.2231,True,True,0.1733,0.0409,False,False,False
0.2,-0.3123,-0.1,-0.1,31415,0,0.0008,1.2226,-0.0012,-0.1626,0.0422,0.0689,0.6931,0.2216,False,True,0.1723,0.0405,False,False,True
0.2,-0.3123,-0.1,-0.1,31415,25,0.001,1.3939,-0.0163,-1.5959,0.0005,0.0386,0.2224,0.223,True,True,0.1732,0.0405,False,False,True
0.2,-0.3123,-0.1,-0.1,31415,50,0.0002,0.5714,-0.0228,-2.1149,0.0047,0.0405,0.2203,0.2233,True,True,0.1734,0.0406,False,False,False
0.2,-0.3123,-0.1,-0.1,31415,75,0.0002,0.6388,-0.0257,-2.7402,0.0025,0.0412,0.2191,0.2227,True,True,0.173,0.0407,False,False,False
0.2,-0.3123,-0.1,-0.1,31415,100,-0.0003,0.1289,-0.0262,-2.5933,0.0034,0.043,0.2193,0.2225,True,True,0.1729,0.04,False,False,False
0.2,-0.1562,-0.05,-0.05,42,0,-0.0003,0.1694,-0.0045,-0.4231,0.0463,0.0649,0.6101,0.2105,False,True,0.166,0.0409,False,False,True
0.2,-0.1562,-0.05,-0.05,42,25,0.0004,0.5824,0.0041,0.6011,0.0115,0.0381,0.1864,0.2124,True,True,0.1672,0.0404,False,False,True
0.2,-0.1562,-0.05,-0.05,42,50,0.0001,0.5821,0.0055,0.62,0.0074,0.038,0.1864,0.2125,True,True,0.1673,0.0398,False,False,True
0.2,-0.1562,-0.05,-0.05,42,75,-0.0,0.3633,-0.0079,-0.6782,0.0178,0.0403,0.22,0.2127,True,True,0.1674,0.0401,False,False,True
0.2,-0.1562,-0.05,-0.05,42,100,0.0005,0.8487,-0.0001,0.0993,0.0219,0.0411,0.2209,0.2118,True,True,0.1669,0.04,False,False,True
0.2,-0.1562,-0.05,-0.05,137,0,0.0008,1.1819,-0.0139,-1.3897,0.0325,0.0662,0.6274,0.211,False,True,0.1663,0.0402,False,False,True
0.2,-0.1562,-0.05,-0.05,137,25,0.0002,0.5489,-0.0143,-1.3322,0.0111,0.0436,0.1948,0.2115,True,True,0.1667,0.0393,False,False,True
0.2,-0.1562,-0.05,-0.05,137,50,-0.0001,0.2462,-0.0138,-1.2561,0.0064,0.0432,0.1952,0.211,True,True,0.1664,0.0401,False,False,True
0.2,-0.1562,-0.05,-0.05,137,75,0.0001,0.4915,0.0006,0.1304,0.0073,0.0411,0.1956,0.2106,True,True,0.1662,0.0397,False,False,True
0.2,-0.1562,-0.05,-0.05,137,100,0.0005,0.828,0.0033,0.3262,0.0103,0.0366,0.1635,0.2104,True,True,0.1661,0.0398,False,False,True
0.2,-0.1562,-0.05,-0.05,256,0,0.0011,1.6038,-0.0053,-0.4959,0.03,0.065,0.6069,0.2109,False,True,0.1662,0.0401,False,False,True
0.2,-0.1562,-0.05,-0.05,256,25,0.0015,1.7543,-0.004,-0.358,0.0066,0.0384,0.1921,0.2124,True,True,0.1672,0.0391,False,False,True
0.2,-0.1562,-0.05,-0.05,256,50,0.0006,1.0607,-0.0044,-0.2809,0.0227,0.0372,0.1931,0.2113,True,True,0.1666,0.0382,False,False,True
0.2,-0.1562,-0.05,-0.05,256,75,-0.0,0.4289,-0.0134,-1.3106,0.0171,0.0407,0.2137,0.2115,True,True,0.1667,0.0392,False,False,True
0.2,-0.1562,-0.05,-0.05,256,100,0.0009,1.2479,-0.0209,-1.9381,0.0065,0.0431,0.2138,0.2114,True,True,0.1666,0.0393,False,False,True
0.2,-0.1562,-0.05,-0.05,1024,0,-0.0002,0.1834,0.0042,0.4637,0.0248,0.0642,0.6384,0.2105,False,True,0.166,0.0404,False,False,True
0.2,-0.1562,-0.05,-0.05,1024,25,-0.0008,-0.3244,-0.0192,-1.9379,0.0097,0.0353,0.1949,0.2114,True,True,0.1667,0.0412,False,False,True
0.2,-0.1562,-0.05,-0.05,1024,50,-0.0012,-0.8147,-0.0129,-1.1032,0.0244,0.0347,0.1796,0.2116,True,True,0.1668,0.041,False,False,True
0.2,-0.1562,-0.05,-0.05,1024,75,-0.0017,-1.2717,-0.0187,-1.8441,0.0148,0.0367,0.2374,0.2123,True,True,0.1672,0.0405,False,False,True
0.2,-0.1562,-0.05,-0.05,1024,100,-0.0013,-0.961,-0.027,-2.7486,0.0151,0.0399,0.2229,0.2117,True,True,0.1668,0.0407,False,False,False
0.2,-0.1562,-0.05,-0.05,31415,0,0.0005,0.954,0.0127,1.3708,0.0407,0.0668,0.6719,0.2102,False,True,0.1658,0.0405,False,False,True
0.2,-0.1562,-0.05,-0.05,31415,25,0.0006,0.9298,-0.0047,-0.4235,0.0008,0.0398,0.2308,0.2114,True,True,0.1666,0.0403,False,False,True
0.2,-0.1562,-0.05,-0.05,31415,50,-0.0003,0.0085,-0.0082,-0.7169,0.0022,0.0415,0.2303,0.2119,True,True,0.1669,0.0406,False,False,True
0.2,-0.1562,-0.05,-0.05,31415,75,-0.0002,0.1764,-0.0067,-0.8033,0.002,0.0418,0.2252,0.2113,True,True,0.1666,0.0404,False,False,True
0.2,-0.1562,-0.05,-0.05,31415,100,-0.0006,-0.1598,-0.0119,-1.1333,0.0046,0.0441,0.2349,0.2111,True,True,0.1665,0.0399,False,False,True
0.2,0.0,0.0,0.0,42,0,-0.0003,0.2033,-0.0013,-0.1001,0.0503,0.0627,0.5896,0.1988,False,True,0.1591,0.0403,False,False,True
0.2,0.0,0.0,0.0,42,25,0.0006,0.8772,0.0124,1.5707,0.0165,0.0386,0.1795,0.2005,True,True,0.1603,0.0398,False,False,True
0.2,0.0,0.0,0.0,42,50,0.0003,0.7376,0.0167,1.9033,0.0068,0.0376,0.1792,0.2009,True,True,0.1605,0.0396,False,False,True
0.2,0.0,0.0,0.0,42,75,-0.0004,-0.0394,0.0059,0.6824,0.0145,0.0403,0.2147,0.2012,True,True,0.1606,0.0397,False,False,True
0.2,0.0,0.0,0.0,42,100,-0.0,0.3605,0.0038,0.5111,0.0227,0.0416,0.216,0.2,True,True,0.1599,0.0396,False,False,True
0.2,0.0,0.0,0.0,137,0,0.0014,1.7361,-0.005,-0.5278,0.0311,0.0639,0.6027,0.1998,False,True,0.1597,0.0399,False,False,True
0.2,0.0,0.0,0.0,137,25,0.0005,0.8944,-0.0048,-0.4091,0.013,0.0427,0.1937,0.2003,True,True,0.1601,0.0391,False,False,True
0.2,0.0,0.0,0.0,137,50,-0.0,0.3869,0.0024,0.3209,0.0071,0.0424,0.1942,0.1998,True,True,0.1598,0.0398,False,False,True
0.2,0.0,0.0,0.0,137,75,0.0001,0.4753,0.0175,1.761,0.0116,0.0404,0.1888,0.1992,True,True,0.1594,0.0393,False,False,True
0.2,0.0,0.0,0.0,137,100,0.0003,0.6151,0.0141,1.3306,0.0057,0.037,0.1549,0.1989,True,True,0.1593,0.0397,False,False,True
0.2,0.0,0.0,0.0,256,0,0.0011,1.5569,0.0054,0.5112,0.0379,0.0632,0.5835,0.1995,False,True,0.1595,0.0401,False,False,True
0.2,0.0,0.0,0.0,256,25,0.0012,1.4885,0.0094,0.8923,0.0056,0.0392,0.1969,0.2011,True,True,0.1606,0.0389,False,False,True
0.2,0.0,0.0,0.0,256,50,0.0003,0.7624,0.0051,0.5944,0.0286,0.039,0.194,0.2,True,True,0.1599,0.0384,False,False,True
0.2,0.0,0.0,0.0,256,75,-0.0002,0.2711,-0.0015,-0.0514,0.0241,0.0424,0.2059,0.2001,True,True,0.16,0.0392,False,False,True
0.2,0.0,0.0,0.0,256,100,0.0006,0.981,-0.0066,-0.5658,0.0063,0.0453,0.2083,0.1997,True,True,0.1597,0.0394,False,False,True
0.2,0.0,0.0,0.0,1024,0,-0.0003,0.0489,0.0151,1.3919,0.0259,0.064,0.6189,0.1991,False,True,0.1593,0.0399,False,False,True
0.2,0.0,0.0,0.0,1024,25,-0.0014,-0.9422,-0.015,-1.4992,0.0101,0.0375,0.2103,0.1997,True,True,0.1598,0.0408,False,False,True
0.2,0.0,0.0,0.0,1024,50,-0.0016,-1.3312,-0.0061,-0.4878,0.023,0.036,0.1879,0.2001,True,True,0.16,0.0406,False,False,True
0.2,0.0,0.0,0.0,1024,75,-0.0019,-1.5532,-0.0098,-0.9286,0.0144,0.0375,0.2252,0.2007,True,True,0.1603,0.0402,False,False,True
0.2,0.0,0.0,0.0,1024,100,-0.0015,-1.1331,-0.0178,-1.7978,0.0161,0.0406,0.2241,0.1999,True,True,0.1599,0.0408,False,False,True
0.2,0.0,0.0,0.0,31415,0,-0.0,0.4218,0.017,1.8358,0.0468,0.0655,0.6469,0.1985,False,True,0.1589,0.0403,False,False,True
0.2,0.0,0.0,0.0,31415,25,0.0001,0.4208,0.0008,0.1018,0.0017,0.0403,0.2567,0.1995,False,True,0.1596,0.04,False,False,True
0.2,0.0,0.0,0.0,31415,50,-0.0005,-0.2419,0.0001,0.0806,0.0036,0.0427,0.2559,0.2001,False,True,0.16,0.0402,False,False,True
0.2,0.0,0.0,0.0,31415,75,-0.0001,0.2337,0.0044,0.3801,0.0049,0.0427,0.2424,0.1997,True,True,0.1597,0.0402,False,False,True
0.2,0.0,0.0,0.0,31415,100,-0.0005,-0.0897,0.0044,0.5707,0.0008,0.0457,0.243,0.1992,True,True,0.1594,0.0396,False,False,True
0.2,0.1562,0.05,0.05,42,0,0.0005,0.944,0.0058,0.6292,0.0389,0.061,0.5686,0.1864,False,True,0.1515,0.04,False,False,True
0.2,0.1562,0.05,0.05,42,25,0.0015,1.7192,0.018,2.1129,0.0142,0.04,0.1745,0.1879,True,True,0.1525,0.0395,False,False,False
0.2,0.1562,0.05,0.05,42,50,0.001,1.4082,0.0257,2.7288,0.0086,0.0384,0.1742,0.1883,True,True,0.1528,0.0394,False,False,False
0.2,0.1562,0.05,0.05,42,75,0.0002,0.5649,0.0148,1.5246,0.0043,0.0401,0.2204,0.1887,True,True,0.1531,0.0394,False,False,True
0.2,0.1562,0.05,0.05,42,100,0.0,0.4347,0.015,1.5333,0.0197,0.0401,0.2065,0.1879,True,True,0.1526,0.0391,False,False,True
0.2,0.1562,0.05,0.05,137,0,0.0011,1.4792,0.0113,1.1055,0.0305,0.0616,0.575,0.1878,False,True,0.1524,0.0392,False,False,True
0.2,0.1562,0.05,0.05,137,25,0.0008,1.1687,0.0118,1.2985,0.0169,0.0438,0.2084,0.1881,True,True,0.1527,0.0388,False,False,True
0.2,0.1562,0.05,0.05,137,50,0.0002,0.5157,0.0134,1.4513,0.0127,0.0423,0.2092,0.1874,True,True,0.1522,0.0392,False,False,True
0.2,0.1562,0.05,0.05,137,75,0.0003,0.6361,0.0275,2.6729,0.0149,0.0408,0.2099,0.1867,True,True,0.1518,0.0391,False,False,False
0.2,0.1562,0.05,0.05,137,100,0.0005,0.7709,0.0333,3.1815,0.011,0.0384,0.1694,0.1866,True,True,0.1517,0.0394,False,False,False
0.2,0.1562,0.05,0.05,256,0,0.0015,1.9498,0.0171,1.7409,0.0344,0.0622,0.5593,0.1874,False,True,0.1521,0.0397,False,False,True
0.2,0.1562,0.05,0.05,256,25,0.0012,1.4837,0.019,1.7855,0.0108,0.0399,0.1864,0.1889,True,True,0.1531,0.0385,False,False,True
0.2,0.1562,0.05,0.05,256,50,0.0001,0.4787,0.0099,1.0521,0.0331,0.0384,0.1855,0.1876,True,True,0.1523,0.038,False,False,True
0.2,0.1562,0.05,0.05,256,75,-0.0003,0.091,0.0064,0.732,0.0202,0.0418,0.1875,0.1877,True,True,0.1524,0.0389,False,False,True
0.2,0.1562,0.05,0.05,256,100,0.0006,1.0121,0.003,0.361,0.0085,0.0449,0.1987,0.1872,True,True,0.1521,0.039,False,False,True
0.2,0.1562,0.05,0.05,1024,0,-0.0002,0.1123,0.0279,2.5771,0.0315,0.0617,0.5974,0.1868,False,True,0.1518,0.0392,False,False,False
0.2,0.1562,0.05,0.05,1024,25,-0.0017,-1.1617,-0.0044,-0.4635,0.0139,0.0377,0.2006,0.1875,True,True,0.1523,0.04,False,False,True
0.2,0.1562,0.05,0.05,1024,50,-0.0019,-1.6164,0.0068,0.7465,0.0197,0.0377,0.1939,0.1877,True,True,0.1524,0.0401,False,False,True
0.2,0.1562,0.05,0.05,1024,75,-0.0021,-1.7617,0.0051,0.5749,0.016,0.0403,0.2357,0.1884,True,True,0.1528,0.0398,False,False,True
0.2,0.1562,0.05,0.05,1024,100,-0.0018,-1.4636,-0.0028,-0.1868,0.0089,0.0432,0.2365,0.1877,True,True,0.1524,0.0404,False,False,True
0.2,0.1562,0.05,0.05,31415,0,0.0001,0.5529,0.024,2.5718,0.0454,0.0638,0.5984,0.1865,False,True,0.1516,0.0397,False,False,False
0.2,0.1562,0.05,0.05,31415,25,0.0005,0.8121,0.0077,0.7827,0.0031,0.0409,0.239,0.1874,True,True,0.1522,0.0394,False,False,True
0.2,0.1562,0.05,0.05,31415,50,0.0002,0.4935,0.0079,0.8731,0.0024,0.0426,0.2384,0.1879,True,True,0.1525,0.0399,False,False,True
0.2,0.1562,0.05,0.05,31415,75,0.0005,0.913,0.0176,1.7954,0.0028,0.0426,0.2131,0.1877,True,True,0.1524,0.04,False,False,True
0.2,0.1562,0.05,0.05,31415,100,0.0002,0.6017,0.0199,2.2738,0.0036,0.047,0.2136,0.1872,True,True,0.1521,0.0392,False,False,False
0.2,0.3123,0.1,0.1,42,0,0.0015,1.8629,0.0094,0.9737,0.0413,0.0606,0.5539,0.174,False,True,0.1436,0.0395,False,False,True
0.2,0.3123,0.1,0.1,42,25,0.0025,2.8234,0.022,2.6411,0.0104,0.0428,0.2051,0.1755,True,True,0.1447,0.039,False,False,False
0.2,0.3123,0.1,0.1,42,50,0.0017,2.0842,0.0306,3.2524,0.0073,0.0406,0.2046,0.176,True,True,0.145,0.0387,False,False,False
0.2,0.3123,0.1,0.1,42,75,0.0008,1.0467,0.0244,2.3781,0.0033,0.041,0.2292,0.1762,True,True,0.1451,0.039,False,False,False
0.2,0.3123,0.1,0.1,42,100,0.0004,0.7972,0.025,2.5601,0.02,0.0416,0.2051,0.1755,True,True,0.1447,0.039,False,False,False
0.2,0.3123,0.1,0.1,137,0,0.0021,2.4543,0.0264,2.577,0.0256,0.0594,0.5342,0.1752,False,True,0.1444,0.0386,False,False,False
0.2,0.3123,0.1,0.1,137,25,0.002,2.3477,0.0201,2.1152,0.0218,0.0449,0.226,0.1753,True,True,0.1445,0.0381,False,False,False
0.2,0.3123,0.1,0.1,137,50,0.001,1.3617,0.0205,2.2807,0.0144,0.0422,0.2175,0.1747,True,True,0.1442,0.0386,False,False,False
0.2,0.3123,0.1,0.1,137,75,0.0011,1.4001,0.0323,3.1837,0.0164,0.0417,0.2187,0.1737,True,True,0.1435,0.0386,False,False,False
0.2,0.3123,0.1,0.1,137,100,0.0012,1.5193,0.0374,3.4979,0.0151,0.0392,0.1933,0.1738,True,True,0.1435,0.039,False,False,False
0.2,0.3123,0.1,0.1,256,0,0.0023,2.7224,0.0311,3.1417,0.0347,0.0613,0.5313,0.1747,False,True,0.144,0.0393,False,False,False
0.2,0.3123,0.1,0.1,256,25,0.002,2.3981,0.0222,1.9865,0.009,0.042,0.1954,0.1761,True,True,0.145,0.0384,False,False,False
0.2,0.3123,0.1,0.1,256,50,0.0008,1.2891,0.0139,1.4664,0.0342,0.0403,0.1922,0.1748,True,True,0.1442,0.0377,False,False,True
0.2,0.3123,0.1,0.1,256,75,0.0002,0.5992,0.0139,1.4518,0.0206,0.0448,0.1921,0.175,True,True,0.1443,0.0383,False,False,True
0.2,0.3123,0.1,0.1,256,100,0.001,1.3793,0.0099,1.0031,0.0159,0.046,0.2158,0.1743,True,True,0.1438,0.0385,False,False,True
0.2,0.3123,0.1,0.1,1024,0,0.0005,0.8318,0.0391,3.4644,0.0309,0.0602,0.5882,0.1748,False,True,0.1441,0.0392,False,False,False
0.2,0.3123,0.1,0.1,1024,25,-0.0009,-0.3948,0.0095,0.9681,0.014,0.039,0.2033,0.1751,True,True,0.1444,0.0397,False,False,True
0.2,0.3123,0.1,0.1,1024,50,-0.001,-0.6585,0.0239,2.4461,0.0194,0.0405,0.2031,0.1753,True,True,0.1445,0.0394,False,False,False
0.2,0.3123,0.1,0.1,1024,75,-0.0017,-1.3681,0.017,1.8551,0.0048,0.0422,0.2529,0.1756,False,True,0.1447,0.0392,False,False,True
0.2,0.3123,0.1,0.1,1024,100,-0.0018,-1.3923,0.0113,1.2553,0.0095,0.0445,0.2541,0.1748,False,True,0.1442,0.0398,False,False,True
0.2,0.3123,0.1,0.1,31415,0,0.001,1.4959,0.0337,3.7852,0.0478,0.0616,0.5462,0.1736,False,True,0.1433,0.039,False,False,False
0.2,0.3123,0.1,0.1,31415,25,0.0014,1.7457,0.0188,1.8834,0.0039,0.0423,0.2457,0.1742,True,True,0.1438,0.0384,False,False,True
0.2,0.3123,0.1,0.1,31415,50,0.0009,1.276,0.0094,0.9345,0.0039,0.0435,0.2449,0.1748,True,True,0.1442,0.039,False,False,True
0.2,0.3123,0.1,0.1,31415,75,0.0015,1.8859,0.0192,2.0223,0.0085,0.0433,0.2244,0.1747,True,True,0.1441,0.0389,False,False,False
0.2,0.3123,0.1,0.1,31415,100,0.001,1.3511,0.0245,2.8648,0.01,0.0476,0.225,0.1743,True,True,0.1438,0.0385,False,False,False
0.2,0.6239,0.2,0.2,42,0,0.0036,4.107,0.0291,2.9847,0.0365,0.0587,0.4967,0.1482,False,True,0.1262,0.0382,False,False,False
0.2,0.6239,0.2,0.2,42,25,0.0043,4.314,0.0391,4.5039,0.0183,0.0486,0.2596,0.1495,False,True,0.1271,0.0375,False,False,False
0.2,0.6239,0.2,0.2,42,50,0.0029,3.2507,0.0542,5.9747,0.0163,0.0495,0.2587,0.15,False,True,0.1274,0.0371,False,False,False
0.2,0.6239,0.2,0.2,42,75,0.0027,2.9044,0.046,4.3206,0.0135,0.049,0.2666,0.15,False,True,0.1275,0.0376,False,False,False
0.2,0.6239,0.2,0.2,42,100,0.0023,2.6057,0.0519,4.9185,0.0211,0.0445,0.2329,0.1494,True,True,0.1271,0.0379,False,False,False
0.2,0.6239,0.2,0.2,137,0,0.0046,5.031,0.0651,6.5793,0.0329,0.0563,0.443,0.149,False,True,0.1267,0.0378,False,False,False
0.2,0.6239,0.2,0.2,137,25,0.0038,4.2028,0.0546,5.6733,0.0172,0.0491,0.2466,0.1493,True,True,0.1269,0.0375,False,False,False
0.2,0.6239,0.2,0.2,137,50,0.003,3.2169,0.0446,4.8617,0.0084,0.0472,0.2308,0.1491,True,True,0.1268,0.0376,False,False,False
0.2,0.6239,0.2,0.2,137,75,0.0027,3.0152,0.0548,5.4384,0.0284,0.0466,0.2217,0.1479,True,True,0.126,0.0374,False,False,False
0.2,0.6239,0.2,0.2,137,100,0.0024,2.7509,0.0565,5.2988,0.0052,0.0453,0.2112,0.1477,True,True,0.1258,0.0378,False,False,False
0.2,0.6239,0.2,0.2,256,0,0.0043,4.5397,0.0501,4.8974,0.0358,0.0593,0.4312,0.1484,False,True,0.1263,0.0377,False,False,False
0.2,0.6239,0.2,0.2,256,25,0.0037,3.9293,0.0519,4.9549,0.013,0.0466,0.2165,0.1497,True,True,0.1272,0.0366,False,False,False
0.2,0.6239,0.2,0.2,256,50,0.0025,2.8774,0.0376,3.9396,0.0392,0.0447,0.2183,0.1484,True,True,0.1263,0.0365,False,False,False
0.2,0.6239,0.2,0.2,256,75,0.0017,2.0701,0.0362,3.8745,0.0161,0.0481,0.2152,0.1487,True,True,0.1266,0.0371,False,False,False
0.2,0.6239,0.2,0.2,256,100,0.0026,2.7648,0.0289,2.8412,0.0129,0.0513,0.2509,0.1483,False,True,0.1262,0.0373,False,False,False
0.2,0.6239,0.2,0.2,1024,0,0.0026,3.0593,0.0615,5.6271,0.0398,0.0549,0.4627,0.1487,False,True,0.1265,0.0384,False,False,False
0.2,0.6239,0.2,0.2,1024,25,0.0017,2.1666,0.0378,3.8489,0.015,0.0435,0.2388,0.1491,True,True,0.1268,0.0387,False,False,False
0.2,0.6239,0.2,0.2,1024,50,0.0011,1.609,0.0464,4.5085,0.0037,0.045,0.2391,0.1489,True,True,0.1267,0.0386,False,False,False
0.2,0.6239,0.2,0.2,1024,75,0.0001,0.475,0.039,4.0386,0.0029,0.0475,0.3012,0.1487,False,True,0.1266,0.0381,False,False,False
0.2,0.6239,0.2,0.2,1024,100,-0.0002,0.2684,0.0313,3.2611,0.0031,0.0499,0.3046,0.1484,False,True,0.1263,0.0385,False,False,False
0.2,0.6239,0.2,0.2,31415,0,0.0035,3.974,0.0481,5.1046,0.043,0.0594,0.4736,0.1478,False,True,0.1259,0.0379,False,False,False
0.2,0.6239,0.2,0.2,31415,25,0.0036,3.7012,0.0316,3.1976,0.0065,0.0446,0.2643,0.1483,False,True,0.1263,0.0378,False,False,False
0.2,0.6239,0.2,0.2,31415,50,0.0032,3.7362,0.0215,2.1402,0.0059,0.0445,0.2632,0.1489,False,True,0.1267,0.0378,False,False,False
0.2,0.6239,0.2,0.2,31415,75,0.0035,4.1423,0.0239,2.4454,0.0012,0.0436,0.2183,0.1484,True,True,0.1263,0.0376,False,False,False
0.2,0.6239,0.2,0.2,31415,100,0.0031,3.5362,0.0469,4.9918,0.0002,0.0479,0.2352,0.148,True,True,0.126,0.0376,False,False,False
0.2,1.0934,0.35,0.35,42,0,0.008,8.8075,0.0454,4.4974,0.0503,0.0634,0.3097,0.1098,False,True,0.0977,0.0346,False,False,False
0.2,1.0934,0.35,0.35,42,25,0.0079,8.2137,0.0539,6.0834,0.0229,0.0641,0.3037,0.1106,False,True,0.0983,0.0347,False,False,False
0.2,1.0934,0.35,0.35,42,50,0.0077,8.4216,0.0557,6.426,0.0051,0.0653,0.3025,0.1111,False,True,0.0987,0.0344,False,False,False
0.2,1.0934,0.35,0.35,42,75,0.0069,6.8125,0.041,3.9934,0.0512,0.0658,0.3068,0.1108,False,True,0.0985,0.0347,False,False,False
0.2,1.0934,0.35,0.35,42,100,0.0065,6.9263,0.0484,4.4662,0.0302,0.0596,0.2918,0.1097,False,True,0.0976,0.0346,False,False,False
0.2,1.0934,0.35,0.35,137,0,0.0092,9.9828,0.0872,9.2299,0.0193,0.0551,0.2635,0.1093,False,True,0.0973,0.035,False,False,False
0.2,1.0934,0.35,0.35,137,25,0.0089,8.8916,0.076,8.03,0.0209,0.0595,0.2674,0.1092,False,True,0.0972,0.0346,False,False,False
0.2,1.0934,0.35,0.35,137,50,0.0075,8.1904,0.0566,6.2286,0.0124,0.0581,0.2679,0.109,False,True,0.0971,0.0341,False,False,False
0.2,1.0934,0.35,0.35,137,75,0.0072,7.4454,0.0756,6.8775,0.0201,0.0572,0.2552,0.1081,False,True,0.0964,0.0345,False,False,False
0.2,1.0934,0.35,0.35,137,100,0.0061,6.7116,0.0746,6.9415,0.0021,0.0581,0.2631,0.1079,False,True,0.0963,0.0349,False,False,False
0.2,1.0934,0.35,0.35,256,0,0.0079,7.3169,0.0796,7.9379,0.0122,0.0553,0.2712,0.1091,False,True,0.0972,0.0346,False,False,False
0.2,1.0934,0.35,0.35,256,25,0.0084,7.9705,0.0628,6.3341,0.0124,0.0538,0.2771,0.1097,False,True,0.0976,0.034,False,False,False
0.2,1.0934,0.35,0.35,256,50,0.0071,7.8451,0.0441,4.9057,0.0442,0.054,0.2801,0.1085,False,True,0.0967,0.034,False,False,False
0.2,1.0934,0.35,0.35,256,75,0.0063,6.6404,0.0462,4.9255,0.0158,0.0559,0.287,0.1087,False,True,0.0969,0.0335,False,False,False
0.2,1.0934,0.35,0.35,256,100,0.0071,7.8761,0.0369,3.4473,0.0326,0.0612,0.2665,0.1081,False,True,0.0963,0.0334,False,False,False
0.2,1.0934,0.35,0.35,1024,0,0.005,5.1188,0.0732,7.2886,0.0185,0.0556,0.2628,0.1096,False,True,0.0975,0.035,False,False,False
0.2,1.0934,0.35,0.35,1024,25,0.0052,5.78,0.0694,7.1057,0.0063,0.0571,0.2634,0.1093,False,True,0.0973,0.0353,False,False,False
0.2,1.0934,0.35,0.35,1024,50,0.0052,5.3968,0.0659,6.7554,0.0084,0.057,0.2596,0.1094,False,True,0.0974,0.0352,False,False,False
0.2,1.0934,0.35,0.35,1024,75,0.0044,5.2461,0.0542,5.6629,0.0032,0.0575,0.2999,0.1094,False,True,0.0974,0.0351,False,False,False
0.2,1.0934,0.35,0.35,1024,100,0.0041,4.56,0.0527,5.458,0.005,0.0606,0.3013,0.1089,False,True,0.097,0.0354,False,False,False
0.2,1.0934,0.35,0.35,31415,0,0.0066,7.3092,0.072,7.5625,0.0215,0.056,0.2971,0.1091,False,True,0.0971,0.0349,False,False,False
0.2,1.0934,0.35,0.35,31415,25,0.0067,6.3188,0.0561,5.549,0.0017,0.0563,0.3013,0.1089,False,True,0.097,0.0349,False,False,False
0.2,1.0934,0.35,0.35,31415,50,0.0062,6.8446,0.0493,4.8681,0.0169,0.0572,0.2997,0.1095,False,True,0.0974,0.0347,False,False,False
0.2,1.0934,0.35,0.35,31415,75,0.0065,6.8806,0.0467,4.5318,0.0054,0.0566,0.2898,0.1091,False,True,0.0971,0.0342,False,False,False
0.2,1.0934,0.35,0.35,31415,100,0.0061,6.5628,0.0575,5.9373,0.0086,0.0608,0.2909,0.1086,False,True,0.0968,0.0345,False,False,False
0.2,1.5824,0.5,0.5,42,0,0.0107,11.7125,0.0459,4.6249,0.0191,0.0862,0.5161,0.0736,False,True,0.0682,0.0299,False,False,False
0.2,1.5824,0.5,0.5,42,25,0.0102,10.0441,0.0481,4.9436,0.0239,0.073,0.3653,0.0734,False,True,0.0679,0.0297,False,False,False
0.2,1.5824,0.5,0.5,42,50,0.0112,11.6035,0.0695,7.576,0.0358,0.0769,0.3721,0.0742,False,True,0.0686,0.0299,False,False,False
0.2,1.5824,0.5,0.5,42,75,0.0103,10.6348,0.0617,6.2084,0.0149,0.0747,0.3702,0.0746,False,True,0.069,0.0302,False,False,False
0.2,1.5824,0.5,0.5,42,100,0.0099,10.7729,0.0681,6.943,0.0256,0.0641,0.3626,0.0739,False,True,0.0684,0.0302,False,False,False
0.2,1.5824,0.5,0.5,137,0,0.0107,11.6285,0.0801,9.0772,0.0385,0.0762,0.5533,0.073,False,True,0.0677,0.0299,False,False,False
0.2,1.5824,0.5,0.5,137,25,0.0104,10.5263,0.0669,6.2085,0.0089,0.0715,0.3935,0.0722,False,True,0.0669,0.0294,False,False,False
0.2,1.5824,0.5,0.5,137,50,0.0097,9.7949,0.0727,6.962,0.0338,0.0704,0.3939,0.0721,False,True,0.0669,0.0295,False,False,False
0.2,1.5824,0.5,0.5,137,75,0.0091,9.2719,0.0857,8.1356,0.0225,0.0761,0.3761,0.0723,False,True,0.0671,0.03,False,False,False
0.2,1.5824,0.5,0.5,137,100,0.008,8.7368,0.0889,8.7873,0.0297,0.078,0.3753,0.0725,False,True,0.0672,0.0304,False,False,False
0.2,1.5824,0.5,0.5,256,0,0.0102,10.8296,0.0888,8.7616,0.0414,0.0832,0.5541,0.0736,False,True,0.0682,0.0303,False,False,False
0.2,1.5824,0.5,0.5,256,25,0.0106,10.8489,0.0616,6.3925,0.0486,0.0721,0.3612,0.0731,False,True,0.0677,0.0297,False,False,False
0.2,1.5824,0.5,0.5,256,50,0.0095,10.1288,0.0522,5.813,0.0829,0.0687,0.2944,0.072,False,True,0.0668,0.0296,False,False,False
0.2,1.5824,0.5,0.5,256,75,0.009,9.0006,0.0494,5.3837,0.0185,0.0684,0.3183,0.0716,False,True,0.0665,0.0293,False,False,False
0.2,1.5824,0.5,0.5,256,100,0.0101,9.9846,0.0499,4.9216,0.0161,0.071,0.3093,0.0711,False,True,0.0661,0.0287,False,False,False
0.2,1.5824,0.5,0.5,1024,0,0.0082,8.9104,0.08,8.329,0.0255,0.0781,0.5135,0.074,False,True,0.0685,0.0301,False,False,False
0.2,1.5824,0.5,0.5,1024,25,0.0092,10.4545,0.0875,9.0418,0.0123,0.0726,0.349,0.0734,False,True,0.0679,0.0302,False,False,False
0.2,1.5824,0.5,0.5,1024,50,0.0083,8.596,0.0789,8.2224,0.0422,0.0747,0.3467,0.0738,False,True,0.0684,0.0304,False,False,False
0.2,1.5824,0.5,0.5,1024,75,0.0077,8.2418,0.0792,8.2834,0.036,0.0732,0.3354,0.0739,False,True,0.0685,0.0303,False,False,False
0.2,1.5824,0.5,0.5,1024,100,0.0072,6.8853,0.0664,6.3475,0.0138,0.0781,0.3734,0.0739,False,True,0.0684,0.0304,False,False,False
0.2,1.5824,0.5,0.5,31415,0,0.0097,10.1458,0.0728,7.7915,0.0347,0.0816,0.5337,0.0735,False,True,0.068,0.0302,False,False,False
0.2,1.5824,0.5,0.5,31415,25,0.0099,10.0485,0.0583,5.95,0.0124,0.0701,0.3795,0.0727,False,True,0.0674,0.0305,False,False,False
0.2,1.5824,0.5,0.5,31415,50,0.0104,11.2147,0.0506,5.0525,0.0103,0.0718,0.339,0.0732,False,True,0.0678,0.03,False,False,False
0.2,1.5824,0.5,0.5,31415,75,0.0099,10.1932,0.055,6.0007,0.0342,0.0712,0.3389,0.0732,False,True,0.0678,0.0296,False,False,False
0.2,1.5824,0.5,0.5,31415,100,0.0099,10.7082,0.062,6.0049,0.022,0.0737,0.3607,0.0732,False,True,0.0678,0.03,False,False,False
0.2,1.9388,0.6,0.6,42,0,0.0099,10.9666,0.0442,4.6627,0.0506,0.1292,1.0579,0.0533,False,True,0.0504,0.0262,False,False,False
0.2,1.9388,0.6,0.6,42,25,0.0101,9.8527,0.0416,4.3595,0.0419,0.0793,0.4025,0.0527,False,True,0.0499,0.0257,False,False,False
0.2,1.9388,0.6,0.6,42,50,0.0105,11.2147,0.0587,6.3477,0.0295,0.0776,0.3745,0.0534,False,True,0.0505,0.0257,False,False,False
0.2,1.9388,0.6,0.6,42,75,0.0103,10.5529,0.048,5.2646,0.0193,0.0826,0.3936,0.0539,False,True,0.0509,0.0261,False,False,False
0.2,1.9388,0.6,0.6,42,100,0.0096,10.2698,0.0731,6.9152,0.0339,0.0818,0.4147,0.0531,False,True,0.0502,0.0259,False,False,False
0.2,1.9388,0.6,0.6,137,0,0.0095,9.8656,0.0728,7.4502,0.0897,0.1264,1.1294,0.0528,False,True,0.0499,0.0264,False,False,False
0.2,1.9388,0.6,0.6,137,25,0.0096,9.8291,0.066,6.7603,0.0075,0.0891,0.4859,0.0519,False,True,0.0491,0.026,False,False,False
0.2,1.9388,0.6,0.6,137,50,0.0086,8.4341,0.0755,7.3874,0.0213,0.0927,0.4867,0.0518,False,True,0.0491,0.0254,False,False,False
0.2,1.9388,0.6,0.6,137,75,0.0085,8.7496,0.0842,8.3651,0.0468,0.0947,0.4857,0.0519,False,True,0.0492,0.026,False,False,False
0.2,1.9388,0.6,0.6,137,100,0.0081,8.1158,0.0865,9.4243,0.0127,0.0885,0.4384,0.052,False,True,0.0493,0.0262,False,False,False
0.2,1.9388,0.6,0.6,256,0,0.0102,11.1442,0.069,6.7267,0.0705,0.1261,1.0984,0.0528,False,True,0.05,0.0269,False,False,False
0.2,1.9388,0.6,0.6,256,25,0.0104,10.3783,0.0463,4.3432,0.0334,0.0883,0.4329,0.0517,False,True,0.049,0.0262,False,False,False
0.2,1.9388,0.6,0.6,256,50,0.0095,10.0569,0.0567,6.2751,0.07,0.0816,0.435,0.0515,False,True,0.0488,0.026,False,False,False
0.2,1.9388,0.6,0.6,256,75,0.0092,9.8534,0.0513,5.2395,0.0326,0.0797,0.4346,0.0515,False,True,0.0489,0.0257,False,False,False
0.2,1.9388,0.6,0.6,256,100,0.0105,10.9148,0.0531,5.1128,0.0094,0.0779,0.3386,0.0508,False,True,0.0482,0.025,False,False,False
0.2,1.9388,0.6,0.6,1024,0,0.0074,7.8277,0.0694,7.3039,0.0632,0.1228,1.0999,0.0527,False,True,0.0499,0.0257,False,False,False
0.2,1.9388,0.6,0.6,1024,25,0.0081,8.731,0.0677,7.2599,0.0376,0.0762,0.3903,0.0523,False,True,0.0495,0.0261,False,False,False
0.2,1.9388,0.6,0.6,1024,50,0.0081,8.2145,0.0732,7.5024,0.0773,0.0812,0.3873,0.0527,False,True,0.0499,0.0267,False,False,False
0.2,1.9388,0.6,0.6,1024,75,0.0069,7.6425,0.0721,7.1129,0.0466,0.0791,0.3771,0.053,False,True,0.0502,0.0264,False,False,False
0.2,1.9388,0.6,0.6,1024,100,0.0074,7.2829,0.0731,7.6347,0.0254,0.0896,0.4677,0.053,False,True,0.0502,0.0266,False,False,False
0.2,1.9388,0.6,0.6,31415,0,0.0101,9.91,0.0635,6.5762,0.0643,0.1334,1.1747,0.0531,False,True,0.0502,0.0265,False,False,False
0.2,1.9388,0.6,0.6,31415,25,0.0092,9.4118,0.07,7.337,0.0084,0.0862,0.4287,0.0523,False,True,0.0495,0.0263,False,False,False
0.2,1.9388,0.6,0.6,31415,50,0.0086,8.5479,0.0653,7.244,0.0164,0.0906,0.441,0.0526,False,True,0.0498,0.0257,False,False,False
0.2,1.9388,0.6,0.6,31415,75,0.009,9.1263,0.0648,7.1317,0.048,0.0864,0.4413,0.0526,False,True,0.0498,0.026,False,False,False
0.2,1.9388,0.6,0.6,31415,100,0.009,10.0829,0.0638,6.2721,0.0359,0.0837,0.4404,0.0527,False,True,0.0499,0.0264,False,False,False
0.2,2.863,0.8,0.8,42,0,0.0062,6.5229,0.0435,4.3373,0.3248,0.4279,4.134,0.0209,False,False,0.0204,0.0174,True,False,False
0.2,2.863,0.8,0.8,42,25,0.0068,7.0907,0.0391,3.8332,0.0998,0.1374,0.6139,0.0202,False,False,0.0198,0.0168,True,False,False
0.2,2.863,0.8,0.8,42,50,0.0061,6.1087,0.0413,4.5689,0.0926,0.129,0.5884,0.0204,False,False,0.02,0.0168,True,False,False
0.2,2.863,0.8,0.8,42,75,0.0063,6.5966,0.0274,2.8391,0.0302,0.139,0.6994,0.0206,False,False,0.0202,0.0167,True,False,False
0.2,2.863,0.8,0.8,42,100,0.0064,7.7009,0.0348,3.532,0.0819,0.1425,0.7,0.0206,False,False,0.0201,0.0167,True,False,False
0.2,2.863,0.8,0.8,137,0,0.0074,7.0143,0.0403,3.9624,0.2968,0.4055,4.0128,0.0212,False,False,0.0207,0.0174,True,False,False
0.2,2.863,0.8,0.8,137,25,0.0065,7.4564,0.04,4.2791,0.0422,0.1347,0.9041,0.0204,False,False,0.0199,0.0171,True,False,False
0.2,2.863,0.8,0.8,137,50,0.0063,6.7815,0.0524,5.2582,0.0186,0.1418,0.9041,0.0204,False,False,0.0199,0.0168,True,False,False
0.2,2.863,0.8,0.8,137,75,0.0065,7.419,0.0564,6.1715,0.0097,0.139,0.9068,0.0203,False,False,0.0199,0.0173,True,False,False
0.2,2.863,0.8,0.8,137,100,0.0063,6.9547,0.045,4.7981,0.1098,0.1489,0.9156,0.0201,False,False,0.0197,0.0172,True,False,False
0.2,2.863,0.8,0.8,256,0,0.0078,8.2758,0.0584,5.8035,0.1864,0.3963,3.9255,0.0217,False,False,0.0212,0.0174,True,False,False
0.2,2.863,0.8,0.8,256,25,0.008,8.0562,0.0586,5.9427,0.0301,0.1397,0.6765,0.0207,False,False,0.0203,0.0169,True,False,False
0.2,2.863,0.8,0.8,256,50,0.0065,7.1481,0.0341,3.6909,0.1057,0.1342,0.68,0.0206,False,False,0.0202,0.017,True,False,False
0.2,2.863,0.8,0.8,256,75,0.0053,6.1913,0.0273,2.702,0.0878,0.1351,0.6882,0.0203,False,False,0.0199,0.0169,True,False,False
0.2,2.863,0.8,0.8,256,100,0.0063,6.614,0.0235,2.1579,0.0825,0.1281,0.634,0.0202,False,False,0.0198,0.0166,True,False,False
0.2,2.863,0.8,0.8,1024,0,0.0064,7.3121,0.0527,5.3735,0.3138,0.4062,4.0134,0.0214,False,False,0.0209,0.0173,True,False,False
0.2,2.863,0.8,0.8,1024,25,0.0063,6.7399,0.0541,5.3946,0.007,0.1411,0.5931,0.0202,False,False,0.0198,0.0171,True,False,False
0.2,2.863,0.8,0.8,1024,50,0.0049,5.1781,0.0493,4.8765,0.0196,0.139,0.5942,0.0202,False,False,0.0198,0.0172,True,False,False
0.2,2.863,0.8,0.8,1024,75,0.004,4.4075,0.047,4.9562,0.1103,0.1479,0.7244,0.0204,False,False,0.02,0.0173,True,False,False
0.2,2.863,0.8,0.8,1024,100,0.0042,4.1689,0.0446,4.4902,0.0021,0.1427,0.7256,0.0204,False,False,0.02,0.0175,True,False,False
0.2,2.863,0.8,0.8,31415,0,0.0102,10.3638,0.0332,3.162,0.2056,0.4155,4.0306,0.0214,False,False,0.0209,0.0175,True,False,False
0.2,2.863,0.8,0.8,31415,25,0.0083,8.773,0.0484,5.3781,0.0353,0.1561,0.7276,0.0203,False,False,0.0199,0.0168,True,False,False
0.2,2.863,0.8,0.8,31415,50,0.0066,7.5073,0.0455,4.9213,0.0332,0.1515,0.7222,0.0205,False,False,0.0201,0.0169,True,False,False
0.2,2.863,0.8,0.8,31415,75,0.0068,7.2311,0.044,4.6964,0.0171,0.1305,0.6585,0.0207,False,False,0.0202,0.0172,True,False,False
0.2,2.863,0.8,0.8,31415,100,0.0036,4.2524,0.0253,2.6573,0.0486,0.136,0.6672,0.0204,False,False,0.02,0.0168,True,False,False
0.4,-2.2622,-0.8,-0.8,42,0,0.0327,31.3908,-0.1148,-11.4074,0.0177,0.1086,1.4702,0.4443,False,True,0.2446,0.0482,False,False,False
0.4,-2.2622,-0.8,-0.8,42,25,0.0336,32.2537,-0.1077,-11.0269,0.0019,0.0261,0.1266,0.4455,True,True,0.2469,0.0478,False,False,False
0.4,-2.2622,-0.8,-0.8,42,50,0.0339,35.9069,-0.1026,-10.0032,0.002,0.0286,0.131,0.4457,True,True,0.2469,0.0482,False,False,False
0.4,-2.2622,-0.8,-0.8,42,75,0.0346,34.7046,-0.1055,-9.7507,0.0061,0.0282,0.1309,0.4461,True,True,0.2469,0.0473,False,False,False
0.4,-2.2622,-0.8,-0.8,42,100,0.0345,31.8529,-0.1054,-10.9266,0.0016,0.0298,0.1319,0.4458,True,True,0.2469,0.0473,False,False,False
0.4,-2.2622,-0.8,-0.8,137,0,0.0308,33.3818,-0.1035,-10.3885,0.0107,0.1106,1.4586,0.4443,False,True,0.2445,0.0467,False,False,False
0.4,-2.2622,-0.8,-0.8,137,25,0.0312,36.3305,-0.1086,-11.2945,0.002,0.0306,0.1449,0.4443,True,True,0.2467,0.0468,False,False,False
0.4,-2.2622,-0.8,-0.8,137,50,0.0322,34.0407,-0.1032,-10.6955,0.0008,0.0343,0.1655,0.4446,True,True,0.2467,0.047,False,False,False
0.4,-2.2622,-0.8,-0.8,137,75,0.0325,34.4931,-0.1011,-10.36,0.0027,0.0338,0.1653,0.4451,True,True,0.2468,0.0471,False,False,False
0.4,-2.2622,-0.8,-0.8,137,100,0.0326,34.1723,-0.097,-9.6201,0.004,0.0318,0.1655,0.4448,True,True,0.2468,0.0467,False,False,False
0.4,-2.2622,-0.8,-0.8,256,0,0.0328,34.2981,-0.0947,-8.5717,0.0178,0.1099,1.4677,0.4453,False,True,0.2446,0.0459,False,False,False
0.4,-2.2622,-0.8,-0.8,256,25,0.0339,34.9906,-0.0885,-8.569,0.0033,0.0287,0.1381,0.4461,True,True,0.2469,0.0447,False,False,False
0.4,-2.2622,-0.8,-0.8,256,50,0.036,35.1275,-0.0816,-8.7659,0.0113,0.027,0.1319,0.4458,True,True,0.2469,0.0449,False,False,False
0.4,-2.2622,-0.8,-0.8,256,75,0.034,33.6131,-0.1033,-10.4238,0.0117,0.0268,0.1322,0.4448,True,True,0.2468,0.0466,False,False,False
0.4,-2.2622,-0.8,-0.8,256,100,0.0338,32.048,-0.103,-10.1645,0.0037,0.0283,0.124,0.445,True,True,0.2468,0.0477,False,False,False
0.4,-2.2622,-0.8,-0.8,1024,0,0.0336,33.7506,-0.0849,-8.373,0.0089,0.1085,1.47,0.4444,False,True,0.2446,0.046,False,False,False
0.4,-2.2622,-0.8,-0.8,1024,25,0.0344,33.3955,-0.0895,-9.0576,0.0014,0.0223,0.107,0.4449,True,True,0.2469,0.0463,False,False,False
0.4,-2.2622,-0.8,-0.8,1024,50,0.0333,34.907,-0.099,-9.509,0.0032,0.0229,0.107,0.4447,True,True,0.2468,0.047,False,False,False
0.4,-2.2622,-0.8,-0.8,1024,75,0.0327,33.812,-0.1078,-10.7811,0.0048,0.0238,0.1247,0.4458,True,True,0.2469,0.0468,False,False,False
0.4,-2.2622,-0.8,-0.8,1024,100,0.0325,32.7284,-0.1026,-10.6444,0.0016,0.0237,0.1249,0.4453,True,True,0.2469,0.0477,False,False,False
0.4,-2.2622,-0.8,-0.8,31415,0,0.0305,31.9963,-0.0967,-10.057,0.0187,0.1131,1.4879,0.4431,False,True,0.2442,0.0463,False,False,False
0.4,-2.2622,-0.8,-0.8,31415,25,0.032,33.4253,-0.093,-9.4635,0.0035,0.0294,0.1377,0.4445,True,True,0.2468,0.0466,False,False,False
0.4,-2.2622,-0.8,-0.8,31415,50,0.0327,32.6197,-0.0977,-10.2295,0.0063,0.0289,0.1376,0.4446,True,True,0.2468,0.0473,False,False,False
0.4,-2.2622,-0.8,-0.8,31415,75,0.0335,32.886,-0.097,-10.0832,0.0016,0.0279,0.126,0.4445,True,True,0.2468,0.0475,False,False,False
0.4,-2.2622,-0.8,-0.8,31415,100,0.034,33.8928,-0.1009,-9.805,0.0003,0.0283,0.126,0.4445,True,True,0.2468,0.0467,False,False,False
0.4,-1.4355,-0.6,-0.6,42,0,0.014,14.9279,-0.0835,-8.0282,0.0259,0.0942,1.2498,0.4298,False,True,0.2434,0.0488,False,False,False
0.4,-1.4355,-0.6,-0.6,42,25,0.0154,16.0084,-0.0758,-8.1012,0.0035,0.025,0.1269,0.4318,True,True,0.2452,0.0482,False,False,False
0.4,-1.4355,-0.6,-0.6,42,50,0.0154,16.1965,-0.0694,-7.1974,0.0052,0.0271,0.1361,0.4321,True,True,0.2453,0.0485,False,False,False
0.4,-1.4355,-0.6,-0.6,42,75,0.0155,15.1323,-0.0779,-7.2206,0.0047,0.0258,0.136,0.4324,True,True,0.2453,0.0484,False,False,False
0.4,-1.4355,-0.6,-0.6,42,100,0.0159,15.2216,-0.0817,-7.8409,0.0011,0.0281,0.136,0.4323,True,True,0.2453,0.0482,False,False,False
0.4,-1.4355,-0.6,-0.6,137,0,0.0136,15.5226,-0.0815,-8.5187,0.0191,0.0955,1.2548,0.43,False,True,0.2434,0.0473,False,False,False
0.4,-1.4355,-0.6,-0.6,137,25,0.0141,16.2757,-0.0834,-8.1524,0.0053,0.0259,0.1122,0.4313,True,True,0.2452,0.0476,False,False,False
0.4,-1.4355,-0.6,-0.6,137,50,0.0151,15.2129,-0.0866,-8.5301,0.0026,0.0291,0.1381,0.4314,True,True,0.2451,0.0476,False,False,False
0.4,-1.4355,-0.6,-0.6,137,75,0.0149,15.5891,-0.0805,-8.4081,0.0048,0.0282,0.1381,0.4316,True,True,0.2452,0.0476,False,False,False
0.4,-1.4355,-0.6,-0.6,137,100,0.0147,15.4048,-0.0744,-7.0612,0.001,0.0271,0.1381,0.4314,True,True,0.2452,0.047,False,False,False
0.4,-1.4355,-0.6,-0.6,256,0,0.0144,15.1139,-0.0686,-6.3617,0.0245,0.097,1.284,0.4312,False,True,0.2435,0.0462,False,False,False
0.4,-1.4355,-0.6,-0.6,256,25,0.0146,15.9214,-0.0628,-5.9969,0.0022,0.0247,0.1119,0.4327,True,True,0.2454,0.0455,False,False,False
0.4,-1.4355,-0.6,-0.6,256,50,0.0163,15.8216,-0.0569,-6.1129,0.0149,0.0246,0.112,0.432,True,True,0.2453,0.0461,False,False,False
0.4,-1.4355,-0.6,-0.6,256,75,0.0153,16.0476,-0.0773,-7.6611,0.014,0.0248,0.1383,0.4309,True,True,0.2451,0.0476,False,False,False
0.4,-1.4355,-0.6,-0.6,256,100,0.0154,14.0683,-0.0812,-7.4883,0.0021,0.0277,0.1429,0.4311,True,True,0.2451,0.0488,False,False,False
0.4,-1.4355,-0.6,-0.6,1024,0,0.0154,15.076,-0.0676,-7.1571,0.0169,0.0952,1.2713,0.4301,False,True,0.2434,0.0468,False,False,False
0.4,-1.4355,-0.6,-0.6,1024,25,0.0165,15.9199,-0.0699,-6.8208,0.002,0.0214,0.0982,0.4317,True,True,0.2452,0.0471,False,False,False
0.4,-1.4355,-0.6,-0.6,1024,50,0.0155,14.9776,-0.073,-7.277,0.0075,0.0214,0.0983,0.4315,True,True,0.2452,0.0474,False,False,False
0.4,-1.4355,-0.6,-0.6,1024,75,0.0147,15.5262,-0.0799,-7.5978,0.0069,0.0234,0.1211,0.4328,True,True,0.2454,0.0464,False,False,False
0.4,-1.4355,-0.6,-0.6,1024,100,0.0145,13.9948,-0.0838,-8.5156,0.0067,0.0234,0.1212,0.4324,True,True,0.2453,0.0475,False,False,False
0.4,-1.4355,-0.6,-0.6,31415,0,0.012,12.1048,-0.0649,-6.4484,0.0287,0.0985,1.2979,0.4287,False,True,0.2431,0.0459,False,False,False
0.4,-1.4355,-0.6,-0.6,31415,25,0.0133,14.2095,-0.0698,-7.1296,0.0041,0.0244,0.1253,0.431,True,True,0.2451,0.0469,False,False,False
0.4,-1.4355,-0.6,-0.6,31415,50,0.0138,14.5395,-0.0818,-7.943,0.0072,0.0256,0.1318,0.431,True,True,0.2451,0.048,False,False,False
0.4,-1.4355,-0.6,-0.6,31415,75,0.0144,14.5252,-0.0815,-8.8739,0.0002,0.0253,0.1226,0.4306,True,True,0.2451,0.0486,False,False,False
0.4,-1.4355,-0.6,-0.6,31415,100,0.0151,15.9838,-0.0821,-8.1232,0.001,0.0263,0.1226,0.4306,True,True,0.2451,0.0475,False,False,False
0.4,-1.1398,-0.5,-0.5,42,0,0.0079,8.7059,-0.0736,-7.2373,0.0281,0.0894,1.1562,0.4241,False,True,0.2428,0.0491,False,False,False
0.4,-1.1398,-0.5,-0.5,42,25,0.0097,10.4201,-0.069,-7.1342,0.0056,0.0253,0.1482,0.4264,True,True,0.2445,0.0484,False,False,False
0.4,-1.1398,-0.5,-0.5,42,50,0.0103,10.6656,-0.0618,-6.3825,0.0065,0.0272,0.1481,0.4268,True,True,0.2445,0.0487,False,False,False
0.4,-1.1398,-0.5,-0.5,42,75,0.0106,10.3067,-0.0685,-6.3537,0.0046,0.0246,0.1283,0.4271,True,True,0.2446,0.0484,False,False,False
0.4,-1.1398,-0.5,-0.5,42,100,0.0111,10.9115,-0.0669,-6.355,0.003,0.0268,0.1284,0.4268,True,True,0.2445,0.0479,False,False,False
0.4,-1.1398,-0.5,-0.5,137,0,0.0091,9.8993,-0.0695,-7.2709,0.0187,0.0903,1.1642,0.4243,False,True,0.2428,0.0474,False,False,False
0.4,-1.1398,-0.5,-0.5,137,25,0.0093,10.4974,-0.0696,-6.8889,0.0032,0.0257,0.1241,0.4256,True,True,0.2443,0.0476,False,False,False
0.4,-1.1398,-0.5,-0.5,137,50,0.0104,10.8936,-0.0728,-7.0886,0.0033,0.0291,0.1438,0.4256,True,True,0.2443,0.0481,False,False,False
0.4,-1.1398,-0.5,-0.5,137,75,0.0102,10.7503,-0.0678,-6.8011,0.0034,0.0287,0.1437,0.4259,True,True,0.2444,0.0477,False,False,False
0.4,-1.1398,-0.5,-0.5,137,100,0.01,10.4058,-0.0609,-5.8096,0.0001,0.0277,0.1437,0.4258,True,True,0.2444,0.047,False,False,False
0.4,-1.1398,-0.5,-0.5,256,0,0.0098,10.0365,-0.0584,-5.5092,0.0289,0.0914,1.1886,0.4257,False,True,0.243,0.0459,False,False,False
0.4,-1.1398,-0.5,-0.5,256,25,0.0097,10.6253,-0.0533,-5.2632,0.0059,0.0238,0.1104,0.4274,True,True,0.2446,0.0455,False,False,False
0.4,-1.1398,-0.5,-0.5,256,50,0.0115,11.2006,-0.0504,-5.2554,0.0167,0.0239,0.0994,0.4265,True,True,0.2445,0.0465,False,False,False
0.4,-1.1398,-0.5,-0.5,256,75,0.0101,10.4708,-0.0693,-6.709,0.0145,0.0242,0.1194,0.4254,True,True,0.2443,0.0479,False,False,False
0.4,-1.1398,-0.5,-0.5,256,100,0.0098,8.9885,-0.0708,-6.7396,0.001,0.0265,0.1251,0.4253,True,True,0.2443,0.0487,False,False,False
0.4,-1.1398,-0.5,-0.5,1024,0,0.01,10.1686,-0.0584,-6.0702,0.0189,0.0901,1.1837,0.4244,False,True,0.2428,0.0474,False,False,False
0.4,-1.1398,-0.5,-0.5,1024,25,0.0109,10.7036,-0.0586,-5.8575,0.003,0.0207,0.0976,0.4262,True,True,0.2445,0.0478,False,False,False
0.4,-1.1398,-0.5,-0.5,1024,50,0.0099,9.7184,-0.062,-6.2516,0.0072,0.0209,0.0948,0.4262,True,True,0.2445,0.0483,False,False,False
0.4,-1.1398,-0.5,-0.5,1024,75,0.0092,9.7926,-0.0693,-6.7851,0.0096,0.0228,0.101,0.4275,True,True,0.2447,0.0473,False,False,False
0.4,-1.1398,-0.5,-0.5,1024,100,0.0093,9.1327,-0.0711,-6.6179,0.006,0.0233,0.1077,0.4273,True,True,0.2446,0.0479,False,False,False
0.4,-1.1398,-0.5,-0.5,31415,0,0.0073,7.282,-0.0565,-5.6284,0.0352,0.0934,1.2166,0.4228,False,True,0.2425,0.0466,False,False,False
0.4,-1.1398,-0.5,-0.5,31415,25,0.0086,8.9053,-0.0643,-6.3838,0.0061,0.0223,0.126,0.4255,True,True,0.2444,0.0476,False,False,False
0.4,-1.1398,-0.5,-0.5,31415,50,0.0089,9.2079,-0.0678,-6.677,0.0068,0.0235,0.1175,0.4255,True,True,0.2444,0.0484,False,False,False
0.4,-1.1398,-0.5,-0.5,31415,75,0.0092,9.9487,-0.0699,-7.5409,0.0005,0.0239,0.1138,0.4254,True,True,0.2443,0.0485,False,False,False
0.4,-1.1398,-0.5,-0.5,31415,100,0.0096,10.4979,-0.0706,-6.749,0.0006,0.0248,0.1138,0.4252,True,True,0.2443,0.0479,False,False,False
0.4,-0.7599,-0.35,-0.35,42,0,0.0034,3.6613,-0.0515,-5.1068,0.032,0.0838,1.0247,0.4161,False,True,0.2418,0.0491,False,False,False
0.4,-0.7599,-0.35,-0.35,42,25,0.0043,4.8309,-0.0479,-4.9068,0.0022,0.024,0.1405,0.4184,True,True,0.2432,0.0485,False,False,False
0.4,-0.7599,-0.35,-0.35,42,50,0.005,5.6129,-0.0465,-4.8221,0.0071,0.0257,0.1423,0.4189,True,True,0.2433,0.0492,False,False,False
0.4,-0.7599,-0.35,-0.35,42,75,0.005,4.9357,-0.0529,-5.3093,0.0032,0.0235,0.1269,0.4192,True,True,0.2434,0.0488,False,False,False
0.4,-0.7599,-0.35,-0.35,42,100,0.0053,5.3139,-0.0492,-4.6756,0.0005,0.0255,0.1269,0.4191,True,True,0.2433,0.0482,False,False,False
0.4,-0.7599,-0.35,-0.35,137,0,0.0043,5.2251,-0.0535,-5.3644,0.0266,0.0844,1.0279,0.4164,False,True,0.2418,0.0475,False,False,False
0.4,-0.7599,-0.35,-0.35,137,25,0.0046,5.3067,-0.0542,-5.4419,0.004,0.0256,0.1215,0.418,True,True,0.2432,0.0479,False,False,False
0.4,-0.7599,-0.35,-0.35,137,50,0.0056,6.131,-0.0595,-5.9191,0.0005,0.0269,0.1253,0.4181,True,True,0.2432,0.0485,False,False,False
0.4,-0.7599,-0.35,-0.35,137,75,0.0054,6.0099,-0.0539,-5.418,0.0041,0.0263,0.1253,0.4184,True,True,0.2432,0.0479,False,False,False
0.4,-0.7599,-0.35,-0.35,137,100,0.0052,5.612,-0.0492,-4.679,0.0011,0.0253,0.1253,0.4182,True,True,0.2432,0.0478,False,False,False
0.4,-0.7599,-0.35,-0.35,256,0,0.0043,4.7091,-0.0378,-3.5344,0.0351,0.0857,1.0592,0.4177,False,True,0.2419,0.046,False,False,False
0.4,-0.7599,-0.35,-0.35,256,25,0.0041,4.487,-0.0341,-3.5125,0.0061,0.0247,0.0972,0.4196,True,True,0.2434,0.0459,False,False,False
0.4,-0.7599,-0.35,-0.35,256,50,0.0051,5.1875,-0.0292,-2.9848,0.0193,0.0244,0.1013,0.4186,True,True,0.2433,0.0464,False,False,False
0.4,-0.7599,-0.35,-0.35,256,75,0.0041,4.3661,-0.0453,-4.217,0.0141,0.0253,0.1331,0.4178,True,True,0.2431,0.0474,False,False,False
0.4,-0.7599,-0.35,-0.35,256,100,0.0039,3.6018,-0.048,-4.3029,0.0043,0.0255,0.1331,0.4177,True,True,0.2431,0.0486,False,False,False
0.4,-0.7599,-0.35,-0.35,1024,0,0.0043,4.4553,-0.0419,-4.2806,0.0254,0.0845,1.0537,0.4164,False,True,0.2418,0.0481,False,False,False
0.4,-0.7599,-0.35,-0.35,1024,25,0.0053,5.5735,-0.0425,-3.9898,0.0035,0.021,0.0975,0.4186,True,True,0.2433,0.0484,False,False,False
0.4,-0.7599,-0.35,-0.35,1024,50,0.0052,5.1313,-0.0458,-4.7765,0.0094,0.0219,0.0984,0.4187,True,True,0.2433,0.0486,False,False,False
0.4,-0.7599,-0.35,-0.35,1024,75,0.0044,5.0029,-0.0504,-4.9124,0.0098,0.0237,0.119,0.42,True,True,0.2435,0.048,False,False,False
0.4,-0.7599,-0.35,-0.35,1024,100,0.0041,4.3107,-0.0527,-4.9854,0.0088,0.0239,0.1192,0.4195,True,True,0.2434,0.0485,False,False,False
0.4,-0.7599,-0.35,-0.35,31415,0,0.0024,2.6853,-0.0403,-4.1839,0.0408,0.0861,1.0653,0.4149,False,True,0.2415,0.0475,False,False,False
0.4,-0.7599,-0.35,-0.35,31415,25,0.0037,4.0624,-0.0467,-4.6144,0.0045,0.0226,0.132,0.418,True,True,0.2432,0.0482,False,False,False
0.4,-0.7599,-0.35,-0.35,31415,50,0.0038,3.9928,-0.0543,-5.375,0.0069,0.0231,0.1168,0.4179,True,True,0.2432,0.0484,False,False,False
0.4,-0.7599,-0.35,-0.35,31415,75,0.0039,4.3308,-0.0584,-6.3705,0.0007,0.0236,0.1082,0.4177,True,True,0.2431,0.0487,False,False,False
0.4,-0.7599,-0.35,-0.35,31415,100,0.0043,4.9111,-0.0535,-5.2366,0.0006,0.0251,0.1082,0.4177,True,True,0.2431,0.048,False,False,False
0.4,-0.4221,-0.2,-0.2,42,0,0.0004,0.727,-0.0375,-3.7338,0.0409,0.08,0.8963,0.4079,False,True,0.2404,0.0499,False,False,False
0.4,-0.4221,-0.2,-0.2,42,25,0.0009,1.3953,-0.0372,-3.6768,0.0046,0.023,0.1276,0.4107,True,True,0.2419,0.0493,False,False,False
0.4,-0.4221,-0.2,-0.2,42,50,0.002,2.3812,-0.0263,-2.7499,0.009,0.0243,0.1273,0.4115,True,True,0.2421,0.0495,False,False,False
0.4,-0.4221,-0.2,-0.2,42,75,0.0023,2.4608,-0.0397,-3.886,0.0054,0.0229,0.1186,0.4116,True,True,0.2421,0.0493,False,False,False
0.4,-0.4221,-0.2,-0.2,42,100,0.0025,2.7311,-0.0357,-3.3776,0.0009,0.0251,0.1186,0.4115,True,True,0.2421,0.0486,False,False,False
0.4,-0.4221,-0.2,-0.2,137,0,0.0011,1.6227,-0.0337,-3.1701,0.0304,0.0806,0.8967,0.4086,False,True,0.2406,0.0477,False,False,False
0.4,-0.4221,-0.2,-0.2,137,25,0.0015,2.0008,-0.0387,-3.9918,0.0057,0.0247,0.1053,0.4103,True,True,0.2418,0.0481,False,False,False
0.4,-0.4221,-0.2,-0.2,137,50,0.0029,3.3994,-0.0414,-4.1477,0.0019,0.0252,0.1102,0.4103,True,True,0.2419,0.049,False,False,False
0.4,-0.4221,-0.2,-0.2,137,75,0.0031,3.6675,-0.0313,-3.1578,0.0051,0.0254,0.113,0.4107,True,True,0.2419,0.0481,False,False,False
0.4,-0.4221,-0.2,-0.2,137,100,0.0031,3.429,-0.026,-2.4404,0.0046,0.0245,0.113,0.4105,True,True,0.2419,0.0479,False,False,False
0.4,-0.4221,-0.2,-0.2,256,0,0.0015,1.7918,-0.0198,-1.8047,0.0439,0.0814,0.9219,0.41,False,True,0.2408,0.0465,False,False,True
0.4,-0.4221,-0.2,-0.2,256,25,0.0017,2.1981,-0.0189,-1.9016,0.0072,0.0244,0.1018,0.4125,True,True,0.2422,0.0465,False,False,False
0.4,-0.4221,-0.2,-0.2,256,50,0.0026,2.7659,-0.0108,-1.0754,0.0207,0.024,0.0982,0.4114,True,True,0.242,0.0467,False,False,False
0.4,-0.4221,-0.2,-0.2,256,75,0.0013,1.7455,-0.0288,-2.7329,0.0166,0.0252,0.1247,0.4106,True,True,0.2419,0.0481,False,False,False
0.4,-0.4221,-0.2,-0.2,256,100,0.0009,0.9951,-0.0347,-3.1838,0.0031,0.0255,0.1258,0.4103,True,True,0.2418,0.0492,False,False,False
0.4,-0.4221,-0.2,-0.2,1024,0,0.0013,1.6927,-0.022,-2.2025,0.0297,0.0804,0.9268,0.4083,False,True,0.2405,0.0481,False,False,False
0.4,-0.4221,-0.2,-0.2,1024,25,0.0021,2.5185,-0.0267,-2.512,0.0055,0.021,0.0954,0.4109,True,True,0.242,0.0485,False,False,False
0.4,-0.4221,-0.2,-0.2,1024,50,0.0018,2.1168,-0.0319,-3.256,0.0118,0.0214,0.0983,0.4112,True,True,0.242,0.0486,False,False,False
0.4,-0.4221,-0.2,-0.2,1024,75,0.0013,1.7128,-0.0382,-3.6798,0.0115,0.0234,0.1192,0.4127,True,True,0.2423,0.0482,False,False,False
0.4,-0.4221,-0.2,-0.2,1024,100,0.0012,1.5067,-0.0339,-3.1226,0.0114,0.024,0.1194,0.4122,True,True,0.2422,0.0486,False,False,False
0.4,-0.4221,-0.2,-0.2,31415,0,-0.0004,0.0774,-0.019,-2.0281,0.047,0.0821,0.9373,0.4067,False,True,0.2402,0.0478,False,False,False
0.4,-0.4221,-0.2,-0.2,31415,25,0.0009,1.4005,-0.0267,-2.5042,0.0055,0.0233,0.1316,0.4104,True,True,0.2419,0.0485,False,False,False
0.4,-0.4221,-0.2,-0.2,31415,50,0.0013,1.624,-0.0407,-4.0575,0.0059,0.0237,0.1082,0.4103,True,True,0.2419,0.0485,False,False,False
0.4,-0.4221,-0.2,-0.2,31415,75,0.0017,2.2926,-0.0436,-4.7182,0.0027,0.024,0.1112,0.4102,True,True,0.2418,0.049,False,False,False
0.4,-0.4221,-0.2,-0.2,31415,100,0.0017,2.1271,-0.039,-3.8624,0.0011,0.0251,0.1111,0.4103,True,True,0.2419,0.0481,False,False,False
0.4,-0.209,-0.1,-0.1,42,0,-0.0004,-0.0973,-0.0247,-2.5181,0.0439,0.079,0.8144,0.4023,False,True,0.2394,0.0501,False,False,False
0.4,-0.209,-0.1,-0.1,42,25,0.0001,0.5284,-0.0228,-2.116,0.0036,0.0234,0.1194,0.4053,True,True,0.2409,0.0495,False,False,False
0.4,-0.209,-0.1,-0.1,42,50,0.0008,1.2937,-0.0121,-1.3051,0.0092,0.024,0.1182,0.4061,True,True,0.2411,0.0499,False,False,True
0.4,-0.209,-0.1,-0.1,42,75,0.001,1.304,-0.024,-2.334,0.0049,0.023,0.1142,0.4062,True,True,0.2411,0.0493,False,False,False
0.4,-0.209,-0.1,-0.1,42,100,0.001,1.3024,-0.0231,-2.1633,0.0028,0.0253,0.1192,0.406,True,True,0.2411,0.0489,False,False,False
0.4,-0.209,-0.1,-0.1,137,0,0.0001,0.5935,-0.0175,-1.5904,0.0318,0.0794,0.8338,0.4035,False,True,0.2397,0.0482,False,False,True
0.4,-0.209,-0.1,-0.1,137,25,0.0004,0.7385,-0.0224,-2.2894,0.0028,0.0244,0.1007,0.4051,True,True,0.2409,0.0484,False,False,False
0.4,-0.209,-0.1,-0.1,137,50,0.0016,2.0395,-0.029,-2.9385,0.0028,0.0252,0.1175,0.4051,True,True,0.2409,0.0493,False,False,False
0.4,-0.209,-0.1,-0.1,137,75,0.0019,2.5564,-0.0212,-2.1014,0.0031,0.0256,0.1174,0.4055,True,True,0.241,0.0482,False,False,False
0.4,-0.209,-0.1,-0.1,137,100,0.0017,2.0892,-0.0152,-1.3921,0.0065,0.0247,0.1174,0.4054,True,True,0.2409,0.048,False,False,False
0.4,-0.209,-0.1,-0.1,256,0,0.0001,0.4035,-0.0089,-0.8026,0.0447,0.0802,0.8422,0.4046,False,True,0.2399,0.0467,False,False,True
0.4,-0.209,-0.1,-0.1,256,25,0.0001,0.5416,-0.0066,-0.6321,0.0095,0.0254,0.1081,0.4069,True,True,0.2412,0.047,False,False,True
0.4,-0.209,-0.1,-0.1,256,50,0.0007,0.9876,0.0034,0.4106,0.0237,0.0245,0.1005,0.4058,True,True,0.241,0.0471,False,False,True
0.4,-0.209,-0.1,-0.1,256,75,-0.0002,0.2281,-0.0156,-1.4637,0.0163,0.025,0.1225,0.405,True,True,0.2409,0.0483,False,False,True
0.4,-0.209,-0.1,-0.1,256,100,-0.0005,-0.2244,-0.0208,-1.8989,0.0058,0.0253,0.1206,0.4047,True,True,0.2408,0.0493,False,False,True
0.4,-0.209,-0.1,-0.1,1024,0,0.0004,0.7864,-0.0084,-0.7429,0.034,0.0791,0.8528,0.4024,False,True,0.2395,0.0482,False,False,True
0.4,-0.209,-0.1,-0.1,1024,25,0.0012,1.6113,-0.0161,-1.4332,0.0098,0.0209,0.0967,0.4054,True,True,0.241,0.0485,False,False,True
0.4,-0.209,-0.1,-0.1,1024,50,0.0009,1.2501,-0.0211,-2.1489,0.0146,0.0213,0.0966,0.4059,True,True,0.2411,0.0489,False,False,False
0.4,-0.209,-0.1,-0.1,1024,75,0.0002,0.5366,-0.0246,-2.3159,0.0107,0.0233,0.1227,0.4075,True,True,0.2414,0.0484,False,False,False
0.4,-0.209,-0.1,-0.1,1024,100,0.0002,0.5866,-0.0253,-2.358,0.0165,0.0245,0.1229,0.4067,True,True,0.2412,0.0488,False,False,False
0.4,-0.209,-0.1,-0.1,31415,0,-0.0015,-0.941,-0.0024,-0.2982,0.0498,0.0806,0.8544,0.4012,False,True,0.2392,0.048,False,False,True
0.4,-0.209,-0.1,-0.1,31415,25,-0.0002,0.2416,-0.0086,-0.6764,0.0044,0.0241,0.1373,0.4051,True,True,0.2409,0.0488,False,False,True
0.4,-0.209,-0.1,-0.1,31415,50,-0.0001,0.2423,-0.0238,-2.3246,0.0078,0.0246,0.1205,0.405,True,True,0.2409,0.0486,False,False,False
0.4,-0.209,-0.1,-0.1,31415,75,0.0002,0.663,-0.0263,-2.832,0.0022,0.0245,0.1127,0.4046,True,True,0.2408,0.0491,False,False,False
0.4,-0.209,-0.1,-0.1,31415,100,0.0002,0.5389,-0.0246,-2.3939,0.0015,0.0257,0.1126,0.4049,True,True,0.2408,0.0482,False,False,False
0.4,-0.1042,-0.05,-0.05,42,0,-0.0007,-0.3283,-0.0175,-1.7395,0.0453,0.0788,0.8121,0.3995,False,True,0.2389,0.0504,False,False,True
0.4,-0.1042,-0.05,-0.05,42,25,-0.0002,0.3101,-0.0145,-1.3066,0.0028,0.0233,0.1162,0.4026,True,True,0.2404,0.0498,False,False,True
0.4,-0.1042,-0.05,-0.05,42,50,0.0005,0.9856,-0.0056,-0.6119,0.0098,0.024,0.117,0.4034,True,True,0.2406,0.0501,False,False,True
0.4,-0.1042,-0.05,-0.05,42,75,0.0007,1.073,-0.019,-1.8064,0.0064,0.0235,0.1209,0.4035,True,True,0.2406,0.0495,False,False,True
0.4,-0.1042,-0.05,-0.05,42,100,0.0008,1.1288,-0.0181,-1.658,0.0047,0.0257,0.123,0.4032,True,True,0.2405,0.0491,False,False,True
0.4,-0.1042,-0.05,-0.05,137,0,-0.0001,0.3209,-0.0096,-0.8207,0.0334,0.079,0.8071,0.4004,False,True,0.2391,0.0483,False,False,True
0.4,-0.1042,-0.05,-0.05,137,25,-0.0,0.3524,-0.0141,-1.4887,0.0037,0.0243,0.1044,0.4022,True,True,0.2403,0.0487,False,False,True
0.4,-0.1042,-0.05,-0.05,137,50,0.0013,1.764,-0.0153,-1.5661,0.0018,0.0254,0.1134,0.4023,True,True,0.2403,0.0496,False,False,True
0.4,-0.1042,-0.05,-0.05,137,75,0.0017,2.2894,-0.0138,-1.3485,0.0034,0.0259,0.1132,0.4027,True,True,0.2404,0.0485,False,False,False
0.4,-0.1042,-0.05,-0.05,137,100,0.0014,1.7619,-0.0098,-0.8505,0.0056,0.0249,0.1133,0.4026,True,True,0.2404,0.0481,False,False,True
0.4,-0.1042,-0.05,-0.05,256,0,-0.0,0.282,-0.0018,-0.17,0.0469,0.0797,0.8229,0.4015,False,True,0.2393,0.0467,False,False,True
0.4,-0.1042,-0.05,-0.05,256,25,-0.0001,0.359,-0.0007,0.0179,0.0086,0.0256,0.1178,0.4041,True,True,0.2407,0.0467,False,False,True
0.4,-0.1042,-0.05,-0.05,256,50,0.0006,0.956,0.0093,1.0216,0.0238,0.0246,0.1052,0.4029,True,True,0.2405,0.0471,False,False,True
0.4,-0.1042,-0.05,-0.05,256,75,-0.0002,0.2564,-0.0099,-0.9308,0.0168,0.0251,0.1224,0.4021,True,True,0.2403,0.0485,False,False,True
0.4,-0.1042,-0.05,-0.05,256,100,-0.0004,-0.189,-0.0137,-1.2157,0.0059,0.0252,0.1224,0.4019,True,True,0.2403,0.0496,False,False,True
0.4,-0.1042,-0.05,-0.05,1024,0,-0.0001,0.3053,-0.0029,-0.2153,0.0366,0.0787,0.828,0.3995,False,True,0.2389,0.0484,False,False,True
0.4,-0.1042,-0.05,-0.05,1024,25,0.0009,1.3337,-0.008,-0.6787,0.0077,0.0215,0.0993,0.4026,True,True,0.2404,0.0489,False,False,True
0.4,-0.1042,-0.05,-0.05,1024,50,0.0007,1.0905,-0.0105,-1.0895,0.0113,0.0213,0.0983,0.4029,True,True,0.2405,0.0491,False,False,True
0.4,-0.1042,-0.05,-0.05,1024,75,-0.0001,0.2465,-0.0138,-1.2605,0.0108,0.0234,0.1236,0.4044,True,True,0.2408,0.0484,False,False,True
0.4,-0.1042,-0.05,-0.05,1024,100,-0.0,0.3784,-0.0161,-1.4809,0.0166,0.0246,0.1239,0.4036,True,True,0.2406,0.0489,False,False,True
0.4,-0.1042,-0.05,-0.05,31415,0,-0.0015,-1.0198,0.0057,0.5579,0.0533,0.0801,0.8296,0.3983,False,True,0.2386,0.0483,False,False,True
0.4,-0.1042,-0.05,-0.05,31415,25,-0.0004,0.0534,-0.0032,-0.1654,0.0034,0.0242,0.1342,0.4023,True,True,0.2404,0.0491,False,False,True
0.4,-0.1042,-0.05,-0.05,31415,50,-0.0,0.3165,-0.0182,-1.7368,0.0084,0.0245,0.1283,0.4022,True,True,0.2403,0.0489,False,False,True
0.4,-0.1042,-0.05,-0.05,31415,75,0.0,0.4983,-0.0217,-2.3468,0.0021,0.0246,0.1215,0.4017,True,True,0.2402,0.0492,False,False,False
0.4,-0.1042,-0.05,-0.05,31415,100,-0.0002,0.1662,-0.0206,-1.9979,0.0012,0.026,0.1214,0.4019,True,True,0.2403,0.0484,False,False,True
0.4,0.0,0.0,0.0,42,0,-0.0007,-0.3675,-0.01,-0.958,0.0465,0.0786,0.8117,0.3962,False,True,0.2383,0.0504,False,False,True
0.4,0.0,0.0,0.0,42,25,-0.0001,0.3241,-0.0099,-0.8383,0.0023,0.023,0.1181,0.3996,True,True,0.2398,0.0497,False,False,True
0.4,0.0,0.0,0.0,42,50,0.0006,0.9968,-0.0015,-0.1846,0.0098,0.0241,0.1219,0.4002,True,True,0.24,0.0499,False,False,True
0.4,0.0,0.0,0.0,42,75,0.0003,0.7426,-0.0162,-1.5453,0.006,0.0238,0.1269,0.4003,True,True,0.24,0.0495,False,False,True
0.4,0.0,0.0,0.0,42,100,0.0006,0.959,-0.0135,-1.2436,0.0045,0.0261,0.128,0.4,True,True,0.2399,0.0493,False,False,True
0.4,0.0,0.0,0.0,137,0,-0.0,0.4043,-0.0056,-0.4277,0.0346,0.0785,0.803,0.3975,False,True,0.2385,0.0486,False,False,True
0.4,0.0,0.0,0.0,137,25,0.0,0.4041,-0.0079,-0.8161,0.0025,0.024,0.1062,0.3993,True,True,0.2398,0.0489,False,False,True
0.4,0.0,0.0,0.0,137,50,0.0013,1.8018,-0.0071,-0.7696,0.0028,0.0253,0.1172,0.3993,True,True,0.2398,0.0497,False,False,True
0.4,0.0,0.0,0.0,137,75,0.0016,2.3239,-0.0055,-0.4713,0.0039,0.026,0.1171,0.3996,True,True,0.2398,0.0486,False,False,False
0.4,0.0,0.0,0.0,137,100,0.0014,1.7626,0.0005,0.1983,0.0066,0.0249,0.1171,0.3996,True,True,0.2398,0.0483,False,False,True
0.4,0.0,0.0,0.0,256,0,-0.0006,-0.2213,0.0039,0.372,0.0497,0.0795,0.8131,0.3985,False,True,0.2387,0.047,False,False,True
0.4,0.0,0.0,0.0,256,25,-0.0005,-0.0536,0.0052,0.6138,0.008,0.0254,0.1126,0.4013,True,True,0.2402,0.0468,False,False,True
0.4,0.0,0.0,0.0,256,50,0.0004,0.6777,0.0192,2.0406,0.0247,0.0244,0.1069,0.4002,True,True,0.2399,0.0471,False,False,False
0.4,0.0,0.0,0.0,256,75,-0.0004,0.0955,-0.0015,-0.1411,0.0177,0.0251,0.1262,0.3993,True,True,0.2398,0.0485,False,False,True
0.4,0.0,0.0,0.0,256,100,-0.0006,-0.3273,-0.0051,-0.359,0.0045,0.0253,0.1263,0.3991,True,True,0.2397,0.0497,False,False,True
0.4,0.0,0.0,0.0,1024,0,-0.0002,0.1757,0.0035,0.4673,0.0393,0.0783,0.8262,0.3965,False,True,0.2383,0.0487,False,False,True
0.4,0.0,0.0,0.0,1024,25,0.0008,1.2156,0.0001,0.1299,0.0076,0.0213,0.0971,0.3998,True,True,0.2399,0.049,False,False,True
0.4,0.0,0.0,0.0,1024,50,0.0005,0.9119,-0.004,-0.4413,0.0103,0.0207,0.096,0.4,True,True,0.2399,0.0491,False,False,True
0.4,0.0,0.0,0.0,1024,75,-0.0002,0.1303,-0.0083,-0.7364,0.0104,0.0229,0.1215,0.4015,True,True,0.2402,0.0484,False,False,True
0.4,0.0,0.0,0.0,1024,100,0.0001,0.4586,-0.0065,-0.5908,0.0168,0.0247,0.1218,0.4007,True,True,0.24,0.0492,False,False,True
0.4,0.0,0.0,0.0,31415,0,-0.0011,-0.6199,0.0112,1.1188,0.0561,0.0797,0.8324,0.395,False,True,0.238,0.0485,False,False,True
0.4,0.0,0.0,0.0,31415,25,-0.0002,0.3351,0.001,0.2602,0.0044,0.0242,0.1413,0.3991,True,True,0.2397,0.0494,False,False,True
0.4,0.0,0.0,0.0,31415,50,0.0003,0.619,-0.0116,-1.0577,0.0074,0.0247,0.1393,0.3992,True,True,0.2397,0.0492,False,False,True
0.4,0.0,0.0,0.0,31415,75,0.0001,0.4802,-0.0126,-1.4189,0.0017,0.0245,0.1264,0.3987,True,True,0.2396,0.0493,False,False,True
0.4,0.0,0.0,0.0,31415,100,-0.0004,-0.0141,-0.0111,-1.0504,0.0017,0.0259,0.1264,0.3989,True,True,0.2397,0.0484,False,False,True
0.4,0.1042,0.05,0.05,42,0,-0.0003,-0.0198,0.0009,0.1416,0.0484,0.0787,0.8114,0.3929,False,True,0.2376,0.0505,False,False,True
0.4,0.1042,0.05,0.05,42,25,0.0005,0.8792,0.0008,0.2223,0.0016,0.0227,0.1201,0.3965,True,True,0.2392,0.0499,False,False,True
0.4,0.1042,0.05,0.05,42,50,0.0011,1.489,0.0062,0.6382,0.0091,0.0237,0.1219,0.397,True,True,0.2393,0.0501,False,False,True
0.4,0.1042,0.05,0.05,42,75,0.0007,1.0876,-0.0101,-0.9151,0.0062,0.0236,0.1249,0.397,True,True,0.2393,0.0495,False,False,True
0.4,0.1042,0.05,0.05,42,100,0.0007,1.0652,-0.0075,-0.659,0.0059,0.026,0.1301,0.3968,True,True,0.2392,0.0495,False,False,True
0.4,0.1042,0.05,0.05,137,0,-0.0001,0.3512,0.0048,0.5911,0.0382,0.0784,0.7992,0.3944,False,True,0.2379,0.049,False,False,True
0.4,0.1042,0.05,0.05,137,25,0.0,0.4163,-0.0003,0.0242,0.0014,0.0241,0.1039,0.3964,True,True,0.2392,0.0492,False,False,True
0.4,0.1042,0.05,0.05,137,50,0.0013,1.7193,0.0007,0.0234,0.0028,0.0252,0.1141,0.3962,True,True,0.2391,0.0503,False,False,True
0.4,0.1042,0.05,0.05,137,75,0.0018,2.4027,0.0012,0.2261,0.0041,0.026,0.114,0.3965,True,True,0.2392,0.049,False,False,False
0.4,0.1042,0.05,0.05,137,100,0.0015,1.8185,0.0064,0.8368,0.0079,0.0247,0.114,0.3964,True,True,0.2392,0.0486,False,False,True
0.4,0.1042,0.05,0.05,256,0,-0.0006,-0.2916,0.0107,1.0358,0.0533,0.0795,0.8119,0.3951,False,True,0.238,0.0475,False,False,True
0.4,0.1042,0.05,0.05,256,25,-0.0006,-0.1762,0.0112,1.2705,0.0083,0.0259,0.1125,0.3982,True,True,0.2395,0.0471,False,False,True
0.4,0.1042,0.05,0.05,256,50,0.0002,0.4957,0.025,2.5913,0.0269,0.0252,0.1128,0.3971,True,True,0.2393,0.0472,False,False,False
0.4,0.1042,0.05,0.05,256,75,-0.0004,0.0325,0.0042,0.3706,0.0175,0.0255,0.1242,0.3962,True,True,0.2391,0.0486,False,False,True
0.4,0.1042,0.05,0.05,256,100,-0.0005,-0.2588,-0.0026,-0.102,0.0059,0.0259,0.1263,0.396,True,True,0.2391,0.0497,False,False,True
0.4,0.1042,0.05,0.05,1024,0,-0.0002,0.1627,0.0104,1.2,0.0396,0.0782,0.8272,0.3931,False,True,0.2376,0.0487,False,False,True
0.4,0.1042,0.05,0.05,1024,25,0.0009,1.3465,0.0091,1.0087,0.0056,0.0212,0.104,0.3963,True,True,0.2392,0.0488,False,False,True
0.4,0.1042,0.05,0.05,1024,50,0.0007,1.0795,0.004,0.367,0.0115,0.0206,0.1039,0.3966,True,True,0.2392,0.0491,False,False,True
0.4,0.1042,0.05,0.05,1024,75,-0.0,0.3071,0.0009,0.1554,0.0137,0.023,0.1235,0.3983,True,True,0.2396,0.0486,False,False,True
0.4,0.1042,0.05,0.05,1024,100,0.0003,0.65,0.0003,0.0662,0.0158,0.0245,0.1238,0.3975,True,True,0.2394,0.0493,False,False,True
0.4,0.1042,0.05,0.05,31415,0,-0.0009,-0.3604,0.0205,2.0551,0.0565,0.0797,0.8271,0.3917,False,True,0.2373,0.0487,False,False,False
0.4,0.1042,0.05,0.05,31415,25,-0.0001,0.4389,0.0107,1.2024,0.0027,0.0251,0.1395,0.3958,True,True,0.2391,0.0495,False,False,True
0.4,0.1042,0.05,0.05,31415,50,0.0003,0.6364,-0.0021,-0.0899,0.0073,0.0256,0.1414,0.3959,True,True,0.2391,0.0494,False,False,True
0.4,0.1042,0.05,0.05,31415,75,0.0001,0.4953,-0.0021,-0.303,0.0019,0.0247,0.1285,0.3954,True,True,0.239,0.0493,False,False,True
0.4,0.1042,0.05,0.05,31415,100,-0.0005,-0.1497,-0.0054,-0.4843,0.0018,0.0262,0.1284,0.3956,True,True,0.239,0.0485,False,False,True
0.4,0.209,0.1,0.1,42,0,-0.0001,0.2262,0.0084,0.9091,0.0491,0.0788,0.8078,0.3897,False,True,0.2369,0.0506,False,False,True
0.4,0.209,0.1,0.1,42,25,0.0005,0.922,0.0097,1.1278,0.0013,0.0223,0.116,0.3931,True,True,0.2385,0.0499,False,False,True
0.4,0.209,0.1,0.1,42,50,0.0011,1.5235,0.015,1.5916,0.0097,0.0235,0.1189,0.3936,True,True,0.2386,0.0502,False,False,True
0.4,0.209,0.1,0.1,42,75,0.0007,1.0438,-0.0006,0.0041,0.0063,0.0237,0.1189,0.3936,True,True,0.2386,0.0498,False,False,True
0.4,0.209,0.1,0.1,42,100,0.0009,1.2561,-0.0003,0.0549,0.0039,0.0259,0.1261,0.3934,True,True,0.2385,0.0498,False,False,True
0.4,0.209,0.1,0.1,137,0,0.0006,0.9932,0.0129,1.4299,0.0407,0.0787,0.7965,0.3907,False,True,0.2371,0.0492,False,False,True
0.4,0.209,0.1,0.1,137,25,0.0005,0.9233,0.007,0.8218,0.0015,0.0244,0.0937,0.3929,True,True,0.2384,0.0493,False,False,True
0.4,0.209,0.1,0.1,137,50,0.0018,2.3952,0.0083,0.8107,0.0005,0.0253,0.1069,0.3927,True,True,0.2384,0.0504,False,False,False
0.4,0.209,0.1,0.1,137,75,0.0023,2.9528,0.0089,1.0506,0.0041,0.0257,0.1068,0.3931,True,True,0.2385,0.049,False,False,False
0.4,0.209,0.1,0.1,137,100,0.0018,2.2069,0.0146,1.688,0.0087,0.0245,0.1068,0.3932,True,True,0.2385,0.0488,False,False,False
0.4,0.209,0.1,0.1,256,0,-0.0005,-0.1947,0.0191,1.8224,0.0571,0.0797,0.8115,0.3918,False,True,0.2373,0.048,False,False,True
0.4,0.209,0.1,0.1,256,25,-0.0002,0.1993,0.0208,2.2835,0.0102,0.0263,0.1185,0.3949,True,True,0.2388,0.0475,False,False,False
0.4,0.209,0.1,0.1,256,50,0.0007,1.0463,0.036,3.6007,0.0289,0.0253,0.1138,0.3937,True,True,0.2386,0.0476,False,False,False
0.4,0.209,0.1,0.1,256,75,0.0,0.4606,0.014,1.2496,0.0172,0.0257,0.1304,0.3928,True,True,0.2384,0.0489,False,False,True
0.4,0.209,0.1,0.1,256,100,-0.0002,0.0738,0.0048,0.6316,0.0075,0.0262,0.1304,0.3926,True,True,0.2384,0.0501,False,False,True
0.4,0.209,0.1,0.1,1024,0,0.0001,0.4844,0.0166,1.8257,0.0416,0.0783,0.8246,0.3895,False,True,0.2369,0.0488,False,False,True
0.4,0.209,0.1,0.1,1024,25,0.0012,1.6275,0.0135,1.4445,0.0046,0.0215,0.11,0.3928,True,True,0.2384,0.0489,False,False,True
0.4,0.209,0.1,0.1,1024,50,0.0009,1.2133,0.0089,0.8712,0.0112,0.0208,0.1099,0.393,True,True,0.2385,0.0493,False,False,True
0.4,0.209,0.1,0.1,1024,75,-0.0,0.301,0.0081,0.865,0.0159,0.0237,0.1337,0.3949,True,True,0.2389,0.0487,False,False,True
0.4,0.209,0.1,0.1,1024,100,0.0004,0.7838,0.0056,0.5634,0.0132,0.0248,0.1339,0.3942,True,True,0.2387,0.0495,False,False,True
0.4,0.209,0.1,0.1,31415,0,-0.0004,0.0847,0.0307,3.0518,0.0586,0.0798,0.8282,0.3883,False,True,0.2366,0.0488,False,False,False
0.4,0.209,0.1,0.1,31415,25,0.0003,0.8877,0.02,2.1425,0.0024,0.0255,0.1386,0.3926,True,True,0.2384,0.0498,False,False,False
0.4,0.209,0.1,0.1,31415,50,0.0005,0.8507,0.0059,0.7128,0.0067,0.0259,0.1395,0.3927,True,True,0.2384,0.0496,False,False,True
0.4,0.209,0.1,0.1,31415,75,0.0004,0.784,0.0069,0.6441,0.0019,0.0249,0.1255,0.3921,True,True,0.2383,0.0496,False,False,True
0.4,0.209,0.1,0.1,31415,100,-0.0002,0.073,0.005,0.597,0.0013,0.0262,0.1254,0.3924,True,True,0.2383,0.0489,False,False,True
0.4,0.4221,0.2,0.2,42,0,0.0009,1.1403,0.0268,2.6461,0.0521,0.0796,0.7962,0.3823,False,True,0.2352,0.0509,False,False,False
0.4,0.4221,0.2,0.2,42,25,0.0014,1.8078,0.0217,2.3587,0.0012,0.0231,0.1255,0.3857,True,True,0.2368,0.0503,False,False,False
0.4,0.4221,0.2,0.2,42,50,0.0022,2.5089,0.0259,2.7137,0.0117,0.0243,0.1304,0.3865,True,True,0.237,0.0504,False,False,False
0.4,0.4221,0.2,0.2,42,75,0.0019,2.1963,0.0141,1.52,0.0045,0.0243,0.1252,0.3865,True,True,0.237,0.0498,False,False,False
0.4,0.4221,0.2,0.2,42,100,0.0022,2.5005,0.0162,1.6377,0.0046,0.027,0.1357,0.3862,True,True,0.2369,0.0501,False,False,False
0.4,0.4221,0.2,0.2,137,0,0.0017,2.1559,0.0239,2.475,0.0476,0.0793,0.7943,0.3832,False,True,0.2354,0.0497,False,False,False
0.4,0.4221,0.2,0.2,137,25,0.0014,1.8389,0.0227,2.6209,0.0033,0.0244,0.1037,0.3857,True,True,0.2369,0.0496,False,False,False
0.4,0.4221,0.2,0.2,137,50,0.0027,3.2189,0.0243,2.4764,0.0014,0.0256,0.1048,0.3857,True,True,0.2368,0.0508,False,False,False
0.4,0.4221,0.2,0.2,137,75,0.0032,3.7355,0.0285,3.2358,0.005,0.0263,0.1047,0.3859,True,True,0.2369,0.0492,False,False,False
0.4,0.4221,0.2,0.2,137,100,0.0028,3.1616,0.0325,3.4731,0.0094,0.0249,0.1026,0.3859,True,True,0.2369,0.0491,False,False,False
0.4,0.4221,0.2,0.2,256,0,0.0012,1.537,0.0393,3.7959,0.0634,0.0811,0.8129,0.3843,False,True,0.2356,0.0488,False,False,False
0.4,0.4221,0.2,0.2,256,25,0.0015,2.0075,0.0383,4.0812,0.0138,0.0274,0.1279,0.3877,True,True,0.2373,0.0482,False,False,False
0.4,0.4221,0.2,0.2,256,50,0.0023,2.6474,0.0557,5.6572,0.0345,0.0257,0.1263,0.3863,True,True,0.237,0.048,False,False,False
0.4,0.4221,0.2,0.2,256,75,0.0016,2.0227,0.0288,2.532,0.018,0.0259,0.1267,0.3851,True,True,0.2367,0.0495,False,False,False
0.4,0.4221,0.2,0.2,256,100,0.001,1.1606,0.0211,2.1964,0.0082,0.026,0.1278,0.385,True,True,0.2367,0.0505,False,False,False
0.4,0.4221,0.2,0.2,1024,0,0.0012,1.5948,0.0387,4.2948,0.045,0.0787,0.8196,0.3816,False,True,0.2351,0.0495,False,False,False
0.4,0.4221,0.2,0.2,1024,25,0.0021,2.5746,0.0291,2.8974,0.0024,0.0221,0.1174,0.385,True,True,0.2367,0.0496,False,False,False
0.4,0.4221,0.2,0.2,1024,50,0.0022,2.4852,0.028,2.7223,0.0126,0.0215,0.1174,0.3851,True,True,0.2367,0.0501,False,False,False
0.4,0.4221,0.2,0.2,1024,75,0.0013,1.7461,0.027,2.8043,0.0194,0.0246,0.1363,0.3873,True,True,0.2372,0.0494,False,False,False
0.4,0.4221,0.2,0.2,1024,100,0.0015,1.9561,0.0238,2.2522,0.0108,0.0258,0.1406,0.3868,True,True,0.2371,0.0502,False,False,False
0.4,0.4221,0.2,0.2,31415,0,0.0008,1.1793,0.0464,4.6719,0.0681,0.0803,0.8258,0.3807,False,True,0.2348,0.049,False,False,False
0.4,0.4221,0.2,0.2,31415,25,0.0013,1.8883,0.0377,3.9656,0.0026,0.0259,0.1338,0.3855,True,True,0.2368,0.0499,False,False,False
0.4,0.4221,0.2,0.2,31415,50,0.0015,1.9298,0.0238,2.6145,0.0058,0.0264,0.141,0.3857,True,True,0.2368,0.0496,False,False,False
0.4,0.4221,0.2,0.2,31415,75,0.0012,1.6931,0.0247,2.4551,0.0009,0.0258,0.1195,0.385,True,True,0.2367,0.0497,False,False,False
0.4,0.4221,0.2,0.2,31415,100,0.0009,1.2932,0.026,2.7989,0.001,0.0263,0.1194,0.3851,True,True,0.2367,0.0491,False,False,False
0.4,0.7599,0.35,0.35,42,0,0.0054,5.512,0.0652,6.5398,0.0639,0.0825,0.7939,0.3673,False,True,0.2315,0.0525,False,False,False
0.4,0.7599,0.35,0.35,42,25,0.0055,5.7276,0.0562,5.7466,0.0009,0.0244,0.1324,0.3715,True,True,0.2334,0.0517,False,False,False
0.4,0.7599,0.35,0.35,42,50,0.0061,6.1443,0.0572,5.9459,0.0133,0.0259,0.1439,0.3724,True,True,0.2336,0.0513,False,False,False
0.4,0.7599,0.35,0.35,42,75,0.0053,5.3001,0.045,4.6904,0.0029,0.0256,0.1309,0.3727,True,True,0.2337,0.0506,False,False,False
0.4,0.7599,0.35,0.35,42,100,0.0051,5.1891,0.0474,4.6019,0.0099,0.0285,0.1322,0.372,True,True,0.2335,0.051,False,False,False
0.4,0.7599,0.35,0.35,137,0,0.0053,5.8387,0.0496,5.0387,0.0617,0.0817,0.7863,0.3688,False,True,0.2319,0.0509,False,False,False
0.4,0.7599,0.35,0.35,137,25,0.0052,5.5506,0.0589,6.7204,0.0049,0.0243,0.1162,0.3718,True,True,0.2335,0.0508,False,False,False
0.4,0.7599,0.35,0.35,137,50,0.0067,7.878,0.0659,6.9732,0.004,0.026,0.1184,0.3716,True,True,0.2334,0.0518,False,False,False
0.4,0.7599,0.35,0.35,137,75,0.007,7.7348,0.0697,7.5671,0.007,0.0268,0.1185,0.3713,True,True,0.2333,0.0504,False,False,False
0.4,0.7599,0.35,0.35,137,100,0.0066,6.9186,0.0656,6.6029,0.0135,0.0258,0.1185,0.3714,True,True,0.2334,0.0508,False,False,False
0.4,0.7599,0.35,0.35,256,0,0.0055,5.8344,0.0737,7.2221,0.0705,0.0834,0.8058,0.3698,False,True,0.2321,0.0501,False,False,False
0.4,0.7599,0.35,0.35,256,25,0.0052,5.8018,0.0737,7.7253,0.0136,0.0286,0.137,0.3737,True,True,0.2339,0.0494,False,False,False
0.4,0.7599,0.35,0.35,256,50,0.0053,5.6212,0.0828,8.8993,0.0352,0.0273,0.1279,0.3723,True,True,0.2336,0.0488,False,False,False
0.4,0.7599,0.35,0.35,256,75,0.0043,4.4558,0.0519,4.6687,0.0181,0.0288,0.1314,0.3713,True,True,0.2333,0.0497,False,False,False
0.4,0.7599,0.35,0.35,256,100,0.0041,4.0632,0.0501,4.7791,0.0055,0.0289,0.1337,0.3711,True,True,0.2333,0.051,False,False,False
0.4,0.7599,0.35,0.35,1024,0,0.0046,5.0564,0.0769,8.6323,0.0531,0.0807,0.8056,0.3669,False,True,0.2314,0.0504,False,False,False
0.4,0.7599,0.35,0.35,1024,25,0.0054,6.0596,0.0595,6.0505,0.0022,0.0229,0.1253,0.3704,True,True,0.2331,0.0504,False,False,False
0.4,0.7599,0.35,0.35,1024,50,0.0054,5.6342,0.0594,5.7354,0.0161,0.0222,0.1251,0.3708,True,True,0.2332,0.0509,False,False,False
0.4,0.7599,0.35,0.35,1024,75,0.0049,5.7202,0.0581,6.052,0.023,0.0251,0.1373,0.3729,True,True,0.2338,0.0503,False,False,False
0.4,0.7599,0.35,0.35,1024,100,0.005,5.5261,0.0501,4.9425,0.0036,0.0263,0.1448,0.3728,True,True,0.2337,0.0514,False,False,False
0.4,0.7599,0.35,0.35,31415,0,0.0047,4.7376,0.0724,7.2271,0.0787,0.0823,0.8186,0.366,False,True,0.2311,0.0496,False,False,False
0.4,0.7599,0.35,0.35,31415,25,0.005,5.7526,0.0638,6.4764,0.0026,0.0255,0.1368,0.3713,True,True,0.2334,0.0507,False,False,False
0.4,0.7599,0.35,0.35,31415,50,0.0053,5.4906,0.054,5.5561,0.0045,0.0258,0.1367,0.3717,True,True,0.2335,0.0508,False,False,False
0.4,0.7599,0.35,0.35,31415,75,0.0051,5.948,0.0563,5.7414,0.0011,0.0251,0.1165,0.3709,True,True,0.2333,0.0511,False,False,False
0.4,0.7599,0.35,0.35,31415,100,0.0043,5.0923,0.0572,5.833,0.0017,0.0257,0.1164,0.3712,True,True,0.2333,0.0501,False,False,False
0.4,1.1398,0.5,0.5,42,0,0.0133,13.4562,0.1151,11.5203,0.0739,0.0852,0.781,0.3457,False,True,0.2253,0.0538,False,False,False
0.4,1.1398,0.5,0.5,42,25,0.013,13.3771,0.0956,9.7646,0.0011,0.026,0.1403,0.3506,True,True,0.2276,0.0527,False,False,False
0.4,1.1398,0.5,0.5,42,50,0.0131,12.7984,0.095,9.6856,0.0251,0.028,0.1523,0.3519,True,True,0.228,0.0523,False,False,False
0.4,1.1398,0.5,0.5,42,75,0.012,11.1131,0.0868,8.4967,0.0052,0.0277,0.1293,0.3527,True,True,0.2282,0.0517,False,False,False
0.4,1.1398,0.5,0.5,42,100,0.0121,11.6768,0.0954,9.5724,0.0184,0.0311,0.1444,0.3517,True,True,0.2279,0.0522,False,False,False
0.4,1.1398,0.5,0.5,137,0,0.0125,13.1262,0.0921,8.8348,0.0698,0.0846,0.7788,0.3477,False,True,0.226,0.0526,False,False,False
0.4,1.1398,0.5,0.5,137,25,0.0123,12.5103,0.1005,10.9899,0.0045,0.0265,0.1232,0.3507,True,True,0.2276,0.052,False,False,False
0.4,1.1398,0.5,0.5,137,50,0.0137,14.7056,0.106,10.7944,0.0104,0.0276,0.1278,0.3506,True,True,0.2276,0.0533,False,False,False
0.4,1.1398,0.5,0.5,137,75,0.0141,14.7759,0.1129,12.3433,0.0074,0.0283,0.1257,0.35,True,True,0.2274,0.0518,False,False,False
0.4,1.1398,0.5,0.5,137,100,0.0141,14.9843,0.1135,11.2707,0.018,0.028,0.1256,0.3504,True,True,0.2275,0.0522,False,False,False
0.4,1.1398,0.5,0.5,256,0,0.0126,12.564,0.1177,11.7123,0.0802,0.0862,0.7827,0.3485,False,True,0.2262,0.0522,False,False,False
0.4,1.1398,0.5,0.5,256,25,0.0121,12.7857,0.1097,11.2162,0.0095,0.0286,0.1369,0.3534,True,True,0.2284,0.0512,False,False,False
0.4,1.1398,0.5,0.5,256,50,0.0123,12.3607,0.1176,12.6805,0.0356,0.0279,0.1375,0.352,True,True,0.228,0.0506,False,False,False
0.4,1.1398,0.5,0.5,256,75,0.0114,10.9178,0.0928,8.6958,0.0229,0.0289,0.1379,0.3509,True,True,0.2277,0.0511,False,False,False
0.4,1.1398,0.5,0.5,256,100,0.011,10.3269,0.0899,8.6884,0.0058,0.0303,0.1469,0.3513,True,True,0.2278,0.052,False,False,False
0.4,1.1398,0.5,0.5,1024,0,0.0119,12.2915,0.1222,12.8804,0.0628,0.0836,0.7903,0.3452,False,True,0.2252,0.0522,False,False,False
0.4,1.1398,0.5,0.5,1024,25,0.0123,12.2663,0.0977,10.4604,0.003,0.0254,0.1409,0.3492,True,True,0.2272,0.0527,False,False,False
0.4,1.1398,0.5,0.5,1024,50,0.0122,12.3265,0.0937,8.4623,0.0248,0.0257,0.1407,0.3498,True,True,0.2274,0.053,False,False,False
0.4,1.1398,0.5,0.5,1024,75,0.0115,12.1602,0.0917,9.464,0.0298,0.0281,0.1464,0.3524,True,True,0.2281,0.0514,False,False,False
0.4,1.1398,0.5,0.5,1024,100,0.0114,11.9093,0.0863,8.7432,0.0002,0.0299,0.1599,0.3527,True,True,0.2282,0.0517,False,False,False
0.4,1.1398,0.5,0.5,31415,0,0.0115,11.235,0.1083,11.0432,0.0943,0.0869,0.8103,0.3446,False,True,0.2249,0.0509,False,False,False
0.4,1.1398,0.5,0.5,31415,25,0.0117,12.412,0.0942,9.5662,0.0004,0.0275,0.1504,0.351,True,True,0.2277,0.0515,False,False,False
0.4,1.1398,0.5,0.5,31415,50,0.0119,12.0904,0.0943,9.715,0.0007,0.0271,0.1399,0.3516,True,True,0.2279,0.0521,False,False,False
0.4,1.1398,0.5,0.5,31415,75,0.012,13.0412,0.1014,10.5449,0.0027,0.026,0.1257,0.3501,True,True,0.2275,0.0525,False,False,False
0.4,1.1398,0.5,0.5,31415,100,0.0117,13.0851,0.0982,10.703,0.0039,0.0271,0.1255,0.3506,True,True,0.2276,0.0516,False,False,False
0.4,1.4355,0.6,0.6,42,0,0.0214,22.8966,0.1464,14.7587,0.0829,0.0889,0.7811,0.3247,False,True,0.2184,0.0548,False,False,False
0.4,1.4355,0.6,0.6,42,25,0.0209,21.3204,0.135,13.7938,0.0022,0.0285,0.1635,0.3303,True,True,0.2211,0.0537,False,False,False
0.4,1.4355,0.6,0.6,42,50,0.021,19.6486,0.1425,13.8858,0.0259,0.029,0.1486,0.3311,True,True,0.2214,0.0531,False,False,False
0.4,1.4355,0.6,0.6,42,75,0.0203,18.5381,0.1433,14.6697,0.0067,0.0297,0.1432,0.3323,True,True,0.2218,0.0531,False,False,False
0.4,1.4355,0.6,0.6,42,100,0.0197,19.0257,0.1364,13.6751,0.0279,0.0336,0.1704,0.331,True,True,0.2213,0.0537,False,False,False
0.4,1.4355,0.6,0.6,137,0,0.0207,20.8905,0.1303,12.4973,0.0805,0.0884,0.7655,0.3261,False,True,0.2189,0.0537,False,False,False
0.4,1.4355,0.6,0.6,137,25,0.0207,20.7432,0.1407,14.183,0.0099,0.0284,0.1444,0.3296,True,True,0.2209,0.0529,False,False,False
0.4,1.4355,0.6,0.6,137,50,0.0216,23.2525,0.1485,16.1478,0.003,0.0295,0.1445,0.3295,True,True,0.2208,0.0542,False,False,False
0.4,1.4355,0.6,0.6,137,75,0.0215,22.1115,0.1584,16.94,0.0095,0.0306,0.1289,0.3289,True,True,0.2206,0.0533,False,False,False
0.4,1.4355,0.6,0.6,137,100,0.0214,21.6911,0.1575,15.5826,0.0196,0.0304,0.1287,0.3294,True,True,0.2208,0.0538,False,False,False
0.4,1.4355,0.6,0.6,256,0,0.0217,21.2732,0.1688,16.67,0.0926,0.09,0.7757,0.3264,False,True,0.219,0.0539,False,False,False
0.4,1.4355,0.6,0.6,256,25,0.0208,23.1589,0.157,15.558,0.0102,0.0302,0.142,0.3323,True,True,0.2218,0.0526,False,False,False
0.4,1.4355,0.6,0.6,256,50,0.0202,20.3011,0.1512,15.7871,0.0415,0.0298,0.1427,0.3308,True,True,0.2213,0.0522,False,False,False
0.4,1.4355,0.6,0.6,256,75,0.0195,18.0219,0.1208,11.5648,0.0159,0.0315,0.1431,0.3298,True,True,0.2209,0.0521,False,False,False
0.4,1.4355,0.6,0.6,256,100,0.0189,17.2201,0.1259,12.7898,0.0033,0.0354,0.1623,0.3303,True,True,0.2211,0.0532,False,False,False
0.4,1.4355,0.6,0.6,1024,0,0.0201,20.8877,0.1627,17.0696,0.0731,0.0876,0.766,0.3238,False,True,0.2181,0.0541,False,False,False
0.4,1.4355,0.6,0.6,1024,25,0.0204,20.3421,0.137,14.4975,0.0052,0.0273,0.1294,0.3278,True,True,0.2203,0.0547,False,False,False
0.4,1.4355,0.6,0.6,1024,50,0.02,20.384,0.1316,11.7748,0.0195,0.0272,0.1292,0.3281,True,True,0.2204,0.0544,False,False,False
0.4,1.4355,0.6,0.6,1024,75,0.019,18.6303,0.1304,13.3646,0.0439,0.0321,0.1548,0.3308,True,True,0.2213,0.0528,False,False,False
0.4,1.4355,0.6,0.6,1024,100,0.0185,19.7301,0.1231,12.0961,0.0082,0.0349,0.1944,0.3312,True,True,0.2214,0.0534,False,False,False
0.4,1.4355,0.6,0.6,31415,0,0.0199,19.7743,0.1547,15.9072,0.1116,0.0905,0.7957,0.3222,False,True,0.2175,0.0525,False,False,False
0.4,1.4355,0.6,0.6,31415,25,0.0199,20.293,0.1349,13.5863,0.012,0.0318,0.1797,0.3294,True,True,0.2208,0.053,False,False,False
0.4,1.4355,0.6,0.6,31415,50,0.0198,20.2806,0.1365,14.0455,0.0106,0.0307,0.1574,0.3304,True,True,0.2211,0.0535,False,False,False
0.4,1.4355,0.6,0.6,31415,75,0.0197,21.2155,0.134,14.2239,0.0024,0.03,0.1578,0.3295,True,True,0.2208,0.0537,False,False,False
0.4,1.4355,0.6,0.6,31415,100,0.0194,20.9048,0.1407,16.1717,0.0054,0.0311,0.1577,0.3297,True,True,0.2209,0.0533,False,False,False
0.4,2.2622,0.8,0.8,42,0,0.0535,59.0379,0.247,27.0306,0.1694,0.0958,0.6922,0.2248,False,True,0.1738,0.056,False,False,False
0.4,2.2622,0.8,0.8,42,25,0.053,53.0624,0.254,25.3907,0.0413,0.047,0.2396,0.232,True,True,0.1781,0.0565,False,False,False
0.4,2.2622,0.8,0.8,42,50,0.0527,51.6486,0.2594,24.4262,0.014,0.0432,0.2381,0.2335,True,True,0.1789,0.0563,False,False,False
0.4,2.2622,0.8,0.8,42,75,0.0512,46.8218,0.2578,25.8772,0.0092,0.0391,0.207,0.2358,True,True,0.1801,0.0568,False,False,False
0.4,2.2622,0.8,0.8,42,100,0.0507,49.2724,0.2534,23.8388,0.0541,0.0428,0.224,0.2321,True,True,0.1781,0.0562,False,False,False
0.4,2.2622,0.8,0.8,137,0,0.0531,50.7515,0.2515,25.9416,0.1464,0.0919,0.7144,0.2273,False,True,0.1752,0.056,False,False,False
0.4,2.2622,0.8,0.8,137,25,0.0534,54.6487,0.266,26.9832,0.0315,0.0484,0.2755,0.2308,False,True,0.1774,0.0559,False,False,False
0.4,2.2622,0.8,0.8,137,50,0.054,57.2493,0.2517,26.3544,0.0314,0.0487,0.2762,0.2303,False,True,0.1771,0.0564,False,False,False
0.4,2.2622,0.8,0.8,137,75,0.054,51.3698,0.2675,27.1101,0.0493,0.0458,0.2624,0.2286,False,True,0.1762,0.0567,False,False,False
0.4,2.2622,0.8,0.8,137,100,0.0541,53.9522,0.2582,26.7581,0.04,0.0447,0.233,0.2283,True,True,0.1761,0.0574,False,False,False
0.4,2.2622,0.8,0.8,256,0,0.0544,52.8648,0.3297,37.4717,0.133,0.1006,0.6882,0.2284,False,True,0.1757,0.059,False,False,False
0.4,2.2622,0.8,0.8,256,25,0.0557,57.1935,0.2956,29.8466,0.0015,0.0482,0.2057,0.2334,True,True,0.1788,0.057,False,False,False
0.4,2.2622,0.8,0.8,256,50,0.0557,51.9648,0.2857,28.7076,0.1082,0.0571,0.2192,0.2299,False,True,0.1769,0.0569,False,False,False
0.4,2.2622,0.8,0.8,256,75,0.0546,53.6332,0.2746,27.0357,0.0589,0.0598,0.221,0.2298,True,True,0.1768,0.0565,False,False,False
0.4,2.2622,0.8,0.8,256,100,0.0539,52.8695,0.2603,23.9346,0.0301,0.0596,0.2402,0.2298,True,True,0.1768,0.0569,False,False,False
0.4,2.2622,0.8,0.8,1024,0,0.0522,51.0213,0.2906,30.0199,0.0737,0.0889,0.6786,0.2228,False,True,0.1728,0.058,False,False,False
0.4,2.2622,0.8,0.8,1024,25,0.052,52.6343,0.2621,26.8753,0.0139,0.0471,0.2403,0.2247,True,True,0.1741,0.058,False,False,False
0.4,2.2622,0.8,0.8,1024,50,0.0521,52.6341,0.2735,26.2683,0.0204,0.0453,0.2345,0.2252,True,True,0.1744,0.0575,False,False,False
0.4,2.2622,0.8,0.8,1024,75,0.0506,56.2434,0.275,27.2053,0.0751,0.0481,0.2318,0.2277,True,True,0.1758,0.0568,False,False,False
0.4,2.2622,0.8,0.8,1024,100,0.0499,54.1136,0.2563,27.3358,0.0706,0.0518,0.2451,0.2301,True,True,0.177,0.0568,False,False,False
0.4,2.2622,0.8,0.8,31415,0,0.0521,53.3021,0.2652,28.5307,0.1774,0.0934,0.6849,0.2243,False,True,0.1735,0.0564,False,False,False
0.4,2.2622,0.8,0.8,31415,25,0.0534,54.7988,0.2394,26.3234,0.0087,0.0457,0.2383,0.23,True,True,0.177,0.0561,False,False,False
0.4,2.2622,0.8,0.8,31415,50,0.0537,52.438,0.2643,27.9688,0.0326,0.0454,0.2377,0.2306,True,True,0.1773,0.057,False,False,False
0.4,2.2622,0.8,0.8,31415,75,0.0538,56.4603,0.2739,29.3802,0.0323,0.0427,0.2082,0.2287,True,True,0.1763,0.0572,False,False,False
0.4,2.2622,0.8,0.8,31415,100,0.0543,60.6624,0.2802,28.4684,0.0093,0.0449,0.2053,0.226,True,True,0.1748,0.0564,False,False,False
