run_id,block_idx,M_block,g_E_value,cond_logit_term,realized_block_rho,raw_Psi_meanI_state_block,raw_Psi_persistence_I_block
R_E_kp0_7599_ap0_0000_s42,0,0.3714,0.0,0.0,0.3653,0.0072,0.0649
R_E_kp0_7599_ap0_0000_s42,1,0.3653,-2.4539,-0.0,0.3723,0.0018,0.0514
R_E_kp0_7599_ap0_0000_s42,2,0.3723,0.361,0.0,0.3701,0.0071,0.0659
R_E_kp0_7599_ap0_0000_s42,3,0.3701,-0.5369,-0.0,0.3722,0.0055,0.0439
R_E_kp0_7599_ap0_0000_s42,4,0.3722,0.3101,0.0,0.3718,0.0063,0.0591
R_E_kp0_7599_ap0_0000_s42,5,0.3718,0.1381,0.0,0.3752,0.0047,0.0568
R_E_kp0_7599_ap0_0000_s42,6,0.3752,1.5074,0.0,0.3706,0.004,0.0512
R_E_kp0_7599_ap0_0000_s42,7,0.3706,-0.314,-0.0,0.3711,0.0049,0.0651
R_E_kp0_7599_ap0_0000_s42,8,0.3711,-0.1166,-0.0,0.3705,0.0014,0.0622
R_E_kp0_7599_ap0_0000_s42,9,0.3705,-0.3586,-0.0,0.3732,0.0057,0.0897
R_E_kp0_7599_ap0_0000_s42,10,0.3732,0.6986,0.0,0.3741,0.0047,0.061
R_E_kp0_7599_ap0_0000_s42,11,0.3741,1.0807,0.0,0.3692,0.0061,0.043
R_E_kp0_7599_ap0_0000_s42,12,0.3692,-0.8872,-0.0,0.3751,0.0034,0.0694
R_E_kp0_7599_ap0_0000_s42,13,0.3751,1.4755,0.0,0.3727,-0.0008,0.0506
R_E_kp0_7599_ap0_0000_s42,14,0.3727,0.5011,0.0,0.3701,0.0049,0.0591
R_E_kp0_7599_ap0_0000_s42,15,0.3701,-0.5178,-0.0,0.3731,0.0018,0.0765
R_E_kp0_7599_ap0_0000_s137,0,0.3714,0.0,0.0,0.3689,0.0074,0.0627
R_E_kp0_7599_ap0_0000_s137,1,0.3689,-1.0146,-0.0,0.3721,0.001,0.048
R_E_kp0_7599_ap0_0000_s137,2,0.3721,0.2846,0.0,0.3712,0.0068,0.0529
R_E_kp0_7599_ap0_0000_s137,3,0.3712,-0.072,-0.0,0.3735,0.0062,0.0745
R_E_kp0_7599_ap0_0000_s137,4,0.3735,0.8196,0.0,0.3709,0.0068,0.054
R_E_kp0_7599_ap0_0000_s137,5,0.3709,-0.1994,-0.0,0.3705,0.0084,0.0701
R_E_kp0_7599_ap0_0000_s137,6,0.3705,-0.3777,-0.0,0.3709,0.0075,0.0436
R_E_kp0_7599_ap0_0000_s137,7,0.3709,-0.2122,-0.0,0.3741,0.0037,0.0715
R_E_kp0_7599_ap0_0000_s137,8,0.3741,1.0616,0.0,0.3691,0.005,0.0628
R_E_kp0_7599_ap0_0000_s137,9,0.3691,-0.9382,-0.0,0.3698,0.0086,0.087
R_E_kp0_7599_ap0_0000_s137,10,0.3698,-0.6643,-0.0,0.3717,0.0034,0.0813
R_E_kp0_7599_ap0_0000_s137,11,0.3717,0.1063,0.0,0.3713,0.0052,0.0802
R_E_kp0_7599_ap0_0000_s137,12,0.3713,-0.0338,-0.0,0.3725,0.0055,0.0711
R_E_kp0_7599_ap0_0000_s137,13,0.3725,0.4183,0.0,0.37,0.0066,0.0699
R_E_kp0_7599_ap0_0000_s137,14,0.37,-0.5752,-0.0,0.3736,0.0073,0.0635
R_E_kp0_7599_ap0_0000_s137,15,0.3736,0.8578,0.0,0.3713,0.0067,0.0961
R_E_kp0_7599_ap0_0000_s256,0,0.3714,0.0,0.0,0.3675,0.0083,0.0739
R_E_kp0_7599_ap0_0000_s256,1,0.3675,-1.575,-0.0,0.3735,0.0025,0.0562
R_E_kp0_7599_ap0_0000_s256,2,0.3735,0.8196,0.0,0.3748,0.004,0.0707
R_E_kp0_7599_ap0_0000_s256,3,0.3748,1.3418,0.0,0.3746,0.0075,0.0772
R_E_kp0_7599_ap0_0000_s256,4,0.3746,1.2781,0.0,0.3711,0.0072,0.0794
R_E_kp0_7599_ap0_0000_s256,5,0.3711,-0.1357,-0.0,0.3672,0.0025,0.0402
R_E_kp0_7599_ap0_0000_s256,6,0.3672,-1.6769,-0.0,0.3717,0.0006,0.0483
R_E_kp0_7599_ap0_0000_s256,7,0.3717,0.1126,0.0,0.3741,0.0061,0.0664
R_E_kp0_7599_ap0_0000_s256,8,0.3741,1.0807,0.0,0.3722,0.0082,0.0498
R_E_kp0_7599_ap0_0000_s256,9,0.3722,0.291,0.0,0.3741,0.0029,0.097
R_E_kp0_7599_ap0_0000_s256,10,0.3741,1.0679,0.0,0.37,0.0057,0.0578
R_E_kp0_7599_ap0_0000_s256,11,0.37,-0.5497,-0.0,0.3709,0.0044,0.0499
R_E_kp0_7599_ap0_0000_s256,12,0.3709,-0.1994,-0.0,0.3719,0.0037,0.0776
R_E_kp0_7599_ap0_0000_s256,13,0.3719,0.1827,0.0,0.3672,0.0095,0.0708
R_E_kp0_7599_ap0_0000_s256,14,0.3672,-1.6833,-0.0,0.3714,0.0017,0.072
R_E_kp0_7599_ap0_0000_s256,15,0.3714,-0.0084,-0.0,0.3729,0.005,0.0492
R_E_kp0_7599_ap0_0000_s1024,0,0.3714,0.0,0.0,0.3676,0.004,0.0646
R_E_kp0_7599_ap0_0000_s1024,1,0.3676,-1.5368,-0.0,0.3722,0.0038,0.0627
R_E_kp0_7599_ap0_0000_s1024,2,0.3722,0.291,0.0,0.3687,0.0049,0.0661
R_E_kp0_7599_ap0_0000_s1024,3,0.3687,-1.1037,-0.0,0.3704,0.0067,0.0705
R_E_kp0_7599_ap0_0000_s1024,4,0.3704,-0.4159,-0.0,0.3707,0.0065,0.0565
R_E_kp0_7599_ap0_0000_s1024,5,0.3707,-0.3077,-0.0,0.3736,0.0033,0.0587
R_E_kp0_7599_ap0_0000_s1024,6,0.3736,0.8832,0.0,0.3767,0.0036,0.0661
R_E_kp0_7599_ap0_0000_s1024,7,0.3767,2.0933,0.0,0.3698,0.007,0.0756
R_E_kp0_7599_ap0_0000_s1024,8,0.3698,-0.6388,-0.0,0.3684,0.0059,0.0869
R_E_kp0_7599_ap0_0000_s1024,9,0.3684,-1.1993,-0.0,0.3732,0.0033,0.0594
R_E_kp0_7599_ap0_0000_s1024,10,0.3732,0.6858,0.0,0.3705,0.0055,0.0658
R_E_kp0_7599_ap0_0000_s1024,11,0.3705,-0.3523,-0.0,0.3712,0.0062,0.0766
R_E_kp0_7599_ap0_0000_s1024,12,0.3712,-0.0911,-0.0,0.3715,0.0037,0.0499
R_E_kp0_7599_ap0_0000_s1024,13,0.3715,0.0107,0.0,0.3737,0.0042,0.0447
R_E_kp0_7599_ap0_0000_s1024,14,0.3737,0.9087,0.0,0.376,0.0061,0.0627
R_E_kp0_7599_ap0_0000_s1024,15,0.376,1.8194,0.0,0.3714,0.0061,0.062
R_E_kp0_7599_ap0_0000_s31415,0,0.3714,0.0,0.0,0.3612,0.0028,0.0683
R_E_kp0_7599_ap0_0000_s31415,1,0.3612,-4.0651,-0.0,0.37,0.0068,0.0664
R_E_kp0_7599_ap0_0000_s31415,2,0.37,-0.5561,-0.0,0.3725,0.0047,0.0554
R_E_kp0_7599_ap0_0000_s31415,3,0.3725,0.4374,0.0,0.3716,0.0053,0.0707
R_E_kp0_7599_ap0_0000_s31415,4,0.3716,0.0872,0.0,0.3704,0.0039,0.0415
R_E_kp0_7599_ap0_0000_s31415,5,0.3704,-0.4287,-0.0,0.3723,0.0074,0.0738
R_E_kp0_7599_ap0_0000_s31415,6,0.3723,0.3483,0.0,0.3701,0.004,0.0464
R_E_kp0_7599_ap0_0000_s31415,7,0.3701,-0.5369,-0.0,0.3714,0.0022,0.0539
R_E_kp0_7599_ap0_0000_s31415,8,0.3714,-0.0084,-0.0,0.3705,0.007,0.059
R_E_kp0_7599_ap0_0000_s31415,9,0.3705,-0.3586,-0.0,0.3688,0.0046,0.05
R_E_kp0_7599_ap0_0000_s31415,10,0.3688,-1.0528,-0.0,0.3724,0.0064,0.0729
R_E_kp0_7599_ap0_0000_s31415,11,0.3724,0.3865,0.0,0.3695,0.0087,0.039
R_E_kp0_7599_ap0_0000_s31415,12,0.3695,-0.7535,-0.0,0.3724,0.0032,0.0753
R_E_kp0_7599_ap0_0000_s31415,13,0.3724,0.3992,0.0,0.3736,0.0016,0.0588
R_E_kp0_7599_ap0_0000_s31415,14,0.3736,0.8578,0.0,0.3702,0.0048,0.0604
R_E_kp0_7599_ap0_0000_s31415,15,0.3702,-0.4796,-0.0,0.3785,0.0058,0.0662
R_E_kp0_7599_ap0_0518_s42,0,0.3714,0.0,0.0,0.3653,0.0072,0.0649
R_E_kp0_7599_ap0_0518_s42,1,0.3653,-2.4539,-0.1272,0.348,0.0039,0.0497
R_E_kp0_7599_ap0_0518_s42,2,0.348,-9.3064,-0.4823,0.2745,0.0115,0.0784
R_E_kp0_7599_ap0_0518_s42,3,0.2745,-38.589,-1.9999,0.0766,0.0082,0.0152
R_E_kp0_7599_ap0_0518_s42,4,0.0766,-117.368,-6.0826,0.0027,0.0014,0.0035
R_E_kp0_7599_ap0_0518_s42,5,0.0027,-146.7588,-7.6058,0.0003,-0.0003,-0.0038
R_E_kp0_7599_ap0_0518_s42,6,0.0003,-147.7269,-7.656,0.0003,-0.0003,-0.003
R_E_kp0_7599_ap0_0518_s42,7,0.0003,-147.7332,-7.6563,0.0001,-0.0001,-0.003
R_E_kp0_7599_ap0_0518_s42,8,0.0001,-147.7842,-7.6589,0.0001,-0.0001,-0.0016
R_E_kp0_7599_ap0_0518_s42,9,0.0001,-147.7906,-7.6593,0.0004,-0.0004,0.0263
R_E_kp0_7599_ap0_0518_s42,10,0.0004,-147.6759,-7.6533,0.0001,-0.0001,-0.0021
R_E_kp0_7599_ap0_0518_s42,11,0.0001,-147.7906,-7.6593,0.0003,-0.0003,-0.003
R_E_kp0_7599_ap0_0518_s42,12,0.0003,-147.7269,-7.656,0.0003,-0.0003,-0.0047
R_E_kp0_7599_ap0_0518_s42,13,0.0003,-147.7141,-7.6553,0.0001,-0.0001,-0.0018
R_E_kp0_7599_ap0_0518_s42,14,0.0001,-147.7906,-7.6593,0.0002,-0.0002,0.0813
R_E_kp0_7599_ap0_0518_s42,15,0.0002,-147.7778,-7.6586,0.0001,-0.0001,-0.0019
R_E_kp0_7599_ap0_0518_s137,0,0.3714,0.0,0.0,0.3689,0.0074,0.0627
R_E_kp0_7599_ap0_0518_s137,1,0.3689,-1.0146,-0.0526,0.3622,0.001,0.0422
R_E_kp0_7599_ap0_0518_s137,2,0.3622,-3.6639,-0.1899,0.3349,0.0096,0.0554
R_E_kp0_7599_ap0_0518_s137,3,0.3349,-14.5287,-0.7529,0.2277,0.0156,0.0597
R_E_kp0_7599_ap0_0518_s137,4,0.2277,-57.1979,-2.9643,0.0328,0.0018,0.0013
R_E_kp0_7599_ap0_0518_s137,5,0.0328,-134.7669,-6.9843,0.0012,-0.0005,-0.0031
R_E_kp0_7599_ap0_0518_s137,6,0.0012,-147.3575,-7.6368,0.0002,-0.0002,-0.0024
R_E_kp0_7599_ap0_0518_s137,7,0.0002,-147.7651,-7.6579,0.0002,-0.0002,-0.0025
R_E_kp0_7599_ap0_0518_s137,8,0.0002,-147.7778,-7.6586,0.0003,-0.0003,-0.0032
R_E_kp0_7599_ap0_0518_s137,9,0.0003,-147.7141,-7.6553,0.0004,-0.0004,-0.0028
R_E_kp0_7599_ap0_0518_s137,10,0.0004,-147.6887,-7.654,0.0003,-0.0003,-0.0037
R_E_kp0_7599_ap0_0518_s137,11,0.0003,-147.7332,-7.6563,0.0002,-0.0002,-0.0022
R_E_kp0_7599_ap0_0518_s137,12,0.0002,-147.7778,-7.6586,0.0002,-0.0002,-0.0041
R_E_kp0_7599_ap0_0518_s137,13,0.0002,-147.7651,-7.6579,0.0003,-0.0003,-0.003
R_E_kp0_7599_ap0_0518_s137,14,0.0003,-147.7269,-7.656,0.0003,-0.0003,-0.0044
R_E_kp0_7599_ap0_0518_s137,15,0.0003,-147.7205,-7.6556,0.0003,-0.0003,-0.0043
R_E_kp0_7599_ap0_0518_s256,0,0.3714,0.0,0.0,0.3675,0.0083,0.0739
R_E_kp0_7599_ap0_0518_s256,1,0.3675,-1.575,-0.0816,0.3572,0.0036,0.0584
R_E_kp0_7599_ap0_0518_s256,2,0.3572,-5.6636,-0.2935,0.3164,0.008,0.0784
R_E_kp0_7599_ap0_0518_s256,3,0.3164,-21.9162,-1.1358,0.1644,0.0095,0.0481
R_E_kp0_7599_ap0_0518_s256,4,0.1644,-82.4238,-4.2716,0.0122,-0.0015,-0.0133
R_E_kp0_7599_ap0_0518_s256,5,0.0122,-143.0014,-7.4111,0.0004,-0.0004,-0.0057
R_E_kp0_7599_ap0_0518_s256,6,0.0004,-147.6759,-7.6533,0.0001,-0.0001,-0.0009
R_E_kp0_7599_ap0_0518_s256,7,0.0001,-147.8097,-7.6602,0.0002,-0.0002,0.0049
R_E_kp0_7599_ap0_0518_s256,8,0.0002,-147.746,-7.6569,0.0002,-0.0002,-0.0029
R_E_kp0_7599_ap0_0518_s256,9,0.0002,-147.7651,-7.6579,0.0002,-0.0002,-0.0022
R_E_kp0_7599_ap0_0518_s256,10,0.0002,-147.7778,-7.6586,0.0002,-0.0002,-0.0039
R_E_kp0_7599_ap0_0518_s256,11,0.0002,-147.746,-7.6569,0.0004,-0.0004,0.0013
R_E_kp0_7599_ap0_0518_s256,12,0.0004,-147.7014,-7.6546,0.0002,-0.0002,-0.0033
R_E_kp0_7599_ap0_0518_s256,13,0.0002,-147.7523,-7.6573,0.0003,-0.0003,-0.0036
R_E_kp0_7599_ap0_0518_s256,14,0.0003,-147.7141,-7.6553,0.0003,-0.0003,-0.0026
R_E_kp0_7599_ap0_0518_s256,15,0.0003,-147.7269,-7.656,0.0001,-0.0001,-0.0024
R_E_kp0_7599_ap0_0518_s1024,0,0.3714,0.0,0.0,0.3676,0.004,0.0646
R_E_kp0_7599_ap0_0518_s1024,1,0.3676,-1.5368,-0.0796,0.3572,0.0045,0.0671
R_E_kp0_7599_ap0_0518_s1024,2,0.3572,-5.6573,-0.2932,0.311,0.0087,0.07
R_E_kp0_7599_ap0_0518_s1024,3,0.311,-24.0624,-1.247,0.1485,0.0093,0.0473
R_E_kp0_7599_ap0_0518_s1024,4,0.1485,-88.7223,-4.598,0.0087,0.0008,-0.0
R_E_kp0_7599_ap0_0518_s1024,5,0.0087,-144.3897,-7.483,0.0005,-0.0005,0.0327
R_E_kp0_7599_ap0_0518_s1024,6,0.0005,-147.6568,-7.6523,0.0004,-0.0004,0.0202
R_E_kp0_7599_ap0_0518_s1024,7,0.0004,-147.6759,-7.6533,0.0002,-0.0002,-0.0043
R_E_kp0_7599_ap0_0518_s1024,8,0.0002,-147.746,-7.6569,0.0003,-0.0003,-0.0028
R_E_kp0_7599_ap0_0518_s1024,9,0.0003,-147.7332,-7.6563,0.0003,-0.0003,0.0046
R_E_kp0_7599_ap0_0518_s1024,10,0.0003,-147.7396,-7.6566,0.0001,-0.0001,-0.002
R_E_kp0_7599_ap0_0518_s1024,11,0.0001,-147.8097,-7.6602,0.0001,-0.0001,-0.0012
R_E_kp0_7599_ap0_0518_s1024,12,0.0001,-147.8033,-7.6599,0.0005,-0.0005,-0.0049
R_E_kp0_7599_ap0_0518_s1024,13,0.0005,-147.6504,-7.652,0.0002,-0.0002,0.0326
R_E_kp0_7599_ap0_0518_s1024,14,0.0002,-147.7523,-7.6573,0.0002,-0.0002,-0.0029
R_E_kp0_7599_ap0_0518_s1024,15,0.0002,-147.7714,-7.6583,0.0003,-0.0003,-0.0043
R_E_kp0_7599_ap0_0518_s31415,0,0.3714,0.0,0.0,0.3612,0.0028,0.0683
R_E_kp0_7599_ap0_0518_s31415,1,0.3612,-4.0651,-0.2107,0.3312,0.0096,0.0707
R_E_kp0_7599_ap0_0518_s31415,2,0.3312,-16.0189,-0.8302,0.2142,0.0121,0.0515
R_E_kp0_7599_ap0_0518_s31415,3,0.2142,-62.5857,-3.2435,0.0255,0.0025,0.0293
R_E_kp0_7599_ap0_0518_s31415,4,0.0255,-137.7091,-7.1368,0.0008,0.0007,-0.0014
R_E_kp0_7599_ap0_0518_s31415,5,0.0008,-147.5422,-7.6464,0.0002,-0.0002,-0.0025
R_E_kp0_7599_ap0_0518_s31415,6,0.0002,-147.7523,-7.6573,0.0003,-0.0003,-0.0028
R_E_kp0_7599_ap0_0518_s31415,7,0.0003,-147.7332,-7.6563,0.0004,-0.0004,0.0062
R_E_kp0_7599_ap0_0518_s31415,8,0.0004,-147.7014,-7.6546,0.0001,-0.0001,-0.003
R_E_kp0_7599_ap0_0518_s31415,9,0.0001,-147.7842,-7.6589,0.0002,-0.0002,-0.0032
R_E_kp0_7599_ap0_0518_s31415,10,0.0002,-147.7587,-7.6576,0.0002,-0.0002,-0.0021
R_E_kp0_7599_ap0_0518_s31415,11,0.0002,-147.7523,-7.6573,0.0004,0.0146,0.0497
R_E_kp0_7599_ap0_0518_s31415,12,0.0004,-147.6696,-7.653,0.0003,-0.0003,-0.0026
R_E_kp0_7599_ap0_0518_s31415,13,0.0003,-147.7396,-7.6566,0.0003,-0.0003,0.0124
R_E_kp0_7599_ap0_0518_s31415,14,0.0003,-147.7269,-7.656,0.0003,-0.0003,-0.0028
R_E_kp0_7599_ap0_0518_s31415,15,0.0003,-147.7141,-7.6553,0.0003,-0.0003,-0.004
R_E_kp0_7599_ap0_1032_s42,0,0.3714,0.0,0.0,0.3653,0.0072,0.0649
R_E_kp0_7599_ap0_1032_s42,1,0.3653,-2.4539,-0.2532,0.3242,0.0058,0.0525
R_E_kp0_7599_ap0_1032_s42,2,0.3242,-18.7956,-1.9394,0.0821,0.0119,0.0398
R_E_kp0_7599_ap0_1032_s42,3,0.0821,-115.1772,-11.8845,0.002,0.0002,0.0128
R_E_kp0_7599_ap0_1032_s42,4,0.002,-147.0391,-15.1721,0.0,0.0,0.0
R_E_kp0_7599_ap0_1032_s42,5,0.0,-147.8415,-15.2549,0.0,0.0,0.0
R_E_kp0_7599_ap0_1032_s42,6,0.0,-147.8415,-15.2549,0.0,0.0,0.0
R_E_kp0_7599_ap0_1032_s42,7,0.0,-147.8415,-15.2549,0.0,0.0,0.0
R_E_kp0_7599_ap0_1032_s42,8,0.0,-147.8415,-15.2549,0.0,0.0,0.0
R_E_kp0_7599_ap0_1032_s42,9,0.0,-147.8415,-15.2549,0.0,0.0,0.0
R_E_kp0_7599_ap0_1032_s42,10,0.0,-147.8415,-15.2549,0.0,0.0,0.0
R_E_kp0_7599_ap0_1032_s42,11,0.0,-147.8415,-15.2549,0.0,0.0,0.0
R_E_kp0_7599_ap0_1032_s42,12,0.0,-147.8415,-15.2549,0.0,0.0,0.0
R_E_kp0_7599_ap0_1032_s42,13,0.0,-147.8415,-15.2549,0.0,0.0,0.0
R_E_kp0_7599_ap0_1032_s42,14,0.0,-147.8415,-15.2549,0.0,0.0,0.0
R_E_kp0_7599_ap0_1032_s42,15,0.0,-147.8415,-15.2549,0.0,0.0,0.0
R_E_kp0_7599_ap0_1032_s137,0,0.3714,0.0,0.0,0.3689,0.0074,0.0627
R_E_kp0_7599_ap0_1032_s137,1,0.3689,-1.0146,-0.1047,0.3518,0.0021,0.0438
R_E_kp0_7599_ap0_1032_s137,2,0.3518,-7.8035,-0.8052,0.2192,0.0139,0.0504
R_E_kp0_7599_ap0_1032_s137,3,0.2192,-60.586,-6.2515,0.0064,-0.0009,-0.0038
R_E_kp0_7599_ap0_1032_s137,4,0.0064,-145.3068,-14.9934,0.0,-0.0,-0.0008
R_E_kp0_7599_ap0_1032_s137,5,0.0,-147.8288,-15.2536,0.0,0.0,0.0
R_E_kp0_7599_ap0_1032_s137,6,0.0,-147.8415,-15.2549,0.0,0.0,0.0
R_E_kp0_7599_ap0_1032_s137,7,0.0,-147.8415,-15.2549,0.0,0.0,0.0
R_E_kp0_7599_ap0_1032_s137,8,0.0,-147.8415,-15.2549,0.0,0.0,0.0
R_E_kp0_7599_ap0_1032_s137,9,0.0,-147.8415,-15.2549,0.0,0.0,0.0
R_E_kp0_7599_ap0_1032_s137,10,0.0,-147.8415,-15.2549,0.0,0.0,0.0
R_E_kp0_7599_ap0_1032_s137,11,0.0,-147.8415,-15.2549,0.0,0.0,0.0
R_E_kp0_7599_ap0_1032_s137,12,0.0,-147.8415,-15.2549,0.0,0.0,0.0
R_E_kp0_7599_ap0_1032_s137,13,0.0,-147.8415,-15.2549,0.0,0.0,0.0
R_E_kp0_7599_ap0_1032_s137,14,0.0,-147.8415,-15.2549,0.0,0.0,0.0
R_E_kp0_7599_ap0_1032_s137,15,0.0,-147.8415,-15.2549,0.0,0.0,0.0
R_E_kp0_7599_ap0_1032_s256,0,0.3714,0.0,0.0,0.3675,0.0083,0.0739
R_E_kp0_7599_ap0_1032_s256,1,0.3675,-1.575,-0.1625,0.3409,0.0047,0.0682
R_E_kp0_7599_ap0_1032_s256,2,0.3409,-12.1532,-1.254,0.1492,0.0128,0.0457
R_E_kp0_7599_ap0_1032_s256,3,0.1492,-88.4675,-9.1285,0.0035,-0.0008,-0.0079
R_E_kp0_7599_ap0_1032_s256,4,0.0035,-146.4468,-15.111,0.0,0.0,0.0
R_E_kp0_7599_ap0_1032_s256,5,0.0,-147.8415,-15.2549,0.0,0.0,0.0
R_E_kp0_7599_ap0_1032_s256,6,0.0,-147.8415,-15.2549,0.0,0.0,0.0
R_E_kp0_7599_ap0_1032_s256,7,0.0,-147.8415,-15.2549,0.0,0.0,0.0
R_E_kp0_7599_ap0_1032_s256,8,0.0,-147.8415,-15.2549,0.0,0.0,0.0
R_E_kp0_7599_ap0_1032_s256,9,0.0,-147.8415,-15.2549,0.0,0.0,0.0
R_E_kp0_7599_ap0_1032_s256,10,0.0,-147.8415,-15.2549,0.0,0.0,0.0
R_E_kp0_7599_ap0_1032_s256,11,0.0,-147.8415,-15.2549,0.0,0.0,0.0
R_E_kp0_7599_ap0_1032_s256,12,0.0,-147.8415,-15.2549,0.0,0.0,0.0
R_E_kp0_7599_ap0_1032_s256,13,0.0,-147.8415,-15.2549,0.0,0.0,0.0
R_E_kp0_7599_ap0_1032_s256,14,0.0,-147.8415,-15.2549,0.0,0.0,0.0
R_E_kp0_7599_ap0_1032_s256,15,0.0,-147.8415,-15.2549,0.0,0.0,0.0
R_E_kp0_7599_ap0_1032_s1024,0,0.3714,0.0,0.0,0.3676,0.004,0.0646
R_E_kp0_7599_ap0_1032_s1024,1,0.3676,-1.5368,-0.1586,0.3419,0.006,0.0641
R_E_kp0_7599_ap0_1032_s1024,2,0.3419,-11.7392,-1.2113,0.1559,0.011,0.0539
R_E_kp0_7599_ap0_1032_s1024,3,0.1559,-85.7991,-8.8531,0.0035,0.0027,0.0255
R_E_kp0_7599_ap0_1032_s1024,4,0.0035,-146.4404,-15.1103,0.0,0.0,0.0
R_E_kp0_7599_ap0_1032_s1024,5,0.0,-147.8415,-15.2549,0.0,0.0,0.0
R_E_kp0_7599_ap0_1032_s1024,6,0.0,-147.8415,-15.2549,0.0,0.0,0.0
R_E_kp0_7599_ap0_1032_s1024,7,0.0,-147.8415,-15.2549,0.0,0.0,0.0
R_E_kp0_7599_ap0_1032_s1024,8,0.0,-147.8415,-15.2549,0.0,0.0,0.0
R_E_kp0_7599_ap0_1032_s1024,9,0.0,-147.8415,-15.2549,0.0,0.0,0.0
R_E_kp0_7599_ap0_1032_s1024,10,0.0,-147.8415,-15.2549,0.0,0.0,0.0
R_E_kp0_7599_ap0_1032_s1024,11,0.0,-147.8415,-15.2549,0.0,0.0,0.0
R_E_kp0_7599_ap0_1032_s1024,12,0.0,-147.8415,-15.2549,0.0,0.0,0.0
R_E_kp0_7599_ap0_1032_s1024,13,0.0,-147.8415,-15.2549,0.0,0.0,0.0
R_E_kp0_7599_ap0_1032_s1024,14,0.0,-147.8415,-15.2549,0.0,0.0,0.0
R_E_kp0_7599_ap0_1032_s1024,15,0.0,-147.8415,-15.2549,0.0,0.0,0.0
R_E_kp0_7599_ap0_1032_s31415,0,0.3714,0.0,0.0,0.3612,0.0028,0.0683
R_E_kp0_7599_ap0_1032_s31415,1,0.3612,-4.0651,-0.4195,0.2902,0.0126,0.0675
R_E_kp0_7599_ap0_1032_s31415,2,0.2902,-32.3224,-3.3352,0.0274,0.0011,0.0024
R_E_kp0_7599_ap0_1032_s31415,3,0.0274,-136.9322,-14.1292,0.0005,-0.0005,-0.0049
R_E_kp0_7599_ap0_1032_s31415,4,0.0005,-147.6568,-15.2359,0.0,0.0,0.0
R_E_kp0_7599_ap0_1032_s31415,5,0.0,-147.8415,-15.2549,0.0,0.0,0.0
R_E_kp0_7599_ap0_1032_s31415,6,0.0,-147.8415,-15.2549,0.0,0.0,0.0
R_E_kp0_7599_ap0_1032_s31415,7,0.0,-147.8415,-15.2549,0.0,0.0,0.0
R_E_kp0_7599_ap0_1032_s31415,8,0.0,-147.8415,-15.2549,0.0,0.0,0.0
R_E_kp0_7599_ap0_1032_s31415,9,0.0,-147.8415,-15.2549,0.0,0.0,0.0
R_E_kp0_7599_ap0_1032_s31415,10,0.0,-147.8415,-15.2549,0.0,0.0,0.0
R_E_kp0_7599_ap0_1032_s31415,11,0.0,-147.8415,-15.2549,0.0,0.0,0.0
R_E_kp0_7599_ap0_1032_s31415,12,0.0,-147.8415,-15.2549,0.0,0.0,0.0
R_E_kp0_7599_ap0_1032_s31415,13,0.0,-147.8415,-15.2549,0.0,0.0,0.0
R_E_kp0_7599_ap0_1032_s31415,14,0.0,-147.8415,-15.2549,0.0,0.0,0.0
R_E_kp0_7599_ap0_1032_s31415,15,0.0,-147.8415,-15.2549,0.0,0.0,0.0
R_E_kp0_7599_ap0_2048_s42,0,0.3714,0.0,0.0,0.3653,0.0072,0.0649
R_E_kp0_7599_ap0_2048_s42,1,0.3653,-2.4539,-0.5025,0.274,0.0081,0.062
R_E_kp0_7599_ap0_2048_s42,2,0.274,-38.7737,-7.9406,0.008,-0.0011,0.0039
R_E_kp0_7599_ap0_2048_s42,3,0.008,-144.6381,-29.6211,0.0,0.0,0.0
R_E_kp0_7599_ap0_2048_s42,4,0.0,-147.8415,-30.2771,0.0,0.0,0.0
R_E_kp0_7599_ap0_2048_s42,5,0.0,-147.8415,-30.2771,0.0,0.0,0.0
R_E_kp0_7599_ap0_2048_s42,6,0.0,-147.8415,-30.2771,0.0,0.0,0.0
R_E_kp0_7599_ap0_2048_s42,7,0.0,-147.8415,-30.2771,0.0,0.0,0.0
R_E_kp0_7599_ap0_2048_s42,8,0.0,-147.8415,-30.2771,0.0,0.0,0.0
R_E_kp0_7599_ap0_2048_s42,9,0.0,-147.8415,-30.2771,0.0,0.0,0.0
R_E_kp0_7599_ap0_2048_s42,10,0.0,-147.8415,-30.2771,0.0,0.0,0.0
R_E_kp0_7599_ap0_2048_s42,11,0.0,-147.8415,-30.2771,0.0,0.0,0.0
R_E_kp0_7599_ap0_2048_s42,12,0.0,-147.8415,-30.2771,0.0,0.0,0.0
R_E_kp0_7599_ap0_2048_s42,13,0.0,-147.8415,-30.2771,0.0,0.0,0.0
R_E_kp0_7599_ap0_2048_s42,14,0.0,-147.8415,-30.2771,0.0,0.0,0.0
R_E_kp0_7599_ap0_2048_s42,15,0.0,-147.8415,-30.2771,0.0,0.0,0.0
R_E_kp0_7599_ap0_2048_s137,0,0.3714,0.0,0.0,0.3689,0.0074,0.0627
R_E_kp0_7599_ap0_2048_s137,1,0.3689,-1.0146,-0.2078,0.3309,0.0043,0.0483
R_E_kp0_7599_ap0_2048_s137,2,0.3309,-16.1144,-3.3001,0.0273,0.0046,0.0132
R_E_kp0_7599_ap0_2048_s137,3,0.0273,-136.9768,-28.0521,0.0006,-0.0006,-0.005
R_E_kp0_7599_ap0_2048_s137,4,0.0006,-147.6059,-30.2289,0.0,0.0,0.0
R_E_kp0_7599_ap0_2048_s137,5,0.0,-147.8415,-30.2771,0.0,0.0,0.0
R_E_kp0_7599_ap0_2048_s137,6,0.0,-147.8415,-30.2771,0.0,0.0,0.0
R_E_kp0_7599_ap0_2048_s137,7,0.0,-147.8415,-30.2771,0.0,0.0,0.0
R_E_kp0_7599_ap0_2048_s137,8,0.0,-147.8415,-30.2771,0.0,0.0,0.0
R_E_kp0_7599_ap0_2048_s137,9,0.0,-147.8415,-30.2771,0.0,0.0,0.0
R_E_kp0_7599_ap0_2048_s137,10,0.0,-147.8415,-30.2771,0.0,0.0,0.0
R_E_kp0_7599_ap0_2048_s137,11,0.0,-147.8415,-30.2771,0.0,0.0,0.0
R_E_kp0_7599_ap0_2048_s137,12,0.0,-147.8415,-30.2771,0.0,0.0,0.0
R_E_kp0_7599_ap0_2048_s137,13,0.0,-147.8415,-30.2771,0.0,0.0,0.0
R_E_kp0_7599_ap0_2048_s137,14,0.0,-147.8415,-30.2771,0.0,0.0,0.0
R_E_kp0_7599_ap0_2048_s137,15,0.0,-147.8415,-30.2771,0.0,0.0,0.0
R_E_kp0_7599_ap0_2048_s256,0,0.3714,0.0,0.0,0.3675,0.0083,0.0739
R_E_kp0_7599_ap0_2048_s256,1,0.3675,-1.575,-0.3226,0.309,0.007,0.0625
R_E_kp0_7599_ap0_2048_s256,2,0.309,-24.8393,-5.087,0.0103,-0.0014,0.0078
R_E_kp0_7599_ap0_2048_s256,3,0.0103,-143.7529,-29.4398,0.0001,-0.0001,-0.0013
R_E_kp0_7599_ap0_2048_s256,4,0.0001,-147.7969,-30.268,0.0,0.0,0.0
R_E_kp0_7599_ap0_2048_s256,5,0.0,-147.8415,-30.2771,0.0,0.0,0.0
R_E_kp0_7599_ap0_2048_s256,6,0.0,-147.8415,-30.2771,0.0,0.0,0.0
R_E_kp0_7599_ap0_2048_s256,7,0.0,-147.8415,-30.2771,0.0,0.0,0.0
R_E_kp0_7599_ap0_2048_s256,8,0.0,-147.8415,-30.2771,0.0,0.0,0.0
R_E_kp0_7599_ap0_2048_s256,9,0.0,-147.8415,-30.2771,0.0,0.0,0.0
R_E_kp0_7599_ap0_2048_s256,10,0.0,-147.8415,-30.2771,0.0,0.0,0.0
R_E_kp0_7599_ap0_2048_s256,11,0.0,-147.8415,-30.2771,0.0,0.0,0.0
R_E_kp0_7599_ap0_2048_s256,12,0.0,-147.8415,-30.2771,0.0,0.0,0.0
R_E_kp0_7599_ap0_2048_s256,13,0.0,-147.8415,-30.2771,0.0,0.0,0.0
R_E_kp0_7599_ap0_2048_s256,14,0.0,-147.8415,-30.2771,0.0,0.0,0.0
R_E_kp0_7599_ap0_2048_s256,15,0.0,-147.8415,-30.2771,0.0,0.0,0.0
R_E_kp0_7599_ap0_2048_s1024,0,0.3714,0.0,0.0,0.3676,0.004,0.0646
R_E_kp0_7599_ap0_2048_s1024,1,0.3676,-1.5368,-0.3147,0.3115,0.0087,0.0741
R_E_kp0_7599_ap0_2048_s1024,2,0.3115,-23.8522,-4.8848,0.0124,-0.003,-0.0113
R_E_kp0_7599_ap0_2048_s1024,3,0.0124,-142.925,-29.2702,0.0,-0.0,-0.0007
R_E_kp0_7599_ap0_2048_s1024,4,0.0,-147.8224,-30.2732,0.0,0.0,0.0
R_E_kp0_7599_ap0_2048_s1024,5,0.0,-147.8415,-30.2771,0.0,0.0,0.0
R_E_kp0_7599_ap0_2048_s1024,6,0.0,-147.8415,-30.2771,0.0,0.0,0.0
R_E_kp0_7599_ap0_2048_s1024,7,0.0,-147.8415,-30.2771,0.0,0.0,0.0
R_E_kp0_7599_ap0_2048_s1024,8,0.0,-147.8415,-30.2771,0.0,0.0,0.0
R_E_kp0_7599_ap0_2048_s1024,9,0.0,-147.8415,-30.2771,0.0,0.0,0.0
R_E_kp0_7599_ap0_2048_s1024,10,0.0,-147.8415,-30.2771,0.0,0.0,0.0
R_E_kp0_7599_ap0_2048_s1024,11,0.0,-147.8415,-30.2771,0.0,0.0,0.0
R_E_kp0_7599_ap0_2048_s1024,12,0.0,-147.8415,-30.2771,0.0,0.0,0.0
R_E_kp0_7599_ap0_2048_s1024,13,0.0,-147.8415,-30.2771,0.0,0.0,0.0
R_E_kp0_7599_ap0_2048_s1024,14,0.0,-147.8415,-30.2771,0.0,0.0,0.0
R_E_kp0_7599_ap0_2048_s1024,15,0.0,-147.8415,-30.2771,0.0,0.0,0.0
R_E_kp0_7599_ap0_2048_s31415,0,0.3714,0.0,0.0,0.3612,0.0028,0.0683
R_E_kp0_7599_ap0_2048_s31415,1,0.3612,-4.0651,-0.8325,0.2131,0.0142,0.0581
R_E_kp0_7599_ap0_2048_s31415,2,0.2131,-63.0252,-12.9072,0.0057,-0.0012,-0.0176
R_E_kp0_7599_ap0_2048_s31415,3,0.0057,-145.5679,-29.8115,0.0,0.0,0.0
R_E_kp0_7599_ap0_2048_s31415,4,0.0,-147.8415,-30.2771,0.0,0.0,0.0
R_E_kp0_7599_ap0_2048_s31415,5,0.0,-147.8415,-30.2771,0.0,0.0,0.0
R_E_kp0_7599_ap0_2048_s31415,6,0.0,-147.8415,-30.2771,0.0,0.0,0.0
R_E_kp0_7599_ap0_2048_s31415,7,0.0,-147.8415,-30.2771,0.0,0.0,0.0
R_E_kp0_7599_ap0_2048_s31415,8,0.0,-147.8415,-30.2771,0.0,0.0,0.0
R_E_kp0_7599_ap0_2048_s31415,9,0.0,-147.8415,-30.2771,0.0,0.0,0.0
R_E_kp0_7599_ap0_2048_s31415,10,0.0,-147.8415,-30.2771,0.0,0.0,0.0
R_E_kp0_7599_ap0_2048_s31415,11,0.0,-147.8415,-30.2771,0.0,0.0,0.0
R_E_kp0_7599_ap0_2048_s31415,12,0.0,-147.8415,-30.2771,0.0,0.0,0.0
R_E_kp0_7599_ap0_2048_s31415,13,0.0,-147.8415,-30.2771,0.0,0.0,0.0
R_E_kp0_7599_ap0_2048_s31415,14,0.0,-147.8415,-30.2771,0.0,0.0,0.0
R_E_kp0_7599_ap0_2048_s31415,15,0.0,-147.8415,-30.2771,0.0,0.0,0.0
R_E_kp0_7599_ap0_4055_s42,0,0.3714,0.0,0.0,0.3653,0.0072,0.0649
R_E_kp0_7599_ap0_4055_s42,1,0.3653,-2.4539,-0.995,0.1883,0.0134,0.0698
R_E_kp0_7599_ap0_4055_s42,2,0.1883,-72.9091,-29.5621,0.0053,-0.0005,0.008
R_E_kp0_7599_ap0_4055_s42,3,0.0053,-145.7144,-59.0821,0.0,0.0,0.0
R_E_kp0_7599_ap0_4055_s42,4,0.0,-147.8415,-59.9446,0.0,0.0,0.0
R_E_kp0_7599_ap0_4055_s42,5,0.0,-147.8415,-59.9446,0.0,0.0,0.0
R_E_kp0_7599_ap0_4055_s42,6,0.0,-147.8415,-59.9446,0.0,0.0,0.0
R_E_kp0_7599_ap0_4055_s42,7,0.0,-147.8415,-59.9446,0.0,0.0,0.0
R_E_kp0_7599_ap0_4055_s42,8,0.0,-147.8415,-59.9446,0.0,0.0,0.0
R_E_kp0_7599_ap0_4055_s42,9,0.0,-147.8415,-59.9446,0.0,0.0,0.0
R_E_kp0_7599_ap0_4055_s42,10,0.0,-147.8415,-59.9446,0.0,0.0,0.0
R_E_kp0_7599_ap0_4055_s42,11,0.0,-147.8415,-59.9446,0.0,0.0,0.0
R_E_kp0_7599_ap0_4055_s42,12,0.0,-147.8415,-59.9446,0.0,0.0,0.0
R_E_kp0_7599_ap0_4055_s42,13,0.0,-147.8415,-59.9446,0.0,0.0,0.0
R_E_kp0_7599_ap0_4055_s42,14,0.0,-147.8415,-59.9446,0.0,0.0,0.0
R_E_kp0_7599_ap0_4055_s42,15,0.0,-147.8415,-59.9446,0.0,0.0,0.0
R_E_kp0_7599_ap0_4055_s137,0,0.3714,0.0,0.0,0.3689,0.0074,0.0627
R_E_kp0_7599_ap0_4055_s137,1,0.3689,-1.0146,-0.4114,0.2917,0.0076,0.058
R_E_kp0_7599_ap0_4055_s137,2,0.2917,-31.7365,-12.868,0.0085,0.0022,0.008
R_E_kp0_7599_ap0_4055_s137,3,0.0085,-144.4725,-58.5786,0.0,0.0,0.0
R_E_kp0_7599_ap0_4055_s137,4,0.0,-147.8415,-59.9446,0.0,0.0,0.0
R_E_kp0_7599_ap0_4055_s137,5,0.0,-147.8415,-59.9446,0.0,0.0,0.0
R_E_kp0_7599_ap0_4055_s137,6,0.0,-147.8415,-59.9446,0.0,0.0,0.0
R_E_kp0_7599_ap0_4055_s137,7,0.0,-147.8415,-59.9446,0.0,0.0,0.0
R_E_kp0_7599_ap0_4055_s137,8,0.0,-147.8415,-59.9446,0.0,0.0,0.0
R_E_kp0_7599_ap0_4055_s137,9,0.0,-147.8415,-59.9446,0.0,0.0,0.0
R_E_kp0_7599_ap0_4055_s137,10,0.0,-147.8415,-59.9446,0.0,0.0,0.0
R_E_kp0_7599_ap0_4055_s137,11,0.0,-147.8415,-59.9446,0.0,0.0,0.0
R_E_kp0_7599_ap0_4055_s137,12,0.0,-147.8415,-59.9446,0.0,0.0,0.0
R_E_kp0_7599_ap0_4055_s137,13,0.0,-147.8415,-59.9446,0.0,0.0,0.0
R_E_kp0_7599_ap0_4055_s137,14,0.0,-147.8415,-59.9446,0.0,0.0,0.0
R_E_kp0_7599_ap0_4055_s137,15,0.0,-147.8415,-59.9446,0.0,0.0,0.0
R_E_kp0_7599_ap0_4055_s256,0,0.3714,0.0,0.0,0.3675,0.0083,0.0739
R_E_kp0_7599_ap0_4055_s256,1,0.3675,-1.575,-0.6386,0.2472,0.0113,0.0666
R_E_kp0_7599_ap0_4055_s256,2,0.2472,-49.441,-20.0466,0.0063,-0.0003,0.0063
R_E_kp0_7599_ap0_4055_s256,3,0.0063,-145.345,-58.9323,0.0,0.0,0.0
R_E_kp0_7599_ap0_4055_s256,4,0.0,-147.8415,-59.9446,0.0,0.0,0.0
R_E_kp0_7599_ap0_4055_s256,5,0.0,-147.8415,-59.9446,0.0,0.0,0.0
R_E_kp0_7599_ap0_4055_s256,6,0.0,-147.8415,-59.9446,0.0,0.0,0.0
R_E_kp0_7599_ap0_4055_s256,7,0.0,-147.8415,-59.9446,0.0,0.0,0.0
R_E_kp0_7599_ap0_4055_s256,8,0.0,-147.8415,-59.9446,0.0,0.0,0.0
R_E_kp0_7599_ap0_4055_s256,9,0.0,-147.8415,-59.9446,0.0,0.0,0.0
R_E_kp0_7599_ap0_4055_s256,10,0.0,-147.8415,-59.9446,0.0,0.0,0.0
R_E_kp0_7599_ap0_4055_s256,11,0.0,-147.8415,-59.9446,0.0,0.0,0.0
R_E_kp0_7599_ap0_4055_s256,12,0.0,-147.8415,-59.9446,0.0,0.0,0.0
R_E_kp0_7599_ap0_4055_s256,13,0.0,-147.8415,-59.9446,0.0,0.0,0.0
R_E_kp0_7599_ap0_4055_s256,14,0.0,-147.8415,-59.9446,0.0,0.0,0.0
R_E_kp0_7599_ap0_4055_s256,15,0.0,-147.8415,-59.9446,0.0,0.0,0.0
R_E_kp0_7599_ap0_4055_s1024,0,0.3714,0.0,0.0,0.3676,0.004,0.0646
R_E_kp0_7599_ap0_4055_s1024,1,0.3676,-1.5368,-0.6231,0.252,0.0109,0.0731
R_E_kp0_7599_ap0_4055_s1024,2,0.252,-47.556,-19.2823,0.0072,0.0007,0.0058
R_E_kp0_7599_ap0_4055_s1024,3,0.0072,-144.9948,-58.7903,0.0,0.0,0.0
R_E_kp0_7599_ap0_4055_s1024,4,0.0,-147.8415,-59.9446,0.0,0.0,0.0
R_E_kp0_7599_ap0_4055_s1024,5,0.0,-147.8415,-59.9446,0.0,0.0,0.0
R_E_kp0_7599_ap0_4055_s1024,6,0.0,-147.8415,-59.9446,0.0,0.0,0.0
R_E_kp0_7599_ap0_4055_s1024,7,0.0,-147.8415,-59.9446,0.0,0.0,0.0
R_E_kp0_7599_ap0_4055_s1024,8,0.0,-147.8415,-59.9446,0.0,0.0,0.0
R_E_kp0_7599_ap0_4055_s1024,9,0.0,-147.8415,-59.9446,0.0,0.0,0.0
R_E_kp0_7599_ap0_4055_s1024,10,0.0,-147.8415,-59.9446,0.0,0.0,0.0
R_E_kp0_7599_ap0_4055_s1024,11,0.0,-147.8415,-59.9446,0.0,0.0,0.0
R_E_kp0_7599_ap0_4055_s1024,12,0.0,-147.8415,-59.9446,0.0,0.0,0.0
R_E_kp0_7599_ap0_4055_s1024,13,0.0,-147.8415,-59.9446,0.0,0.0,0.0
R_E_kp0_7599_ap0_4055_s1024,14,0.0,-147.8415,-59.9446,0.0,0.0,0.0
R_E_kp0_7599_ap0_4055_s1024,15,0.0,-147.8415,-59.9446,0.0,0.0,0.0
R_E_kp0_7599_ap0_4055_s31415,0,0.3714,0.0,0.0,0.3612,0.0028,0.0683
R_E_kp0_7599_ap0_4055_s31415,1,0.3612,-4.0651,-1.6483,0.1055,0.0083,0.0284
R_E_kp0_7599_ap0_4055_s31415,2,0.1055,-105.8664,-42.9251,0.0028,-0.0015,-0.0124
R_E_kp0_7599_ap0_4055_s31415,3,0.0028,-146.7334,-59.4953,0.0,0.0,0.0
R_E_kp0_7599_ap0_4055_s31415,4,0.0,-147.8415,-59.9446,0.0,0.0,0.0
R_E_kp0_7599_ap0_4055_s31415,5,0.0,-147.8415,-59.9446,0.0,0.0,0.0
R_E_kp0_7599_ap0_4055_s31415,6,0.0,-147.8415,-59.9446,0.0,0.0,0.0
R_E_kp0_7599_ap0_4055_s31415,7,0.0,-147.8415,-59.9446,0.0,0.0,0.0
R_E_kp0_7599_ap0_4055_s31415,8,0.0,-147.8415,-59.9446,0.0,0.0,0.0
R_E_kp0_7599_ap0_4055_s31415,9,0.0,-147.8415,-59.9446,0.0,0.0,0.0
R_E_kp0_7599_ap0_4055_s31415,10,0.0,-147.8415,-59.9446,0.0,0.0,0.0
R_E_kp0_7599_ap0_4055_s31415,11,0.0,-147.8415,-59.9446,0.0,0.0,0.0
R_E_kp0_7599_ap0_4055_s31415,12,0.0,-147.8415,-59.9446,0.0,0.0,0.0
R_E_kp0_7599_ap0_4055_s31415,13,0.0,-147.8415,-59.9446,0.0,0.0,0.0
R_E_kp0_7599_ap0_4055_s31415,14,0.0,-147.8415,-59.9446,0.0,0.0,0.0
R_E_kp0_7599_ap0_4055_s31415,15,0.0,-147.8415,-59.9446,0.0,0.0,0.0
R_E_km0_7599_ap0_0000_s42,0,0.4187,0.0,0.0,0.4221,0.0045,-0.034
R_E_km0_7599_ap0_0000_s42,1,0.4221,1.9429,0.0,0.4184,0.001,-0.056
R_E_km0_7599_ap0_0000_s42,2,0.4184,-0.1719,-0.0,0.4173,0.0048,-0.0344
R_E_km0_7599_ap0_0000_s42,3,0.4173,-0.8127,-0.0,0.4192,0.0038,-0.058
R_E_km0_7599_ap0_0000_s42,4,0.4192,0.2859,0.0,0.4188,0.0067,-0.05
R_E_km0_7599_ap0_0000_s42,5,0.4188,0.0661,0.0,0.4203,0.0054,-0.0508
R_E_km0_7599_ap0_0000_s42,6,0.4203,0.9084,0.0,0.4182,0.0032,-0.0525
R_E_km0_7599_ap0_0000_s42,7,0.4182,-0.2817,-0.0,0.4191,0.0054,-0.0531
R_E_km0_7599_ap0_0000_s42,8,0.4191,0.1943,0.0,0.4171,0.0029,-0.0372
R_E_km0_7599_ap0_0000_s42,9,0.4171,-0.9317,-0.0,0.419,0.0061,-0.0303
R_E_km0_7599_ap0_0000_s42,10,0.419,0.1577,0.0,0.4201,0.0071,-0.0444
R_E_km0_7599_ap0_0000_s42,11,0.4201,0.8077,0.0,0.4165,0.0034,-0.0506
R_E_km0_7599_ap0_0000_s42,12,0.4165,-1.2613,-0.0,0.4193,0.0024,-0.0451
R_E_km0_7599_ap0_0000_s42,13,0.4193,0.3408,0.0,0.4181,-0.0002,-0.0565
R_E_km0_7599_ap0_0000_s42,14,0.4181,-0.3641,-0.0,0.4177,0.0036,-0.0399
R_E_km0_7599_ap0_0000_s42,15,0.4177,-0.6022,-0.0,0.4202,0.001,-0.0351
R_E_km0_7599_ap0_0000_s137,0,0.4187,0.0,0.0,0.4245,0.0057,-0.04
R_E_km0_7599_ap0_0000_s137,1,0.4245,3.3253,0.0,0.4174,0.0019,-0.0501
R_E_km0_7599_ap0_0000_s137,2,0.4174,-0.7761,-0.0,0.4169,0.0052,-0.0576
R_E_km0_7599_ap0_0000_s137,3,0.4169,-1.0507,-0.0,0.419,0.0049,-0.0421
R_E_km0_7599_ap0_0000_s137,4,0.419,0.1668,0.0,0.4197,0.0065,-0.0484
R_E_km0_7599_ap0_0000_s137,5,0.4197,0.5422,0.0,0.4171,0.0069,-0.0384
R_E_km0_7599_ap0_0000_s137,6,0.4171,-0.9134,-0.0,0.4175,0.0036,-0.0509
R_E_km0_7599_ap0_0000_s137,7,0.4175,-0.7029,-0.0,0.4189,0.0031,-0.04
R_E_km0_7599_ap0_0000_s137,8,0.4189,0.0936,0.0,0.418,0.0033,-0.049
R_E_km0_7599_ap0_0000_s137,9,0.418,-0.4191,-0.0,0.4185,0.0077,-0.0335
R_E_km0_7599_ap0_0000_s137,10,0.4185,-0.1353,-0.0,0.4189,0.0017,-0.0349
R_E_km0_7599_ap0_0000_s137,11,0.4189,0.1211,0.0,0.4188,0.0056,-0.035
R_E_km0_7599_ap0_0000_s137,12,0.4188,0.0661,0.0,0.4182,0.0016,-0.0446
R_E_km0_7599_ap0_0000_s137,13,0.4182,-0.3275,-0.0,0.4174,0.0044,-0.0446
R_E_km0_7599_ap0_0000_s137,14,0.4174,-0.7395,-0.0,0.4193,0.0047,-0.0408
R_E_km0_7599_ap0_0000_s137,15,0.4193,0.3316,0.0,0.418,0.0024,-0.0214
R_E_km0_7599_ap0_0000_s256,0,0.4187,0.0,0.0,0.4239,0.0072,-0.0438
R_E_km0_7599_ap0_0000_s256,1,0.4239,2.9682,0.0,0.4193,0.002,-0.0523
R_E_km0_7599_ap0_0000_s256,2,0.4193,0.3225,0.0,0.4195,0.003,-0.0464
R_E_km0_7599_ap0_0000_s256,3,0.4195,0.4232,0.0,0.4207,0.0056,-0.037
R_E_km0_7599_ap0_0000_s256,4,0.4207,1.1373,0.0,0.4181,0.0064,-0.0312
R_E_km0_7599_ap0_0000_s256,5,0.4181,-0.3641,-0.0,0.4149,0.0051,-0.0568
R_E_km0_7599_ap0_0000_s256,6,0.4149,-2.2134,-0.0,0.4178,-0.001,-0.0466
R_E_km0_7599_ap0_0000_s256,7,0.4178,-0.5381,-0.0,0.4208,0.0045,-0.0443
R_E_km0_7599_ap0_0000_s256,8,0.4208,1.183,0.0,0.4199,0.0076,-0.0487
R_E_km0_7599_ap0_0000_s256,9,0.4199,0.6612,0.0,0.4203,0.0015,-0.0307
R_E_km0_7599_ap0_0000_s256,10,0.4203,0.9084,0.0,0.4172,0.0022,-0.0478
R_E_km0_7599_ap0_0000_s256,11,0.4172,-0.8951,-0.0,0.4184,0.0031,-0.0454
R_E_km0_7599_ap0_0000_s256,12,0.4184,-0.2085,-0.0,0.418,0.0039,-0.044
R_E_km0_7599_ap0_0000_s256,13,0.418,-0.4191,-0.0,0.4171,0.0103,-0.0396
R_E_km0_7599_ap0_0000_s256,14,0.4171,-0.9317,-0.0,0.419,0.0015,-0.0197
R_E_km0_7599_ap0_0000_s256,15,0.419,0.1668,0.0,0.418,0.0045,-0.0449
R_E_km0_7599_ap0_0000_s1024,0,0.4187,0.0,0.0,0.424,0.0024,-0.0487
R_E_km0_7599_ap0_0000_s1024,1,0.424,2.9957,0.0,0.4197,0.0042,-0.0521
R_E_km0_7599_ap0_0000_s1024,2,0.4197,0.5697,0.0,0.4164,0.0059,-0.038
R_E_km0_7599_ap0_0000_s1024,3,0.4164,-1.3437,-0.0,0.4189,0.0053,-0.0397
R_E_km0_7599_ap0_0000_s1024,4,0.4189,0.0845,0.0,0.4196,0.0059,-0.0398
R_E_km0_7599_ap0_0000_s1024,5,0.4196,0.5056,0.0,0.4195,0.0042,-0.0467
R_E_km0_7599_ap0_0000_s1024,6,0.4195,0.4323,0.0,0.4221,0.0018,-0.0434
R_E_km0_7599_ap0_0000_s1024,7,0.4221,1.9063,0.0,0.416,0.0044,-0.0363
R_E_km0_7599_ap0_0000_s1024,8,0.416,-1.5451,-0.0,0.4153,0.004,-0.035
R_E_km0_7599_ap0_0000_s1024,9,0.4153,-1.9388,-0.0,0.4184,0.0008,-0.0461
R_E_km0_7599_ap0_0000_s1024,10,0.4184,-0.2085,-0.0,0.4187,0.0056,-0.0421
R_E_km0_7599_ap0_0000_s1024,11,0.4187,-0.0162,-0.0,0.4188,0.0058,-0.0426
R_E_km0_7599_ap0_0000_s1024,12,0.4188,0.057,0.0,0.4182,0.004,-0.0568
R_E_km0_7599_ap0_0000_s1024,13,0.4182,-0.2909,-0.0,0.4204,0.0032,-0.0717
R_E_km0_7599_ap0_0000_s1024,14,0.4204,0.945,0.0,0.4204,0.0035,-0.0377
R_E_km0_7599_ap0_0000_s1024,15,0.4204,0.9725,0.0,0.419,0.0058,-0.0352
R_E_km0_7599_ap0_0000_s31415,0,0.4187,0.0,0.0,0.4184,0.0001,-0.0336
R_E_km0_7599_ap0_0000_s31415,1,0.4184,-0.1719,-0.0,0.4172,0.0049,-0.0337
R_E_km0_7599_ap0_0000_s31415,2,0.4172,-0.886,-0.0,0.4187,0.0051,-0.051
R_E_km0_7599_ap0_0000_s31415,3,0.4187,-0.0071,-0.0,0.4186,0.0002,-0.0476
R_E_km0_7599_ap0_0000_s31415,4,0.4186,-0.0712,-0.0,0.4174,0.0048,-0.0617
R_E_km0_7599_ap0_0000_s31415,5,0.4174,-0.7761,-0.0,0.4172,0.0045,-0.0434
R_E_km0_7599_ap0_0000_s31415,6,0.4172,-0.886,-0.0,0.4181,0.0062,-0.043
R_E_km0_7599_ap0_0000_s31415,7,0.4181,-0.3824,-0.0,0.4178,0.0018,-0.0602
R_E_km0_7599_ap0_0000_s31415,8,0.4178,-0.5381,-0.0,0.4178,0.0073,-0.0441
R_E_km0_7599_ap0_0000_s31415,9,0.4178,-0.5564,-0.0,0.4164,0.0039,-0.0485
R_E_km0_7599_ap0_0000_s31415,10,0.4164,-1.3254,-0.0,0.4193,0.003,-0.0419
R_E_km0_7599_ap0_0000_s31415,11,0.4193,0.3499,0.0,0.4169,0.0063,-0.0451
R_E_km0_7599_ap0_0000_s31415,12,0.4169,-1.0416,-0.0,0.4179,0.0014,-0.0306
R_E_km0_7599_ap0_0000_s31415,13,0.4179,-0.4648,-0.0,0.4188,-0.0014,-0.0459
R_E_km0_7599_ap0_0000_s31415,14,0.4188,0.0112,0.0,0.4177,0.0042,-0.0468
R_E_km0_7599_ap0_0000_s31415,15,0.4177,-0.6113,-0.0,0.4223,0.003,-0.0563
R_E_km0_7599_am0_0524_s42,0,0.4187,0.0,-0.0,0.4221,0.0045,-0.034
R_E_km0_7599_am0_0524_s42,1,0.4221,1.9429,-0.1017,0.4066,-0.0006,-0.0584
R_E_km0_7599_am0_0524_s42,2,0.4066,-6.9282,0.3628,0.4568,0.0064,-0.0316
R_E_km0_7599_am0_0524_s42,3,0.4568,21.7631,-1.1397,0.2808,-0.0061,-0.0584
R_E_km0_7599_am0_0524_s42,4,0.2808,-78.931,4.1335,0.6241,0.004,-0.0048
R_E_km0_7599_am0_0524_s42,5,0.6241,117.5136,-6.1539,0.0204,-0.0006,-0.0061
R_E_km0_7599_am0_0524_s42,6,0.0204,-227.9168,11.9355,0.6337,-0.0007,-0.0134
R_E_km0_7599_am0_0524_s42,7,0.6337,122.979,-6.4402,0.0202,-0.0003,-0.0006
R_E_km0_7599_am0_0524_s42,8,0.0202,-228.0175,11.9408,0.6347,-0.002,-0.0028
R_E_km0_7599_am0_0524_s42,9,0.6347,123.5741,-6.4713,0.0199,-0.0021,0.0006
R_E_km0_7599_am0_0524_s42,10,0.0199,-228.2281,11.9518,0.6353,0.0042,0.0097
R_E_km0_7599_am0_0524_s42,11,0.6353,123.9036,-6.4886,0.0204,-0.0036,-0.0001
R_E_km0_7599_am0_0524_s42,12,0.0204,-227.9168,11.9355,0.6349,-0.0034,0.0101
R_E_km0_7599_am0_0524_s42,13,0.6349,123.6656,-6.4761,0.0189,-0.0041,-0.0118
R_E_km0_7599_am0_0524_s42,14,0.0189,-228.7773,11.9806,0.6341,0.0024,-0.0068
R_E_km0_7599_am0_0524_s42,15,0.6341,123.2536,-6.4545,0.0209,0.0006,0.0073
R_E_km0_7599_am0_0524_s137,0,0.4187,0.0,-0.0,0.4245,0.0057,-0.04
R_E_km0_7599_am0_0524_s137,1,0.4245,3.3253,-0.1741,0.3966,-0.0014,-0.0548
R_E_km0_7599_am0_0524_s137,2,0.3966,-12.6682,0.6634,0.4868,0.0098,-0.0371
R_E_km0_7599_am0_0524_s137,3,0.4868,38.9559,-2.04,0.1774,-0.0039,-0.0378
R_E_km0_7599_am0_0524_s137,4,0.1774,-138.0621,7.23,0.6324,0.0058,-0.0129
R_E_km0_7599_am0_0524_s137,5,0.6324,122.2283,-6.4009,0.0208,-0.0004,0.0168
R_E_km0_7599_am0_0524_s137,6,0.0208,-227.6788,11.9231,0.6333,0.0007,-0.0091
R_E_km0_7599_am0_0524_s137,7,0.6333,122.7501,-6.4282,0.0185,-0.0024,-0.0047
R_E_km0_7599_am0_0524_s137,8,0.0185,-228.9879,11.9916,0.6342,0.0008,-0.0118
R_E_km0_7599_am0_0524_s137,9,0.6342,123.2628,-6.455,0.0207,-0.004,-0.0051
R_E_km0_7599_am0_0524_s137,10,0.0207,-227.7245,11.9255,0.6337,-0.0037,0.0031
R_E_km0_7599_am0_0524_s137,11,0.6337,122.9973,-6.4411,0.0188,0.002,0.0053
R_E_km0_7599_am0_0524_s137,12,0.0188,-228.814,11.9825,0.6354,0.0004,0.002
R_E_km0_7599_am0_0524_s137,13,0.6354,123.9677,-6.4919,0.0199,-0.0039,-0.009
R_E_km0_7599_am0_0524_s137,14,0.0199,-228.2097,11.9509,0.635,0.0037,0.0112
R_E_km0_7599_am0_0524_s137,15,0.635,123.7572,-6.4809,0.0205,-0.0023,-0.0037
R_E_km0_7599_am0_0524_s256,0,0.4187,0.0,-0.0,0.4239,0.0072,-0.0438
R_E_km0_7599_am0_0524_s256,1,0.4239,2.9682,-0.1554,0.4013,0.0007,-0.0546
R_E_km0_7599_am0_0524_s256,2,0.4013,-9.9767,0.5225,0.4759,0.0088,-0.0426
R_E_km0_7599_am0_0524_s256,3,0.4759,32.6848,-1.7116,0.211,-0.0085,-0.0384
R_E_km0_7599_am0_0524_s256,4,0.211,-118.846,6.2237,0.6307,0.0037,0.0117
R_E_km0_7599_am0_0524_s256,5,0.6307,121.267,-6.3505,0.0201,-0.0009,-0.0031
R_E_km0_7599_am0_0524_s256,6,0.0201,-228.0633,11.9432,0.6336,-0.005,0.0063
R_E_km0_7599_am0_0524_s256,7,0.6336,122.9332,-6.4378,0.0212,0.0054,0.018
R_E_km0_7599_am0_0524_s256,8,0.0212,-227.4499,11.9111,0.6342,0.0011,-0.0097
R_E_km0_7599_am0_0524_s256,9,0.6342,123.2811,-6.456,0.02,0.002,-0.0124
R_E_km0_7599_am0_0524_s256,10,0.02,-228.1731,11.949,0.6332,-0.0053,-0.0085
R_E_km0_7599_am0_0524_s256,11,0.6332,122.741,-6.4277,0.0201,0.0012,0.0055
R_E_km0_7599_am0_0524_s256,12,0.0201,-228.109,11.9456,0.6348,0.0006,0.0095
R_E_km0_7599_am0_0524_s256,13,0.6348,123.6198,-6.4737,0.0207,0.0012,-0.0154
R_E_km0_7599_am0_0524_s256,14,0.0207,-227.7337,11.926,0.6339,-0.0003,0.0089
R_E_km0_7599_am0_0524_s256,15,0.6339,123.1072,-6.4469,0.0193,0.0021,-0.002
R_E_km0_7599_am0_0524_s1024,0,0.4187,0.0,-0.0,0.424,0.0024,-0.0487
R_E_km0_7599_am0_0524_s1024,1,0.424,2.9957,-0.1569,0.4014,0.0023,-0.0506
R_E_km0_7599_am0_0524_s1024,2,0.4014,-9.9309,0.5201,0.4734,0.0133,-0.0233
R_E_km0_7599_am0_0524_s1024,3,0.4734,31.3025,-1.6392,0.2184,-0.0063,-0.0413
R_E_km0_7599_am0_0524_s1024,4,0.2184,-114.6165,6.0022,0.6312,0.0032,0.0063
R_E_km0_7599_am0_0524_s1024,5,0.6312,121.56,-6.3659,0.0203,-0.0019,0.0112
R_E_km0_7599_am0_0524_s1024,6,0.0203,-227.9717,11.9384,0.6355,-0.0002,0.0216
R_E_km0_7599_am0_0524_s1024,7,0.6355,124.0135,-6.4943,0.0201,0.0,0.0008
R_E_km0_7599_am0_0524_s1024,8,0.0201,-228.0816,11.9442,0.6326,0.0033,0.0143
R_E_km0_7599_am0_0524_s1024,9,0.6326,122.3748,-6.4085,0.0197,-0.0013,0.0114
R_E_km0_7599_am0_0524_s1024,10,0.0197,-228.2921,11.9552,0.6337,0.0039,0.0032
R_E_km0_7599_am0_0524_s1024,11,0.6337,122.9882,-6.4406,0.0203,0.0015,0.0086
R_E_km0_7599_am0_0524_s1024,12,0.0203,-227.9992,11.9399,0.6337,0.0003,-0.0068
R_E_km0_7599_am0_0524_s1024,13,0.6337,123.0065,-6.4416,0.0208,0.0008,-0.0149
R_E_km0_7599_am0_0524_s1024,14,0.0208,-227.6879,11.9236,0.6363,-0.0031,-0.0077
R_E_km0_7599_am0_0524_s1024,15,0.6363,124.4621,-6.5178,0.0202,-0.0013,-0.0025
R_E_km0_7599_am0_0524_s31415,0,0.4187,0.0,-0.0,0.4184,0.0001,-0.0336
R_E_km0_7599_am0_0524_s31415,1,0.4184,-0.1719,0.009,0.4183,0.0051,-0.0351
R_E_km0_7599_am0_0524_s31415,2,0.4183,-0.2634,0.0138,0.4201,0.0053,-0.0502
R_E_km0_7599_am0_0524_s31415,3,0.4201,0.7802,-0.0409,0.414,0.0001,-0.0515
R_E_km0_7599_am0_0524_s31415,4,0.414,-2.7352,0.1432,0.434,0.0067,-0.059
R_E_km0_7599_am0_0524_s31415,5,0.434,8.7083,-0.456,0.3635,0.0007,-0.0528
R_E_km0_7599_am0_0524_s31415,6,0.3635,-31.6004,1.6549,0.56,0.014,-0.0199
R_E_km0_7599_am0_0524_s31415,7,0.56,80.821,-4.2324,0.0428,-0.0046,-0.0077
R_E_km0_7599_am0_0524_s31415,8,0.0428,-215.0817,11.2634,0.6325,0.002,-0.0035
R_E_km0_7599_am0_0524_s31415,9,0.6325,122.2924,-6.4042,0.0194,-0.0032,-0.0073
R_E_km0_7599_am0_0524_s31415,10,0.0194,-228.5027,11.9662,0.6353,-0.0011,0.004
R_E_km0_7599_am0_0524_s31415,11,0.6353,123.9128,-6.4891,0.0204,-0.0003,-0.0066
R_E_km0_7599_am0_0524_s31415,12,0.0204,-227.9351,11.9365,0.6341,-0.0023,0.0123
R_E_km0_7599_am0_0524_s31415,13,0.6341,123.2536,-6.4545,0.0192,0.0025,-0.004
R_E_km0_7599_am0_0524_s31415,14,0.0192,-228.5942,11.971,0.6338,-0.002,0.0039
R_E_km0_7599_am0_0524_s31415,15,0.6338,123.0614,-6.4445,0.0217,-0.0006,-0.0067
R_E_km0_7599_am0_1054_s42,0,0.4187,0.0,-0.0,0.4221,0.0045,-0.034
R_E_km0_7599_am0_1054_s42,1,0.4221,1.9429,-0.2047,0.3942,-0.0014,-0.0599
R_E_km0_7599_am0_1054_s42,2,0.3942,-14.0506,1.4804,0.5503,0.0136,-0.0023
R_E_km0_7599_am0_1054_s42,3,0.5503,75.2548,-7.9289,0.0152,0.0004,0.0001
R_E_km0_7599_am0_1054_s42,4,0.0152,-230.8646,24.324,0.635,0.0026,-0.0067
R_E_km0_7599_am0_1054_s42,5,0.635,123.7389,-13.0372,0.0163,0.0001,-0.0043
R_E_km0_7599_am0_1054_s42,6,0.0163,-230.2513,24.2594,0.6337,-0.0005,-0.0136
R_E_km0_7599_am0_1054_s42,7,0.6337,123.0248,-12.962,0.0169,0.0004,0.0008
R_E_km0_7599_am0_1054_s42,8,0.0169,-229.9034,24.2227,0.6347,-0.0019,-0.0033
R_E_km0_7599_am0_1054_s42,9,0.6347,123.5924,-13.0218,0.0162,-0.0005,-0.0097
R_E_km0_7599_am0_1054_s42,10,0.0162,-230.3154,24.2661,0.6353,0.0043,0.01
R_E_km0_7599_am0_1054_s42,11,0.6353,123.9403,-13.0584,0.0171,-0.0015,-0.0037
R_E_km0_7599_am0_1054_s42,12,0.0171,-229.8118,24.2131,0.6349,-0.0033,0.0095
R_E_km0_7599_am0_1054_s42,13,0.6349,123.6931,-13.0324,0.0161,-0.0014,-0.0137
R_E_km0_7599_am0_1054_s42,14,0.0161,-230.3794,24.2729,0.6342,0.0026,-0.0059
R_E_km0_7599_am0_1054_s42,15,0.6342,123.3086,-12.9919,0.0176,0.0026,0.018
R_E_km0_7599_am0_1054_s137,0,0.4187,0.0,-0.0,0.4245,0.0057,-0.04
R_E_km0_7599_am0_1054_s137,1,0.4245,3.3253,-0.3504,0.3756,-0.0048,-0.0623
R_E_km0_7599_am0_1054_s137,2,0.3756,-24.6977,2.6022,0.5985,0.01,-0.0056
R_E_km0_7599_am0_1054_s137,3,0.5985,102.875,-10.839,0.0151,-0.0003,0.008
R_E_km0_7599_am0_1054_s137,4,0.0151,-230.9562,24.3337,0.6349,0.0054,-0.0146
R_E_km0_7599_am0_1054_s137,5,0.6349,123.6839,-13.0314,0.0176,0.0013,0.0194
R_E_km0_7599_am0_1054_s137,6,0.0176,-229.5372,24.1842,0.6333,0.0007,-0.0089
R_E_km0_7599_am0_1054_s137,7,0.6333,122.7867,-12.9369,0.0154,-0.0003,0.0087
R_E_km0_7599_am0_1054_s137,8,0.0154,-230.7639,24.3134,0.6342,0.0009,-0.012
R_E_km0_7599_am0_1054_s137,9,0.6342,123.2811,-12.989,0.0176,-0.0008,0.0053
R_E_km0_7599_am0_1054_s137,10,0.0176,-229.528,24.1832,0.6338,-0.0034,0.0038
R_E_km0_7599_am0_1054_s137,11,0.6338,123.0431,-12.9639,0.0158,0.0012,0.0159
R_E_km0_7599_am0_1054_s137,12,0.0158,-230.5442,24.2903,0.6354,-0.001,0.0023
R_E_km0_7599_am0_1054_s137,13,0.6354,123.986,-13.0632,0.0167,-0.0012,-0.0062
R_E_km0_7599_am0_1054_s137,14,0.0167,-230.0499,24.2382,0.6351,0.0037,0.0112
R_E_km0_7599_am0_1054_s137,15,0.6351,123.7755,-13.041,0.0172,0.0006,0.0071
R_E_km0_7599_am0_1054_s256,0,0.4187,0.0,-0.0,0.4239,0.0072,-0.0438
R_E_km0_7599_am0_1054_s256,1,0.4239,2.9682,-0.3127,0.3827,-0.0017,-0.0514
R_E_km0_7599_am0_1054_s256,2,0.3827,-20.6421,2.1749,0.5854,0.0117,-0.0095
R_E_km0_7599_am0_1054_s256,3,0.5854,95.368,-10.048,0.0149,-0.0011,-0.0061
R_E_km0_7599_am0_1054_s256,4,0.0149,-231.0661,24.3452,0.6343,0.0044,0.0101
R_E_km0_7599_am0_1054_s256,5,0.6343,123.3177,-12.9928,0.0163,-0.0005,-0.0027
R_E_km0_7599_am0_1054_s256,6,0.0163,-230.2604,24.2604,0.6337,-0.0048,0.0059
R_E_km0_7599_am0_1054_s256,7,0.6337,122.979,-12.9571,0.0176,0.0013,0.0194
R_E_km0_7599_am0_1054_s256,8,0.0176,-229.5097,24.1813,0.6343,0.0013,-0.0101
R_E_km0_7599_am0_1054_s256,9,0.6343,123.3177,-12.9928,0.0167,-0.0015,-0.0129
R_E_km0_7599_am0_1054_s256,10,0.0167,-230.0316,24.2362,0.6333,-0.0051,-0.0082
R_E_km0_7599_am0_1054_s256,11,0.6333,122.7684,-12.9349,0.017,0.0003,0.0009
R_E_km0_7599_am0_1054_s256,12,0.017,-229.8759,24.2198,0.6349,0.0007,0.0086
R_E_km0_7599_am0_1054_s256,13,0.6349,123.6656,-13.0295,0.0177,-0.0001,-0.0215
R_E_km0_7599_am0_1054_s256,14,0.0177,-229.464,24.1764,0.6339,-0.0003,0.0089
R_E_km0_7599_am0_1054_s256,15,0.6339,123.1072,-12.9706,0.0166,0.0001,-0.0017
R_E_km0_7599_am0_1054_s1024,0,0.4187,0.0,-0.0,0.424,0.0024,-0.0487
R_E_km0_7599_am0_1054_s1024,1,0.424,2.9957,-0.3156,0.3824,0.0017,-0.0516
R_E_km0_7599_am0_1054_s1024,2,0.3824,-20.7794,2.1893,0.5844,0.015,0.0022
R_E_km0_7599_am0_1054_s1024,3,0.5844,94.7638,-9.9844,0.014,0.0025,0.0141
R_E_km0_7599_am0_1054_s1024,4,0.014,-231.5513,24.3964,0.6356,0.0026,0.0047
R_E_km0_7599_am0_1054_s1024,5,0.6356,124.1142,-13.0767,0.0159,-0.0002,0.0067
R_E_km0_7599_am0_1054_s1024,6,0.0159,-230.4801,24.2835,0.6355,-0.0001,0.0213
R_E_km0_7599_am0_1054_s1024,7,0.6355,124.0501,-13.07,0.0174,0.0013,0.0018
R_E_km0_7599_am0_1054_s1024,8,0.0174,-229.6104,24.1919,0.6327,0.0033,0.0136
R_E_km0_7599_am0_1054_s1024,9,0.6327,122.4114,-12.8973,0.0157,-0.0004,0.0049
R_E_km0_7599_am0_1054_s1024,10,0.0157,-230.59,24.2951,0.6337,0.004,0.0029
R_E_km0_7599_am0_1054_s1024,11,0.6337,123.0065,-12.96,0.0172,0.0012,0.0067
R_E_km0_7599_am0_1054_s1024,12,0.0172,-229.7478,24.2063,0.6338,0.0005,-0.0072
R_E_km0_7599_am0_1054_s1024,13,0.6338,123.0431,-12.9639,0.0172,-0.0011,0.0005
R_E_km0_7599_am0_1054_s1024,14,0.0172,-229.7294,24.2044,0.6363,-0.0043,-0.008
R_E_km0_7599_am0_1054_s1024,15,0.6363,124.4987,-13.1172,0.0167,0.0006,-0.0097
R_E_km0_7599_am0_1054_s31415,0,0.4187,0.0,-0.0,0.4184,0.0001,-0.0336
R_E_km0_7599_am0_1054_s31415,1,0.4184,-0.1719,0.0181,0.4191,0.005,-0.0351
R_E_km0_7599_am0_1054_s31415,2,0.4191,0.2035,-0.0214,0.4163,0.0044,-0.0531
R_E_km0_7599_am0_1054_s31415,3,0.4163,-1.3895,0.1464,0.4353,0.0025,-0.0488
R_E_km0_7599_am0_1054_s31415,4,0.4353,9.459,-0.9966,0.2953,-0.0052,-0.0554
R_E_km0_7599_am0_1054_s31415,5,0.2953,-70.6184,7.4404,0.6298,0.0008,-0.0022
R_E_km0_7599_am0_1054_s31415,6,0.6298,120.7635,-12.7237,0.0163,-0.0008,-0.0029
R_E_km0_7599_am0_1054_s31415,7,0.0163,-230.2787,24.2623,0.6349,-0.0006,0.0033
R_E_km0_7599_am0_1054_s31415,8,0.6349,123.6656,-13.0295,0.0166,-0.001,-0.0074
R_E_km0_7599_am0_1054_s31415,9,0.0166,-230.0865,24.242,0.6341,0.001,-0.0078
R_E_km0_7599_am0_1054_s31415,10,0.6341,123.2445,-12.9851,0.017,0.0007,0.023
R_E_km0_7599_am0_1054_s31415,11,0.017,-229.8485,24.217,0.6337,0.0027,-0.0042
R_E_km0_7599_am0_1054_s31415,12,0.6337,122.9973,-12.9591,0.0164,-0.0013,-0.0106
R_E_km0_7599_am0_1054_s31415,13,0.0164,-230.2147,24.2555,0.6348,-0.0038,-0.0129
R_E_km0_7599_am0_1054_s31415,14,0.6348,123.6381,-13.0266,0.0169,-0.0013,-0.0086
R_E_km0_7599_am0_1054_s31415,15,0.0169,-229.9217,24.2247,0.6358,-0.0037,-0.0005
R_E_km0_7599_am0_2136_s42,0,0.4187,0.0,-0.0,0.4221,0.0045,-0.034
R_E_km0_7599_am0_2136_s42,1,0.4221,1.9429,-0.415,0.3688,-0.0045,-0.0564
R_E_km0_7599_am0_2136_s42,2,0.3688,-28.5885,6.1058,0.6265,0.0027,0.0053
R_E_km0_7599_am0_2136_s42,3,0.6265,118.8593,-25.3853,0.0171,0.0005,-0.0005
R_E_km0_7599_am0_2136_s42,4,0.0171,-229.7844,49.076,0.635,0.0025,-0.0065
R_E_km0_7599_am0_2136_s42,5,0.635,123.7572,-26.4313,0.0163,0.0001,-0.0043
R_E_km0_7599_am0_2136_s42,6,0.0163,-230.2513,49.1757,0.6337,-0.0005,-0.0136
R_E_km0_7599_am0_2136_s42,7,0.6337,123.0248,-26.2749,0.0169,0.0004,0.0008
R_E_km0_7599_am0_2136_s42,8,0.0169,-229.9034,49.1014,0.6347,-0.0019,-0.0033
R_E_km0_7599_am0_2136_s42,9,0.6347,123.5924,-26.3961,0.0162,-0.0005,-0.0097
R_E_km0_7599_am0_2136_s42,10,0.0162,-230.3154,49.1894,0.6353,0.0043,0.01
R_E_km0_7599_am0_2136_s42,11,0.6353,123.9403,-26.4704,0.0171,-0.0015,-0.0037
R_E_km0_7599_am0_2136_s42,12,0.0171,-229.8118,49.0819,0.6349,-0.0033,0.0095
R_E_km0_7599_am0_2136_s42,13,0.6349,123.6931,-26.4176,0.0161,-0.0014,-0.0137
R_E_km0_7599_am0_2136_s42,14,0.0161,-230.3794,49.2031,0.6342,0.0026,-0.0059
R_E_km0_7599_am0_2136_s42,15,0.6342,123.3086,-26.3355,0.0176,0.0026,0.018
R_E_km0_7599_am0_2136_s137,0,0.4187,0.0,-0.0,0.4245,0.0057,-0.04
R_E_km0_7599_am0_2136_s137,1,0.4245,3.3253,-0.7102,0.331,-0.0065,-0.0652
R_E_km0_7599_am0_2136_s137,2,0.331,-50.1756,10.7162,0.6294,-0.0014,-0.0022
R_E_km0_7599_am0_2136_s137,3,0.6294,120.5255,-25.7411,0.0158,-0.0012,-0.0021
R_E_km0_7599_am0_2136_s137,4,0.0158,-230.5259,49.2344,0.6349,0.0054,-0.0146
R_E_km0_7599_am0_2136_s137,5,0.6349,123.6839,-26.4157,0.0176,0.0013,0.0194
R_E_km0_7599_am0_2136_s137,6,0.0176,-229.5372,49.0232,0.6333,0.0007,-0.0089
R_E_km0_7599_am0_2136_s137,7,0.6333,122.7867,-26.2241,0.0154,-0.0003,0.0087
R_E_km0_7599_am0_2136_s137,8,0.0154,-230.7639,49.2852,0.6342,0.0009,-0.012
R_E_km0_7599_am0_2136_s137,9,0.6342,123.2811,-26.3297,0.0176,-0.0008,0.0053
R_E_km0_7599_am0_2136_s137,10,0.0176,-229.528,49.0212,0.6338,-0.0034,0.0038
R_E_km0_7599_am0_2136_s137,11,0.6338,123.0431,-26.2788,0.0158,0.0012,0.0159
R_E_km0_7599_am0_2136_s137,12,0.0158,-230.5442,49.2383,0.6354,-0.001,0.0023
R_E_km0_7599_am0_2136_s137,13,0.6354,123.986,-26.4802,0.0167,-0.0012,-0.0058
R_E_km0_7599_am0_2136_s137,14,0.0167,-230.059,49.1346,0.6351,0.0037,0.0112
R_E_km0_7599_am0_2136_s137,15,0.6351,123.7755,-26.4352,0.0172,0.0006,0.0071
R_E_km0_7599_am0_2136_s256,0,0.4187,0.0,-0.0,0.4239,0.0072,-0.0438
R_E_km0_7599_am0_2136_s256,1,0.4239,2.9682,-0.6339,0.3423,-0.0048,-0.0541
R_E_km0_7599_am0_2136_s256,2,0.3423,-43.7123,9.3358,0.6295,-0.001,0.0048
R_E_km0_7599_am0_2136_s256,3,0.6295,120.5896,-25.7548,0.0159,0.0008,0.0092
R_E_km0_7599_am0_2136_s256,4,0.0159,-230.471,49.2226,0.6343,0.0044,0.0099
R_E_km0_7599_am0_2136_s256,5,0.6343,123.3269,-26.3394,0.0163,-0.0005,-0.0023
R_E_km0_7599_am0_2136_s256,6,0.0163,-230.2696,49.1796,0.6337,-0.0048,0.0059
R_E_km0_7599_am0_2136_s256,7,0.6337,122.979,-26.2651,0.0176,0.0014,0.0197
R_E_km0_7599_am0_2136_s256,8,0.0176,-229.5189,49.0193,0.6343,0.0013,-0.0101
R_E_km0_7599_am0_2136_s256,9,0.6343,123.3177,-26.3375,0.0167,-0.0015,-0.0129
R_E_km0_7599_am0_2136_s256,10,0.0167,-230.0316,49.1288,0.6333,-0.0051,-0.0082
R_E_km0_7599_am0_2136_s256,11,0.6333,122.7684,-26.2202,0.017,0.0003,0.0009
R_E_km0_7599_am0_2136_s256,12,0.017,-229.8759,49.0955,0.6349,0.0007,0.0086
R_E_km0_7599_am0_2136_s256,13,0.6349,123.6656,-26.4118,0.0177,-0.0001,-0.0215
R_E_km0_7599_am0_2136_s256,14,0.0177,-229.464,49.0076,0.6339,-0.0003,0.0089
R_E_km0_7599_am0_2136_s256,15,0.6339,123.1072,-26.2925,0.0166,0.0001,-0.0017
R_E_km0_7599_am0_2136_s1024,0,0.4187,0.0,-0.0,0.424,0.0024,-0.0487
R_E_km0_7599_am0_2136_s1024,1,0.424,2.9957,-0.6398,0.3416,-0.0012,-0.0489
R_E_km0_7599_am0_2136_s1024,2,0.3416,-44.1426,9.4277,0.6279,0.002,0.0054
R_E_km0_7599_am0_2136_s1024,3,0.6279,119.6833,-25.5612,0.0152,0.0022,0.0187
R_E_km0_7599_am0_2136_s1024,4,0.0152,-230.9013,49.3145,0.6356,0.0026,0.0047
R_E_km0_7599_am0_2136_s1024,5,0.6356,124.1142,-26.5076,0.0159,-0.0002,0.0067
R_E_km0_7599_am0_2136_s1024,6,0.0159,-230.4801,49.2246,0.6355,-0.0001,0.0213
R_E_km0_7599_am0_2136_s1024,7,0.6355,124.0501,-26.4939,0.0174,0.0013,0.0018
R_E_km0_7599_am0_2136_s1024,8,0.0174,-229.6104,49.0388,0.6327,0.0033,0.0136
R_E_km0_7599_am0_2136_s1024,9,0.6327,122.4114,-26.1439,0.0157,-0.0004,0.0049
R_E_km0_7599_am0_2136_s1024,10,0.0157,-230.59,49.2481,0.6337,0.004,0.0029
R_E_km0_7599_am0_2136_s1024,11,0.6337,123.0065,-26.271,0.0172,0.0012,0.0067
R_E_km0_7599_am0_2136_s1024,12,0.0172,-229.7478,49.0682,0.6338,0.0005,-0.0072
R_E_km0_7599_am0_2136_s1024,13,0.6338,123.0431,-26.2788,0.0172,-0.0011,0.0005
R_E_km0_7599_am0_2136_s1024,14,0.0172,-229.7294,49.0643,0.6363,-0.0043,-0.008
R_E_km0_7599_am0_2136_s1024,15,0.6363,124.4987,-26.5897,0.0167,0.0006,-0.0097
R_E_km0_7599_am0_2136_s31415,0,0.4187,0.0,-0.0,0.4184,0.0001,-0.0336
R_E_km0_7599_am0_2136_s31415,1,0.4184,-0.1719,0.0367,0.4211,0.0053,-0.0341
R_E_km0_7599_am0_2136_s31415,2,0.4211,1.3753,-0.2937,0.3844,0.0012,-0.0597
R_E_km0_7599_am0_2136_s31415,3,0.3844,-19.6351,4.1935,0.6238,0.0013,-0.0058
R_E_km0_7599_am0_2136_s31415,4,0.6238,117.3305,-25.0587,0.0159,-0.0001,0.0089
R_E_km0_7599_am0_2136_s31415,5,0.0159,-230.5168,49.2324,0.6344,0.0003,-0.0097
R_E_km0_7599_am0_2136_s31415,6,0.6344,123.4276,-26.3609,0.0163,-0.0008,-0.0028
R_E_km0_7599_am0_2136_s31415,7,0.0163,-230.2696,49.1796,0.6349,-0.0006,0.0033
R_E_km0_7599_am0_2136_s31415,8,0.6349,123.6656,-26.4118,0.0166,-0.001,-0.0074
R_E_km0_7599_am0_2136_s31415,9,0.0166,-230.0865,49.1405,0.6341,0.001,-0.0078
R_E_km0_7599_am0_2136_s31415,10,0.6341,123.2445,-26.3218,0.017,0.0007,0.023
R_E_km0_7599_am0_2136_s31415,11,0.017,-229.8485,49.0897,0.6337,0.0027,-0.0042
R_E_km0_7599_am0_2136_s31415,12,0.6337,122.9973,-26.269,0.0164,-0.0013,-0.0106
R_E_km0_7599_am0_2136_s31415,13,0.0164,-230.2147,49.1679,0.6348,-0.0038,-0.0129
R_E_km0_7599_am0_2136_s31415,14,0.6348,123.6381,-26.4059,0.0169,-0.0013,-0.0086
R_E_km0_7599_am0_2136_s31415,15,0.0169,-229.9217,49.1053,0.6358,-0.0037,-0.0005
R_E_km0_7599_am0_4418_s42,0,0.4187,0.0,-0.0,0.4221,0.0045,-0.034
R_E_km0_7599_am0_4418_s42,1,0.4221,1.9429,-0.8584,0.3141,-0.0065,-0.0625
R_E_km0_7599_am0_4418_s42,2,0.3141,-59.8523,26.4447,0.6285,0.0018,0.0039
R_E_km0_7599_am0_4418_s42,3,0.6285,120.022,-53.0296,0.0172,0.0006,0.0011
R_E_km0_7599_am0_4418_s42,4,0.0172,-229.7752,101.5222,0.635,0.0025,-0.0065
R_E_km0_7599_am0_4418_s42,5,0.635,123.7572,-54.68,0.0163,0.0001,-0.0043
R_E_km0_7599_am0_4418_s42,6,0.0163,-230.2513,101.7326,0.6337,-0.0005,-0.0136
R_E_km0_7599_am0_4418_s42,7,0.6337,123.0248,-54.3564,0.0169,0.0004,0.0008
R_E_km0_7599_am0_4418_s42,8,0.0169,-229.9034,101.5788,0.6347,-0.0019,-0.0033
R_E_km0_7599_am0_4418_s42,9,0.6347,123.5924,-54.6072,0.0162,-0.0005,-0.0097
R_E_km0_7599_am0_4418_s42,10,0.0162,-230.3154,101.7609,0.6353,0.0043,0.01
R_E_km0_7599_am0_4418_s42,11,0.6353,123.9403,-54.7609,0.0171,-0.0015,-0.0037
R_E_km0_7599_am0_4418_s42,12,0.0171,-229.8118,101.5384,0.6349,-0.0033,0.0095
R_E_km0_7599_am0_4418_s42,13,0.6349,123.6931,-54.6517,0.0161,-0.0014,-0.0137
R_E_km0_7599_am0_4418_s42,14,0.0161,-230.3794,101.7892,0.6342,0.0026,-0.0059
R_E_km0_7599_am0_4418_s42,15,0.6342,123.3086,-54.4818,0.0176,0.0026,0.018
R_E_km0_7599_am0_4418_s137,0,0.4187,0.0,-0.0,0.4245,0.0057,-0.04
R_E_km0_7599_am0_4418_s137,1,0.4245,3.3253,-1.4692,0.24,-0.0108,-0.058
R_E_km0_7599_am0_4418_s137,2,0.24,-102.2483,45.1767,0.6307,-0.0009,0.0001
R_E_km0_7599_am0_4418_s137,3,0.6307,121.2854,-53.5878,0.0158,-0.0012,-0.0021
R_E_km0_7599_am0_4418_s137,4,0.0158,-230.5259,101.8539,0.6349,0.0054,-0.0146
R_E_km0_7599_am0_4418_s137,5,0.6349,123.6839,-54.6476,0.0176,0.0013,0.0194
R_E_km0_7599_am0_4418_s137,6,0.0176,-229.5372,101.4171,0.6333,0.0007,-0.0089
R_E_km0_7599_am0_4418_s137,7,0.6333,122.7867,-54.2512,0.0154,-0.0003,0.0087
R_E_km0_7599_am0_4418_s137,8,0.0154,-230.7639,101.9591,0.6342,0.0009,-0.012
R_E_km0_7599_am0_4418_s137,9,0.6342,123.2811,-54.4696,0.0176,-0.0008,0.0053
R_E_km0_7599_am0_4418_s137,10,0.0176,-229.528,101.413,0.6338,-0.0034,0.0038
R_E_km0_7599_am0_4418_s137,11,0.6338,123.0431,-54.3645,0.0158,0.0012,0.0159
R_E_km0_7599_am0_4418_s137,12,0.0158,-230.5442,101.862,0.6354,-0.001,0.0023
R_E_km0_7599_am0_4418_s137,13,0.6354,123.986,-54.7811,0.0167,-0.0012,-0.0058
R_E_km0_7599_am0_4418_s137,14,0.0167,-230.059,101.6476,0.6351,0.0037,0.0112
R_E_km0_7599_am0_4418_s137,15,0.6351,123.7755,-54.6881,0.0172,0.0006,0.0071
R_E_km0_7599_am0_4418_s256,0,0.4187,0.0,-0.0,0.4239,0.0072,-0.0438
R_E_km0_7599_am0_4418_s256,1,0.4239,2.9682,-1.3115,0.2587,-0.0077,-0.0591
R_E_km0_7599_am0_4418_s256,2,0.2587,-91.5921,40.4684,0.631,-0.0012,0.003
R_E_km0_7599_am0_4418_s256,3,0.631,121.4685,-53.6687,0.0159,0.0008,0.0092
R_E_km0_7599_am0_4418_s256,4,0.0159,-230.471,101.8296,0.6343,0.0044,0.0099
R_E_km0_7599_am0_4418_s256,5,0.6343,123.3269,-54.4899,0.0163,-0.0005,-0.0023
R_E_km0_7599_am0_4418_s256,6,0.0163,-230.2696,101.7406,0.6337,-0.0048,0.0059
R_E_km0_7599_am0_4418_s256,7,0.6337,122.979,-54.3362,0.0176,0.0014,0.0197
R_E_km0_7599_am0_4418_s256,8,0.0176,-229.5189,101.409,0.6343,0.0013,-0.0101
R_E_km0_7599_am0_4418_s256,9,0.6343,123.3177,-54.4858,0.0167,-0.0015,-0.0129
R_E_km0_7599_am0_4418_s256,10,0.0167,-230.0316,101.6355,0.6333,-0.0051,-0.0082
R_E_km0_7599_am0_4418_s256,11,0.6333,122.7684,-54.2431,0.017,0.0003,0.0009
R_E_km0_7599_am0_4418_s256,12,0.017,-229.8759,101.5667,0.6349,0.0007,0.0086
R_E_km0_7599_am0_4418_s256,13,0.6349,123.6656,-54.6395,0.0177,-0.0001,-0.0215
R_E_km0_7599_am0_4418_s256,14,0.0177,-229.464,101.3847,0.6339,-0.0003,0.0089
R_E_km0_7599_am0_4418_s256,15,0.6339,123.1072,-54.3928,0.0166,0.0001,-0.0017
R_E_km0_7599_am0_4418_s1024,0,0.4187,0.0,-0.0,0.424,0.0024,-0.0487
R_E_km0_7599_am0_4418_s1024,1,0.424,2.9957,-1.3236,0.2569,-0.006,-0.0447
R_E_km0_7599_am0_4418_s1024,2,0.2569,-92.59,40.9093,0.6292,0.0027,0.0067
R_E_km0_7599_am0_4418_s1024,3,0.6292,120.4248,-53.2076,0.0152,0.0022,0.0187
R_E_km0_7599_am0_4418_s1024,4,0.0152,-230.9013,102.0197,0.6356,0.0026,0.0047
R_E_km0_7599_am0_4418_s1024,5,0.6356,124.1142,-54.8377,0.0159,-0.0002,0.0067
R_E_km0_7599_am0_4418_s1024,6,0.0159,-230.4801,101.8337,0.6355,-0.0001,0.0213
R_E_km0_7599_am0_4418_s1024,7,0.6355,124.0501,-54.8094,0.0174,0.0013,0.0018
R_E_km0_7599_am0_4418_s1024,8,0.0174,-229.6104,101.4494,0.6327,0.0033,0.0136
R_E_km0_7599_am0_4418_s1024,9,0.6327,122.4114,-54.0854,0.0157,-0.0004,0.0049
R_E_km0_7599_am0_4418_s1024,10,0.0157,-230.59,101.8822,0.6337,0.004,0.0029
R_E_km0_7599_am0_4418_s1024,11,0.6337,123.0065,-54.3483,0.0172,0.0012,0.0067
R_E_km0_7599_am0_4418_s1024,12,0.0172,-229.7478,101.5101,0.6338,0.0005,-0.0072
R_E_km0_7599_am0_4418_s1024,13,0.6338,123.0431,-54.3645,0.0172,-0.0011,0.0005
R_E_km0_7599_am0_4418_s1024,14,0.0172,-229.7294,101.502,0.6363,-0.0043,-0.008
R_E_km0_7599_am0_4418_s1024,15,0.6363,124.4987,-55.0076,0.0167,0.0006,-0.0097
R_E_km0_7599_am0_4418_s31415,0,0.4187,0.0,-0.0,0.4184,0.0001,-0.0336
R_E_km0_7599_am0_4418_s31415,1,0.4184,-0.1719,0.0759,0.4257,0.0057,-0.0323
R_E_km0_7599_am0_4418_s31415,2,0.4257,3.9936,-1.7645,0.2061,-0.0098,-0.0486
R_E_km0_7599_am0_4418_s31415,3,0.2061,-121.6749,53.76,0.6323,-0.0016,-0.0038
R_E_km0_7599_am0_4418_s31415,4,0.6323,122.1734,-53.9802,0.0158,-0.0001,0.0085
R_E_km0_7599_am0_4418_s31415,5,0.0158,-230.5259,101.8539,0.6344,0.0003,-0.0097
R_E_km0_7599_am0_4418_s31415,6,0.6344,123.4276,-54.5344,0.0163,-0.0008,-0.0028
R_E_km0_7599_am0_4418_s31415,7,0.0163,-230.2696,101.7406,0.6349,-0.0006,0.0033
R_E_km0_7599_am0_4418_s31415,8,0.6349,123.6656,-54.6395,0.0166,-0.001,-0.0074
R_E_km0_7599_am0_4418_s31415,9,0.0166,-230.0865,101.6597,0.6341,0.001,-0.0078
R_E_km0_7599_am0_4418_s31415,10,0.6341,123.2445,-54.4535,0.017,0.0007,0.023
R_E_km0_7599_am0_4418_s31415,11,0.017,-229.8485,101.5546,0.6337,0.0027,-0.0042
R_E_km0_7599_am0_4418_s31415,12,0.6337,122.9973,-54.3442,0.0164,-0.0013,-0.0106
R_E_km0_7599_am0_4418_s31415,13,0.0164,-230.2147,101.7164,0.6348,-0.0038,-0.0129
R_E_km0_7599_am0_4418_s31415,14,0.6348,123.6381,-54.6274,0.0169,-0.0013,-0.0086
R_E_km0_7599_am0_4418_s31415,15,0.0169,-229.9217,101.5869,0.6358,-0.0037,-0.0005
